ISO-10303-21;
HEADER;
FILE_DESCRIPTION (( 'STEP AP203' ),
    '1' );
FILE_NAME ('base1.STEP',
    '2026-08-12T09:42:38',
    ( '' ),
    ( '' ),
    'SwSTEP 2.0',
    'SolidWorks 2025',
    '' );
FILE_SCHEMA (( 'CONFIG_CONTROL_DESIGN' ));
ENDSEC;

DATA;
#1 = DIRECTION ( 'NONE',  ( -0.000000000000000000, -0.000000000000000000, 1.000000000000000000 ) ) ;
#2 = EDGE_CURVE ( 'NONE', #5821, #4866, #432, .T. ) ;
#3 = DIRECTION ( 'NONE',  ( -1.000000000000000000, 0.000000000000000000, 0.000000000000000000 ) ) ;
#4 = CIRCLE ( 'NONE', #3008, 0.001000000000000000021 ) ;
#5 = ORIENTED_EDGE ( 'NONE', *, *, #3829, .T. ) ;
#6 = VERTEX_POINT ( 'NONE', #4300 ) ;
#7 = ORIENTED_EDGE ( 'NONE', *, *, #4714, .T. ) ;
#8 = VECTOR ( 'NONE', #3402, 1.000000000000000000 ) ;
#9 = ADVANCED_FACE ( 'NONE', ( #6448 ), #958, .T. ) ;
#10 = CARTESIAN_POINT ( 'NONE',  ( 0.02475000000000000117, 0.1020000000000000073, 0.009000000000000001055 ) ) ;
#11 = AXIS2_PLACEMENT_3D ( 'NONE', #2585, #983, #389 ) ;
#12 = ORIENTED_EDGE ( 'NONE', *, *, #2136, .T. ) ;
#13 = CARTESIAN_POINT ( 'NONE',  ( -0.04200000000000000261, 0.03996257807826605196, -0.06495034905577767859 ) ) ;
#14 = CARTESIAN_POINT ( 'NONE',  ( 0.000000000000000000, -0.04303742192173399400, 0.000000000000000000 ) ) ;
#15 = EDGE_LOOP ( 'NONE', ( #1253, #6881, #2610, #4496 ) ) ;
#16 = LINE ( 'NONE', #2744, #3952 ) ;
#17 = VECTOR ( 'NONE', #5598, 1.000000000000000000 ) ;
#18 = ORIENTED_EDGE ( 'NONE', *, *, #5781, .T. ) ;
#19 = LINE ( 'NONE', #3192, #934 ) ;
#20 = PERSON_AND_ORGANIZATION_ROLE ( 'design_supplier' ) ;
#21 = PLANE ( 'NONE',  #200 ) ;
#22 = CARTESIAN_POINT ( 'NONE',  ( 0.04999999999999999584, 0.04796257807826604519, 0.007000000000000000146 ) ) ;
#23 = EDGE_LOOP ( 'NONE', ( #4257, #1362, #4835, #5450 ) ) ;
#24 = DIRECTION ( 'NONE',  ( 1.000000000000000000, -0.000000000000000000, -0.000000000000000000 ) ) ;
#25 = EDGE_CURVE ( 'NONE', #5548, #6322, #1091, .T. ) ;
#26 = CARTESIAN_POINT ( 'NONE',  ( -0.01399999999999999856, 0.1099999999999999867, -0.02199999999999999872 ) ) ;
#27 = ORIENTED_EDGE ( 'NONE', *, *, #881, .T. ) ;
#28 = EDGE_CURVE ( 'NONE', #4413, #4416, #6344, .T. ) ;
#29 = AXIS2_PLACEMENT_3D ( 'NONE', #5201, #3135, #6851 ) ;
#30 = CARTESIAN_POINT ( 'NONE',  ( -0.01000000000000000021, -0.09999999999999999167, -0.01500000000000000291 ) ) ;
#31 = ORIENTED_EDGE ( 'NONE', *, *, #89, .F. ) ;
#32 = AXIS2_PLACEMENT_3D ( 'NONE', #3038, #6296, #4671 ) ;
#33 = DIRECTION ( 'NONE',  ( -0.000000000000000000, -0.000000000000000000, -1.000000000000000000 ) ) ;
#34 = ADVANCED_FACE ( 'NONE', ( #4758 ), #3448, .T. ) ;
#35 = DIRECTION ( 'NONE',  ( 1.000000000000000000, 0.000000000000000000, 0.000000000000000000 ) ) ;
#36 = DIRECTION ( 'NONE',  ( 0.000000000000000000, 0.000000000000000000, -1.000000000000000000 ) ) ;
#37 = AXIS2_PLACEMENT_3D ( 'NONE', #6424, #1633, #1702 ) ;
#38 = EDGE_LOOP ( 'NONE', ( #3622, #945, #5995, #3806, #581 ) ) ;
#39 = EDGE_CURVE ( 'NONE', #4666, #4150, #211, .T. ) ;
#40 = CYLINDRICAL_SURFACE ( 'NONE', #223, 0.001000000000000000888 ) ;
#41 = VERTEX_POINT ( 'NONE', #1361 ) ;
#42 = DIRECTION ( 'NONE',  ( 0.000000000000000000, 1.000000000000000000, 0.000000000000000000 ) ) ;
#43 = CARTESIAN_POINT ( 'NONE',  ( -0.005000000000000000104, 0.09349999999999999978, 0.007000000000000000146 ) ) ;
#44 = EDGE_LOOP ( 'NONE', ( #4003, #286, #1041, #4832 ) ) ;
#45 = ORIENTED_EDGE ( 'NONE', *, *, #3866, .T. ) ;
#46 = ORIENTED_EDGE ( 'NONE', *, *, #2820, .T. ) ;
#47 = EDGE_CURVE ( 'NONE', #2710, #654, #4494, .T. ) ;
#48 = EDGE_CURVE ( 'NONE', #524, #6113, #5029, .T. ) ;
#49 = CARTESIAN_POINT ( 'NONE',  ( 0.04200000000000000261, 0.03996257807826604502, -0.05895034905577770101 ) ) ;
#50 = VECTOR ( 'NONE', #4408, 1.000000000000000000 ) ;
#51 = EDGE_LOOP ( 'NONE', ( #3140, #3988, #515, #547 ) ) ;
#52 = CARTESIAN_POINT ( 'NONE',  ( 0.02899999999999999453, 0.01104832204050208884, 0.000000000000000000 ) ) ;
#53 = DIRECTION ( 'NONE',  ( 1.000000000000000000, 0.000000000000000000, 0.000000000000000000 ) ) ;
#54 = EDGE_LOOP ( 'NONE', ( #4867, #1563, #1783, #3499 ) ) ;
#55 = AXIS2_PLACEMENT_3D ( 'NONE', #2628, #5925, #6443 ) ;
#56 = DIRECTION ( 'NONE',  ( -1.000000000000000000, -0.000000000000000000, -2.312964634635742957E-16 ) ) ;
#57 = ORIENTED_EDGE ( 'NONE', *, *, #850, .F. ) ;
#58 = EDGE_CURVE ( 'NONE', #5383, #6760, #2342, .T. ) ;
#59 = DIRECTION ( 'NONE',  ( -0.000000000000000000, 1.000000000000000000, -0.000000000000000000 ) ) ;
#60 = COORDINATED_UNIVERSAL_TIME_OFFSET ( 3, 0, .AHEAD. ) ;
#61 = DIRECTION ( 'NONE',  ( -0.000000000000000000, -0.000000000000000000, -1.000000000000000000 ) ) ;
#62 = CIRCLE ( 'NONE', #6312, 0.001000000000000000888 ) ;
#63 = ORIENTED_EDGE ( 'NONE', *, *, #648, .F. ) ;
#64 = CARTESIAN_POINT ( 'NONE',  ( 0.01000000000000000021, -0.09999999999999999167, -0.01370000000000000558 ) ) ;
#65 = LINE ( 'NONE', #3786, #6048 ) ;
#66 = VECTOR ( 'NONE', #185, 1.000000000000000000 ) ;
#67 = EDGE_LOOP ( 'NONE', ( #1651, #130, #3770, #3930 ) ) ;
#68 = DIRECTION ( 'NONE',  ( -0.000000000000000000, 0.000000000000000000, 1.000000000000000000 ) ) ;
#69 = EDGE_LOOP ( 'NONE', ( #1217, #4135 ) ) ;
#70 = VECTOR ( 'NONE', #2452, 1.000000000000000000 ) ;
#71 = FACE_OUTER_BOUND ( 'NONE', #6856, .T. ) ;
#72 = DIRECTION ( 'NONE',  ( 0.000000000000000000, 0.000000000000000000, -1.000000000000000000 ) ) ;
#73 = DIRECTION ( 'NONE',  ( 0.000000000000000000, 0.000000000000000000, -1.000000000000000000 ) ) ;
#74 = ORIENTED_EDGE ( 'NONE', *, *, #3887, .T. ) ;
#75 = VECTOR ( 'NONE', #3440, 1.000000000000000000 ) ;
#76 = LINE ( 'NONE', #142, #446 ) ;
#77 = EDGE_CURVE ( 'NONE', #2779, #809, #5600, .T. ) ;
#78 = ORIENTED_EDGE ( 'NONE', *, *, #1487, .T. ) ;
#79 = FACE_OUTER_BOUND ( 'NONE', #5887, .T. ) ;
#80 = DIRECTION ( 'NONE',  ( -0.000000000000000000, 1.000000000000000000, 0.000000000000000000 ) ) ;
#81 = EDGE_CURVE ( 'NONE', #3211, #4769, #2872, .T. ) ;
#82 = VERTEX_POINT ( 'NONE', #6162 ) ;
#83 = ORIENTED_EDGE ( 'NONE', *, *, #2868, .T. ) ;
#84 = VERTEX_POINT ( 'NONE', #1920 ) ;
#85 = CYLINDRICAL_SURFACE ( 'NONE', #885, 0.002000000000000000042 ) ;
#86 = ORIENTED_EDGE ( 'NONE', *, *, #6380, .T. ) ;
#87 = DIRECTION ( 'NONE',  ( -8.673617379884034239E-17, 0.000000000000000000, 1.000000000000000000 ) ) ;
#88 = DIRECTION ( 'NONE',  ( 0.000000000000000000, 0.000000000000000000, -1.000000000000000000 ) ) ;
#89 = EDGE_CURVE ( 'NONE', #1661, #5715, #3481, .T. ) ;
#90 = EDGE_CURVE ( 'NONE', #4775, #2393, #859, .T. ) ;
#91 = DIRECTION ( 'NONE',  ( -1.000000000000000000, 0.000000000000000000, -0.000000000000000000 ) ) ;
#92 = DIRECTION ( 'NONE',  ( 0.000000000000000000, -1.000000000000000000, 0.000000000000000000 ) ) ;
#93 = ORIENTED_EDGE ( 'NONE', *, *, #2660, .F. ) ;
#94 = CIRCLE ( 'NONE', #4762, 0.001000000000000000888 ) ;
#95 = AXIS2_PLACEMENT_3D ( 'NONE', #5080, #2939, #6690 ) ;
#96 = CARTESIAN_POINT ( 'NONE',  ( 0.02475000000000000117, 0.1020000000000000073, 0.007000000000000000146 ) ) ;
#97 = DIRECTION ( 'NONE',  ( 0.000000000000000000, 1.000000000000000000, -0.000000000000000000 ) ) ;
#98 = ADVANCED_FACE ( 'NONE', ( #1854 ), #2441, .F. ) ;
#99 = ORIENTED_EDGE ( 'NONE', *, *, #3887, .F. ) ;
#100 = FACE_OUTER_BOUND ( 'NONE', #6308, .T. ) ;
#101 = DIRECTION ( 'NONE',  ( 0.000000000000000000, 1.000000000000000000, 0.000000000000000000 ) ) ;
#102 = VERTEX_POINT ( 'NONE', #4564 ) ;
#103 = ADVANCED_FACE ( 'NONE', ( #734 ), #5063, .F. ) ;
#104 = CARTESIAN_POINT ( 'NONE',  ( -0.01093049852854471177, 0.1062714305715212193, -0.02099999999999999784 ) ) ;
#105 = ORIENTED_EDGE ( 'NONE', *, *, #261, .F. ) ;
#106 = DIRECTION ( 'NONE',  ( 0.000000000000000000, 0.000000000000000000, 1.000000000000000000 ) ) ;
#107 = CARTESIAN_POINT ( 'NONE',  ( -0.06000000000000000472, 0.003500000000000003109, -0.02000000000000001082 ) ) ;
#108 = CARTESIAN_POINT ( 'NONE',  ( 0.000000000000000000, -0.09799999999999998990, 0.000000000000000000 ) ) ;
#109 = VERTEX_POINT ( 'NONE', #3969 ) ;
#110 = CARTESIAN_POINT ( 'NONE',  ( -0.04200000000000000261, -0.04298864926096757771, -0.06095034905577770279 ) ) ;
#111 = AXIS2_PLACEMENT_3D ( 'NONE', #6803, #5225, #2532 ) ;
#112 = ORIENTED_EDGE ( 'NONE', *, *, #3524, .T. ) ;
#113 = CARTESIAN_POINT ( 'NONE',  ( 0.04999999999999999584, 0.09200000000000001232, 0.000000000000000000 ) ) ;
#114 = CARTESIAN_POINT ( 'NONE',  ( -0.01600000000000000033, 0.1059999999999999831, -0.001000000000000000021 ) ) ;
#115 = ORIENTED_EDGE ( 'NONE', *, *, #3816, .T. ) ;
#116 = ORIENTED_EDGE ( 'NONE', *, *, #560, .T. ) ;
#117 = AXIS2_PLACEMENT_3D ( 'NONE', #6656, #1993, #5107 ) ;
#118 = CARTESIAN_POINT ( 'NONE',  ( 0.000000000000000000, 0.04796257807826604519, 0.000000000000000000 ) ) ;
#119 = ADVANCED_FACE ( 'NONE', ( #1135 ), #6096, .F. ) ;
#120 = ORIENTED_EDGE ( 'NONE', *, *, #5908, .F. ) ;
#121 = FACE_OUTER_BOUND ( 'NONE', #899, .T. ) ;
#122 = CARTESIAN_POINT ( 'NONE',  ( -0.007499999999999999722, -0.1049999999999999961, -0.01000000000000000194 ) ) ;
#123 = VECTOR ( 'NONE', #1681, 1.000000000000000000 ) ;
#124 = VECTOR ( 'NONE', #6118, 1.000000000000000000 ) ;
#125 = CARTESIAN_POINT ( 'NONE',  ( -0.01050000000000000239, 0.000000000000000000, 0.007000000000000000146 ) ) ;
#126 = ADVANCED_FACE ( 'NONE', ( #5564 ), #273, .F. ) ;
#127 = EDGE_CURVE ( 'NONE', #2692, #2028, #6679, .T. ) ;
#128 = DIRECTION ( 'NONE',  ( -1.000000000000000000, -0.000000000000000000, -0.000000000000000000 ) ) ;
#129 = CARTESIAN_POINT ( 'NONE',  ( 0.05000000000000000278, 0.006000000000000005329, -0.01630000000000000546 ) ) ;
#130 = ORIENTED_EDGE ( 'NONE', *, *, #1309, .F. ) ;
#131 = LINE ( 'NONE', #160, #6848 ) ;
#132 = FACE_OUTER_BOUND ( 'NONE', #2666, .T. ) ;
#133 = ORIENTED_EDGE ( 'NONE', *, *, #2298, .T. ) ;
#134 = EDGE_CURVE ( 'NONE', #3253, #359, #2862, .T. ) ;
#135 = CARTESIAN_POINT ( 'NONE',  ( 0.003499999999999928082, 0.04549999999999997102, 0.007000000000000000146 ) ) ;
#136 = ORIENTED_EDGE ( 'NONE', *, *, #2234, .F. ) ;
#137 = DIRECTION ( 'NONE',  ( -0.000000000000000000, -0.000000000000000000, -1.000000000000000000 ) ) ;
#138 = SPHERICAL_SURFACE ( 'NONE', #1009, 0.001000000000000000021 ) ;
#139 = CARTESIAN_POINT ( 'NONE',  ( 0.02475000000000000117, 0.1110000000000000014, 0.007000000000000000146 ) ) ;
#140 = CARTESIAN_POINT ( 'NONE',  ( 0.05000000000000000278, 0.03996257807826604502, 0.007000000000000000146 ) ) ;
#141 = VERTEX_POINT ( 'NONE', #3811 ) ;
#142 = CARTESIAN_POINT ( 'NONE',  ( 0.05699999999999999512, 0.03996257807826604502, 0.007000000000000000146 ) ) ;
#143 = EDGE_LOOP ( 'NONE', ( #4830, #198, #4295, #5221, #1680, #4149 ) ) ;
#144 = CARTESIAN_POINT ( 'NONE',  ( 0.02999999999999998848, 0.02299999999999999961, 0.007000000000000000146 ) ) ;
#145 = VECTOR ( 'NONE', #2508, 1.000000000000000000 ) ;
#146 = CARTESIAN_POINT ( 'NONE',  ( -0.009930498528544712614, 0.1062714305715212193, -0.02599999999999999881 ) ) ;
#147 = ORIENTED_EDGE ( 'NONE', *, *, #5033, .T. ) ;
#148 = VERTEX_POINT ( 'NONE', #5965 ) ;
#149 = DIRECTION ( 'NONE',  ( 1.000000000000000000, 0.000000000000000000, 0.000000000000000000 ) ) ;
#150 = VERTEX_POINT ( 'NONE', #2895 ) ;
#151 = CARTESIAN_POINT ( 'NONE',  ( 0.03099999999999999631, 0.01104832204050208884, 0.007000000000000000146 ) ) ;
#152 = CARTESIAN_POINT ( 'NONE',  ( 0.03300000000000016809, 5.724587470723507785E-17, 0.000000000000000000 ) ) ;
#153 = CARTESIAN_POINT ( 'NONE',  ( 0.004999999999999994900, 0.09349999999999999978, 0.000000000000000000 ) ) ;
#154 = AXIS2_PLACEMENT_3D ( 'NONE', #6689, #2322, #224 ) ;
#155 = DIRECTION ( 'NONE',  ( -1.000000000000000000, 0.000000000000000000, 0.000000000000000000 ) ) ;
#156 = CARTESIAN_POINT ( 'NONE',  ( -0.01650000000000000772, 0.1050464722445880461, -0.02309572598541108704 ) ) ;
#157 = EDGE_CURVE ( 'NONE', #5642, #3874, #4996, .T. ) ;
#158 = CC_DESIGN_APPROVAL ( #1924, ( #2612 ) ) ;
#159 = EDGE_LOOP ( 'NONE', ( #3656, #3859, #5, #3188 ) ) ;
#160 = CARTESIAN_POINT ( 'NONE',  ( 0.01499999999999999944, 0.1039999999999999813, -0.001000000000000000888 ) ) ;
#161 = ADVANCED_FACE ( 'NONE', ( #1011 ), #869, .F. ) ;
#162 = CARTESIAN_POINT ( 'NONE',  ( 0.04200000000000000261, 0.04796257807826604519, -0.06095034905577770279 ) ) ;
#163 = ORIENTED_EDGE ( 'NONE', *, *, #332, .T. ) ;
#164 = DIRECTION ( 'NONE',  ( 1.000000000000000000, 0.000000000000000000, 0.000000000000000000 ) ) ;
#165 = ORIENTED_EDGE ( 'NONE', *, *, #5324, .T. ) ;
#166 = FACE_OUTER_BOUND ( 'NONE', #3056, .T. ) ;
#167 = DIRECTION ( 'NONE',  ( -0.000000000000000000, -1.000000000000000000, -0.000000000000000000 ) ) ;
#168 = CARTESIAN_POINT ( 'NONE',  ( 0.01000000000000000021, -0.09499999999999998723, -0.01370000000000000558 ) ) ;
#169 = EDGE_CURVE ( 'NONE', #3495, #1469, #3613, .T. ) ;
#170 = DIRECTION ( 'NONE',  ( -0.000000000000000000, 0.000000000000000000, -1.000000000000000000 ) ) ;
#171 = EDGE_CURVE ( 'NONE', #4114, #4092, #349, .T. ) ;
#172 = ORIENTED_EDGE ( 'NONE', *, *, #990, .T. ) ;
#173 = AXIS2_PLACEMENT_3D ( 'NONE', #3914, #4504, #3364 ) ;
#174 = CARTESIAN_POINT ( 'NONE',  ( -0.008309900245939860763, 0.1149999999999999911, -0.009194146154766909620 ) ) ;
#175 = ORIENTED_EDGE ( 'NONE', *, *, #4414, .F. ) ;
#176 = DIRECTION ( 'NONE',  ( 1.000000000000000000, 0.000000000000000000, 0.000000000000000000 ) ) ;
#177 = VECTOR ( 'NONE', #1379, 1.000000000000000000 ) ;
#178 = DIRECTION ( 'NONE',  ( 0.000000000000000000, 0.000000000000000000, 1.000000000000000000 ) ) ;
#179 = ADVANCED_FACE ( 'NONE', ( #6328 ), #2997, .F. ) ;
#180 = ORIENTED_EDGE ( 'NONE', *, *, #6821, .F. ) ;
#181 = ORIENTED_EDGE ( 'NONE', *, *, #1113, .F. ) ;
#182 = DIRECTION ( 'NONE',  ( 1.000000000000000000, 0.000000000000000000, 0.000000000000000000 ) ) ;
#183 = EDGE_CURVE ( 'NONE', #4599, #1441, #3136, .T. ) ;
#184 = ORIENTED_EDGE ( 'NONE', *, *, #838, .F. ) ;
#185 = DIRECTION ( 'NONE',  ( -0.000000000000000000, 1.000000000000000000, -0.000000000000000000 ) ) ;
#186 = DIRECTION ( 'NONE',  ( 0.000000000000000000, 0.000000000000000000, 1.000000000000000000 ) ) ;
#187 = LINE ( 'NONE', #4013, #3068 ) ;
#188 = DIRECTION ( 'NONE',  ( -0.000000000000000000, 0.000000000000000000, 1.000000000000000000 ) ) ;
#189 = CARTESIAN_POINT ( 'NONE',  ( -0.06000000000000000472, 0.004296149561436859651, -0.009065587432989727357 ) ) ;
#190 = VECTOR ( 'NONE', #3751, 1.000000000000000000 ) ;
#191 = ORIENTED_EDGE ( 'NONE', *, *, #3986, .T. ) ;
#192 = DIRECTION ( 'NONE',  ( 0.000000000000000000, 0.000000000000000000, 1.000000000000000000 ) ) ;
#193 = CARTESIAN_POINT ( 'NONE',  ( -0.007499999999999997988, 0.1149999999999999911, -0.02000000000000000042 ) ) ;
#194 = AXIS2_PLACEMENT_3D ( 'NONE', #2200, #5946, #5232 ) ;
#195 = AXIS2_PLACEMENT_3D ( 'NONE', #764, #4875, #1264 ) ;
#196 = ORIENTED_EDGE ( 'NONE', *, *, #2254, .F. ) ;
#197 = FACE_BOUND ( 'NONE', #6887, .T. ) ;
#198 = ORIENTED_EDGE ( 'NONE', *, *, #4840, .T. ) ;
#199 = EDGE_CURVE ( 'NONE', #3167, #2329, #433, .T. ) ;
#200 = AXIS2_PLACEMENT_3D ( 'NONE', #5834, #5298, #2715 ) ;
#201 = CARTESIAN_POINT ( 'NONE',  ( 0.05700000000000000205, 0.006000000000000005329, -0.01630000000000000546 ) ) ;
#202 = PERSON ( 'UNSPECIFIED', 'UNSPECIFIED', 'UNSPECIFIED', ('UNSPECIFIED'), ('UNSPECIFIED'), ('UNSPECIFIED') ) ;
#203 = CARTESIAN_POINT ( 'NONE',  ( -0.008309900245939860763, 0.1149999999999999911, -0.02070664331622527193 ) ) ;
#204 = DIRECTION ( 'NONE',  ( 0.000000000000000000, -1.000000000000000000, 0.000000000000000000 ) ) ;
#205 = CYLINDRICAL_SURFACE ( 'NONE', #1857, 0.001000000000000000888 ) ;
#206 = ORIENTED_EDGE ( 'NONE', *, *, #2029, .T. ) ;
#207 = CARTESIAN_POINT ( 'NONE',  ( -0.005000000000000066024, 0.04549999999999999878, 0.007000000000000000146 ) ) ;
#208 = EDGE_CURVE ( 'NONE', #757, #2803, #451, .T. ) ;
#209 = LINE ( 'NONE', #4992, #358 ) ;
#210 = LINE ( 'NONE', #2440, #3359 ) ;
#211 = LINE ( 'NONE', #5404, #2650 ) ;
#212 = EDGE_LOOP ( 'NONE', ( #2153, #3111, #2459, #5798, #955, #2913, #506, #5397, #5337, #3146, #3339, #133, #2434 ) ) ;
#213 = ORIENTED_EDGE ( 'NONE', *, *, #630, .T. ) ;
#214 = AXIS2_PLACEMENT_3D ( 'NONE', #4277, #68, #164 ) ;
#215 = DIRECTION ( 'NONE',  ( 0.000000000000000000, -1.000000000000000000, -0.000000000000000000 ) ) ;
#216 = VERTEX_POINT ( 'NONE', #2509 ) ;
#217 = ADVANCED_FACE ( 'NONE', ( #1499 ), #3101, .F. ) ;
#218 = DIRECTION ( 'NONE',  ( 0.000000000000000000, 1.000000000000000000, -0.000000000000000000 ) ) ;
#219 = DIRECTION ( 'NONE',  ( -0.000000000000000000, 0.000000000000000000, 1.000000000000000000 ) ) ;
#220 = VECTOR ( 'NONE', #6514, 1.000000000000000000 ) ;
#221 = DIRECTION ( 'NONE',  ( -0.000000000000000000, 1.000000000000000000, -0.000000000000000000 ) ) ;
#222 = ADVANCED_FACE ( 'NONE', ( #4035 ), #5808, .T. ) ;
#223 = AXIS2_PLACEMENT_3D ( 'NONE', #2060, #4744, #6893 ) ;
#224 = DIRECTION ( 'NONE',  ( 0.000000000000000000, 0.000000000000000000, -1.000000000000000000 ) ) ;
#225 = CARTESIAN_POINT ( 'NONE',  ( 0.02000000000000000042, 0.000000000000000000, 0.000000000000000000 ) ) ;
#226 = EDGE_LOOP ( 'NONE', ( #2830, #1669 ) ) ;
#227 = CYLINDRICAL_SURFACE ( 'NONE', #2518, 0.001000000000000000238 ) ;
#228 = CARTESIAN_POINT ( 'NONE',  ( 0.06000000000000000472, 0.006000000000000005329, -0.01500000000000000638 ) ) ;
#229 = ORIENTED_EDGE ( 'NONE', *, *, #981, .T. ) ;
#230 = CYLINDRICAL_SURFACE ( 'NONE', #6802, 0.002000000000000000042 ) ;
#231 = CIRCLE ( 'NONE', #5710, 0.0009999999999999991535 ) ;
#232 = PLANE ( 'NONE',  #2535 ) ;
#233 = FACE_OUTER_BOUND ( 'NONE', #3536, .T. ) ;
#234 = DIRECTION ( 'NONE',  ( -1.000000000000000000, 0.000000000000000000, 0.000000000000000000 ) ) ;
#235 = DIRECTION ( 'NONE',  ( 1.000000000000000000, 0.000000000000000000, -0.000000000000000000 ) ) ;
#236 = ORIENTED_EDGE ( 'NONE', *, *, #6917, .T. ) ;
#237 = AXIS2_PLACEMENT_3D ( 'NONE', #4396, #1163, #5395 ) ;
#238 = CYLINDRICAL_SURFACE ( 'NONE', #3124, 0.001500000000000000899 ) ;
#239 = FACE_BOUND ( 'NONE', #518, .T. ) ;
#240 = ADVANCED_FACE ( 'NONE', ( #6195 ), #3548, .F. ) ;
#241 = DIRECTION ( 'NONE',  ( 0.000000000000000000, 0.000000000000000000, 1.000000000000000000 ) ) ;
#242 = CARTESIAN_POINT ( 'NONE',  ( 0.02299999999999999614, -0.03500000000000001721, -0.008999999999999999320 ) ) ;
#243 = EDGE_LOOP ( 'NONE', ( #323, #3360 ) ) ;
#244 = ORIENTED_EDGE ( 'NONE', *, *, #169, .F. ) ;
#245 = EDGE_CURVE ( 'NONE', #2523, #3826, #3060, .T. ) ;
#246 = CARTESIAN_POINT ( 'NONE',  ( -0.05700000000000000899, -0.04303742192173399400, 0.007000000000000000146 ) ) ;
#247 = EDGE_LOOP ( 'NONE', ( #1544, #3951 ) ) ;
#248 = VECTOR ( 'NONE', #1845, 1.000000000000000000 ) ;
#249 = CARTESIAN_POINT ( 'NONE',  ( 0.01563900294291058549, 0.1089999999999999858, -0.02299999999999999961 ) ) ;
#250 = CARTESIAN_POINT ( 'NONE',  ( 0.01499999999999999944, 0.1049999999999999822, -0.02299999999999999961 ) ) ;
#251 = AXIS2_PLACEMENT_3D ( 'NONE', #6820, #3625, #2696 ) ;
#252 = CARTESIAN_POINT ( 'NONE',  ( 0.01536994392277366700, 0.1045428611430424537, -0.02299999999999999961 ) ) ;
#253 = DIRECTION ( 'NONE',  ( 1.000000000000000000, 0.000000000000000000, 0.000000000000000000 ) ) ;
#254 = ADVANCED_FACE ( 'NONE', ( #4664 ), #5703, .F. ) ;
#255 = ADVANCED_FACE ( 'NONE', ( #3030 ), #2058, .F. ) ;
#256 = DIRECTION ( 'NONE',  ( -1.000000000000000000, 0.000000000000000000, -0.000000000000000000 ) ) ;
#257 = CARTESIAN_POINT ( 'NONE',  ( -0.01550000000000000856, 0.1046771243444677008, -0.02299999999999999961 ) ) ;
#258 = ORIENTED_EDGE ( 'NONE', *, *, #298, .T. ) ;
#259 = CARTESIAN_POINT ( 'NONE',  ( 0.04999999999999999584, 0.000000000000000000, 0.007000000000000000146 ) ) ;
#260 = FACE_OUTER_BOUND ( 'NONE', #2160, .T. ) ;
#261 = EDGE_CURVE ( 'NONE', #3791, #1990, #62, .T. ) ;
#262 = ORIENTED_EDGE ( 'NONE', *, *, #5713, .T. ) ;
#263 = FACE_BOUND ( 'NONE', #4428, .T. ) ;
#264 = AXIS2_PLACEMENT_3D ( 'NONE', #1277, #6590, #6627 ) ;
#265 = DIRECTION ( 'NONE',  ( 0.000000000000000000, -0.000000000000000000, -1.000000000000000000 ) ) ;
#266 = CARTESIAN_POINT ( 'NONE',  ( 0.05700000000000000205, 0.006000000000000005329, -0.01370000000000000731 ) ) ;
#267 = CARTESIAN_POINT ( 'NONE',  ( -0.02899999999999999453, 0.01804832204050209679, -0.003000000000000000062 ) ) ;
#268 = CIRCLE ( 'NONE', #2175, 0.001000000000000000888 ) ;
#269 = ORIENTED_EDGE ( 'NONE', *, *, #3689, .T. ) ;
#270 = FACE_OUTER_BOUND ( 'NONE', #4363, .T. ) ;
#271 = DIRECTION ( 'NONE',  ( -1.000000000000000000, 0.000000000000000000, -0.000000000000000000 ) ) ;
#272 = DIRECTION ( 'NONE',  ( 0.000000000000000000, 1.000000000000000000, 0.000000000000000000 ) ) ;
#273 = PLANE ( 'NONE',  #4083 ) ;
#274 = VECTOR ( 'NONE', #6400, 1.000000000000000000 ) ;
#275 = CIRCLE ( 'NONE', #2746, 0.001000000000000000888 ) ;
#276 = ORIENTED_EDGE ( 'NONE', *, *, #3947, .T. ) ;
#277 = VERTEX_POINT ( 'NONE', #5775 ) ;
#278 = EDGE_CURVE ( 'NONE', #2550, #1051, #5135, .T. ) ;
#279 = DIRECTION ( 'NONE',  ( -0.000000000000000000, -0.000000000000000000, -1.000000000000000000 ) ) ;
#280 = VERTEX_POINT ( 'NONE', #6778 ) ;
#281 = CARTESIAN_POINT ( 'NONE',  ( -0.006500000000000000569, 0.09349999999999999978, 0.007000000000000000146 ) ) ;
#282 = VECTOR ( 'NONE', #4839, 1.000000000000000000 ) ;
#283 = EDGE_CURVE ( 'NONE', #735, #6716, #1467, .T. ) ;
#284 = FACE_BOUND ( 'NONE', #3906, .T. ) ;
#285 = FACE_BOUND ( 'NONE', #1120, .T. ) ;
#286 = ORIENTED_EDGE ( 'NONE', *, *, #6622, .T. ) ;
#287 = CARTESIAN_POINT ( 'NONE',  ( 0.01663900294291058637, 0.1052359509223781270, -0.02399092361656633351 ) ) ;
#288 = AXIS2_PLACEMENT_3D ( 'NONE', #338, #4590, #6739 ) ;
#289 = CARTESIAN_POINT ( 'NONE',  ( 0.008376574485834620276, -0.1049999999999999961, -0.009294206067218903355 ) ) ;
#290 = DIRECTION ( 'NONE',  ( 1.000000000000000000, 0.000000000000000000, 0.000000000000000000 ) ) ;
#291 = EDGE_CURVE ( 'NONE', #6300, #4008, #5843, .T. ) ;
#292 = EDGE_CURVE ( 'NONE', #6725, #4181, #5310, .T. ) ;
#293 = ORIENTED_EDGE ( 'NONE', *, *, #2096, .T. ) ;
#294 = FACE_OUTER_BOUND ( 'NONE', #5389, .T. ) ;
#295 = CARTESIAN_POINT ( 'NONE',  ( -0.02000000000000000042, 0.03799999999999999212, 0.007000000000000000146 ) ) ;
#296 = EDGE_LOOP ( 'NONE', ( #5479, #4708, #1606, #6008 ) ) ;
#297 = FACE_OUTER_BOUND ( 'NONE', #4603, .T. ) ;
#298 = EDGE_CURVE ( 'NONE', #5694, #2329, #4779, .T. ) ;
#299 = DIRECTION ( 'NONE',  ( -0.000000000000000000, -0.000000000000000000, 1.000000000000000000 ) ) ;
#300 = VERTEX_POINT ( 'NONE', #5914 ) ;
#301 = CARTESIAN_POINT ( 'NONE',  ( -0.05000000000000000278, -0.04298864926096757771, -0.06695034905577768036 ) ) ;
#302 = CARTESIAN_POINT ( 'NONE',  ( 0.01536994392277366700, 0.1035428611430424528, -0.02400000000000000050 ) ) ;
#303 = ORIENTED_EDGE ( 'NONE', *, *, #5873, .F. ) ;
#304 = EDGE_CURVE ( 'NONE', #280, #3253, #2739, .T. ) ;
#305 = AXIS2_PLACEMENT_3D ( 'NONE', #1081, #1116, #3239 ) ;
#306 = CARTESIAN_POINT ( 'NONE',  ( 0.01399999999999999856, 0.1089999999999999858, -0.001000000000000000888 ) ) ;
#307 = VECTOR ( 'NONE', #290, 1.000000000000000000 ) ;
#308 = LINE ( 'NONE', #2438, #4643 ) ;
#309 = DIRECTION ( 'NONE',  ( -1.000000000000000000, 0.000000000000000000, 0.000000000000000000 ) ) ;
#310 = CARTESIAN_POINT ( 'NONE',  ( -0.06000000000000000472, -0.01242252077633198074, -0.009065587432989727357 ) ) ;
#311 = ORIENTED_EDGE ( 'NONE', *, *, #4825, .T. ) ;
#312 = ORIENTED_EDGE ( 'NONE', *, *, #5249, .F. ) ;
#313 = LINE ( 'NONE', #4569, #5017 ) ;
#314 = ORIENTED_EDGE ( 'NONE', *, *, #6659, .F. ) ;
#315 = DIRECTION ( 'NONE',  ( -1.000000000000000000, 0.000000000000000000, 0.000000000000000000 ) ) ;
#316 = LINE ( 'NONE', #3456, #4685 ) ;
#317 = CARTESIAN_POINT ( 'NONE',  ( -0.03099999999999999631, 0.02299999999999999961, 0.000000000000000000 ) ) ;
#318 = AXIS2_PLACEMENT_3D ( 'NONE', #2725, #5420, #4356 ) ;
#319 = ORIENTED_EDGE ( 'NONE', *, *, #3018, .F. ) ;
#320 = LINE ( 'NONE', #1930, #70 ) ;
#321 = CIRCLE ( 'NONE', #3664, 0.001000000000000000888 ) ;
#322 = EDGE_CURVE ( 'NONE', #4644, #2779, #4442, .T. ) ;
#323 = ORIENTED_EDGE ( 'NONE', *, *, #3274, .F. ) ;
#324 = CARTESIAN_POINT ( 'NONE',  ( -0.02475000000000000117, 0.1110000000000000014, 0.000000000000000000 ) ) ;
#325 = CARTESIAN_POINT ( 'NONE',  ( -0.01650000000000000772, 0.1199999999999999956, 6.062001655779398819E-18 ) ) ;
#326 = VECTOR ( 'NONE', #5961, 1.000000000000000000 ) ;
#327 = ORIENTED_EDGE ( 'NONE', *, *, #3729, .T. ) ;
#328 = DIRECTION ( 'NONE',  ( -0.000000000000000000, 0.000000000000000000, 1.000000000000000000 ) ) ;
#329 = CARTESIAN_POINT ( 'NONE',  ( -0.01000000000000000194, 0.1049999999999999822, -0.01499999999999999944 ) ) ;
#330 = VERTEX_POINT ( 'NONE', #2132 ) ;
#331 = TOROIDAL_SURFACE ( 'NONE', #4229, 0.004000000000000000083, 0.002000000000000000042 ) ;
#332 = EDGE_CURVE ( 'NONE', #4539, #3510, #4925, .T. ) ;
#333 = DIRECTION ( 'NONE',  ( -0.000000000000000000, -0.000000000000000000, -1.000000000000000000 ) ) ;
#334 = CARTESIAN_POINT ( 'NONE',  ( -0.02999999999999999542, -0.02299999999999997186, 0.007000000000000000146 ) ) ;
#335 = VECTOR ( 'NONE', #445, 1.000000000000000000 ) ;
#336 = ORIENTED_EDGE ( 'NONE', *, *, #4541, .F. ) ;
#337 = CARTESIAN_POINT ( 'NONE',  ( -0.02999999999999999542, 0.01804832204050209679, 0.007000000000000000146 ) ) ;
#338 = CARTESIAN_POINT ( 'NONE',  ( 0.01006950147145528780, 0.1062714305715211499, -0.02099999999999999784 ) ) ;
#339 = AXIS2_PLACEMENT_3D ( 'NONE', #3338, #689, #719 ) ;
#340 = ORIENTED_EDGE ( 'NONE', *, *, #3802, .F. ) ;
#341 = EDGE_CURVE ( 'NONE', #1687, #5705, #4249, .T. ) ;
#342 = EDGE_CURVE ( 'NONE', #2329, #6715, #559, .T. ) ;
#343 = VECTOR ( 'NONE', #4255, 1.000000000000000000 ) ;
#344 = CARTESIAN_POINT ( 'NONE',  ( 0.01499999999999999251, -0.09917157287525379949, -0.02417157287525380921 ) ) ;
#345 = DIRECTION ( 'NONE',  ( -1.000000000000000000, -0.000000000000000000, -0.000000000000000000 ) ) ;
#346 = EDGE_CURVE ( 'NONE', #6423, #4291, #6468, .T. ) ;
#347 = DIRECTION ( 'NONE',  ( -1.000000000000000000, 0.000000000000000000, 0.000000000000000000 ) ) ;
#348 = VECTOR ( 'NONE', #2341, 1.000000000000000000 ) ;
#349 = LINE ( 'NONE', #1951, #2064 ) ;
#350 = ORIENTED_EDGE ( 'NONE', *, *, #6457, .F. ) ;
#351 = EDGE_LOOP ( 'NONE', ( #1157, #4322, #402, #3910 ) ) ;
#352 = DIRECTION ( 'NONE',  ( -1.000000000000000000, -0.000000000000000000, -0.000000000000000000 ) ) ;
#353 = ORIENTED_EDGE ( 'NONE', *, *, #4825, .F. ) ;
#354 = CARTESIAN_POINT ( 'NONE',  ( 0.000000000000000000, 0.000000000000000000, 0.000000000000000000 ) ) ;
#355 = CARTESIAN_POINT ( 'NONE',  ( 0.01499999999999999251, -0.09699999999999998901, -0.02299999999999999961 ) ) ;
#356 = CARTESIAN_POINT ( 'NONE',  ( 0.000000000000000000, -0.09999999999999999167, 0.007000000000000000146 ) ) ;
#357 = ORIENTED_EDGE ( 'NONE', *, *, #2505, .F. ) ;
#358 = VECTOR ( 'NONE', #2923, 1.000000000000000000 ) ;
#359 = VERTEX_POINT ( 'NONE', #1191 ) ;
#360 = CARTESIAN_POINT ( 'NONE',  ( 0.01499999999999999251, -0.09799999999999998990, -0.02299999999999999961 ) ) ;
#361 = DIRECTION ( 'NONE',  ( 0.000000000000000000, 0.000000000000000000, -1.000000000000000000 ) ) ;
#362 = CIRCLE ( 'NONE', #29, 0.004000000000000000083 ) ;
#363 = VERTEX_POINT ( 'NONE', #4281 ) ;
#364 = CARTESIAN_POINT ( 'NONE',  ( 0.004999999999999928980, 0.04549999999999997102, 0.000000000000000000 ) ) ;
#365 = CARTESIAN_POINT ( 'NONE',  ( 0.05000000000000000278, -0.04303742192173399400, -0.07299999999999999545 ) ) ;
#366 = EDGE_LOOP ( 'NONE', ( #3979, #916, #1769, #6027 ) ) ;
#367 = EDGE_CURVE ( 'NONE', #5557, #6617, #1220, .T. ) ;
#368 = CARTESIAN_POINT ( 'NONE',  ( 0.01499999999999999944, 0.1059999999999999831, -0.001000000000000000888 ) ) ;
#369 = CARTESIAN_POINT ( 'NONE',  ( 0.04999999999999999584, 0.000000000000000000, 0.007000000000000000146 ) ) ;
#370 = EDGE_CURVE ( 'NONE', #933, #3507, #1775, .T. ) ;
#371 = EDGE_LOOP ( 'NONE', ( #3673, #340, #6631, #5282 ) ) ;
#372 = DIRECTION ( 'NONE',  ( -0.000000000000000000, -0.000000000000000000, -1.000000000000000000 ) ) ;
#373 = DIRECTION ( 'NONE',  ( -1.000000000000000000, 0.000000000000000000, 0.000000000000000000 ) ) ;
#374 = VERTEX_POINT ( 'NONE', #3312 ) ;
#375 = VECTOR ( 'NONE', #502, 1.000000000000000000 ) ;
#376 = DIRECTION ( 'NONE',  ( 1.000000000000000000, 0.000000000000000000, 0.000000000000000000 ) ) ;
#377 = CARTESIAN_POINT ( 'NONE',  ( -0.05000000000000000971, 0.04796257807826604519, -0.07299999999999999545 ) ) ;
#378 = EDGE_CURVE ( 'NONE', #4150, #672, #3207, .T. ) ;
#379 = EDGE_CURVE ( 'NONE', #4722, #2106, #2760, .T. ) ;
#380 = AXIS2_PLACEMENT_3D ( 'NONE', #466, #4117, #6269 ) ;
#381 = CARTESIAN_POINT ( 'NONE',  ( -0.01650000000000000772, 0.1099999999999999867, 6.062001655779398819E-18 ) ) ;
#382 = DIRECTION ( 'NONE',  ( -0.000000000000000000, -0.000000000000000000, -1.000000000000000000 ) ) ;
#383 = ORIENTED_EDGE ( 'NONE', *, *, #3840, .F. ) ;
#384 = ORIENTED_EDGE ( 'NONE', *, *, #6735, .F. ) ;
#385 = CARTESIAN_POINT ( 'NONE',  ( -0.01575000000000000011, 0.1057732769770681619, -0.02296824583655185381 ) ) ;
#386 = APPROVAL ( #4196, 'UNSPECIFIED' ) ;
#387 = ORIENTED_EDGE ( 'NONE', *, *, #4709, .T. ) ;
#388 = CARTESIAN_POINT ( 'NONE',  ( -0.009930498528544712614, 0.1062714305715212193, -0.02099999999999999784 ) ) ;
#389 = DIRECTION ( 'NONE',  ( 0.000000000000000000, 0.000000000000000000, -1.000000000000000000 ) ) ;
#390 = EDGE_CURVE ( 'NONE', #3147, #3290, #4211, .T. ) ;
#391 = FACE_OUTER_BOUND ( 'NONE', #1434, .T. ) ;
#392 = VECTOR ( 'NONE', #5037, 1.000000000000000000 ) ;
#393 = ORIENTED_EDGE ( 'NONE', *, *, #2147, .F. ) ;
#394 = ADVANCED_FACE ( 'NONE', ( #5348 ), #4820, .F. ) ;
#395 = VECTOR ( 'NONE', #4540, 1.000000000000000000 ) ;
#396 = VERTEX_POINT ( 'NONE', #2202 ) ;
#397 = DIRECTION ( 'NONE',  ( -0.000000000000000000, -1.000000000000000000, 0.000000000000000000 ) ) ;
#398 = FACE_OUTER_BOUND ( 'NONE', #567, .T. ) ;
#399 = ORIENTED_EDGE ( 'NONE', *, *, #4669, .F. ) ;
#400 = LINE ( 'NONE', #1518, #1402 ) ;
#401 = LINE ( 'NONE', #925, #2458 ) ;
#402 = ORIENTED_EDGE ( 'NONE', *, *, #6502, .F. ) ;
#403 = CARTESIAN_POINT ( 'NONE',  ( 0.01000000000000000021, -0.09499999999999998723, -0.01500000000000000638 ) ) ;
#404 = FACE_OUTER_BOUND ( 'NONE', #6719, .T. ) ;
#405 = VERTEX_POINT ( 'NONE', #2653 ) ;
#406 = LINE ( 'NONE', #2537, #1482 ) ;
#407 = DIRECTION ( 'NONE',  ( 0.000000000000000000, 0.000000000000000000, 1.000000000000000000 ) ) ;
#408 = ORIENTED_EDGE ( 'NONE', *, *, #2991, .T. ) ;
#409 = EDGE_CURVE ( 'NONE', #6065, #6383, #4318, .T. ) ;
#410 = FACE_OUTER_BOUND ( 'NONE', #1609, .T. ) ;
#411 = DIRECTION ( 'NONE',  ( 1.000000000000000000, 0.000000000000000000, 0.000000000000000000 ) ) ;
#412 = DIRECTION ( 'NONE',  ( -0.000000000000000000, -1.000000000000000000, -0.000000000000000000 ) ) ;
#413 = DIRECTION ( 'NONE',  ( 0.000000000000000000, -1.000000000000000000, 0.000000000000000000 ) ) ;
#414 = ORIENTED_EDGE ( 'NONE', *, *, #291, .F. ) ;
#415 = ORIENTED_EDGE ( 'NONE', *, *, #931, .F. ) ;
#416 = AXIS2_PLACEMENT_3D ( 'NONE', #1497, #1390, #2542 ) ;
#417 = EDGE_CURVE ( 'NONE', #6, #1266, #6504, .T. ) ;
#418 = FACE_OUTER_BOUND ( 'NONE', #637, .T. ) ;
#419 = ORIENTED_EDGE ( 'NONE', *, *, #1100, .T. ) ;
#420 = CARTESIAN_POINT ( 'NONE',  ( -0.02000000000000000042, 0.03799999999999999212, 0.000000000000000000 ) ) ;
#421 = CARTESIAN_POINT ( 'NONE',  ( -0.05000000000000000971, 0.000000000000000000, 0.007000000000000000146 ) ) ;
#422 = VECTOR ( 'NONE', #6769, 1.000000000000000000 ) ;
#423 = DIRECTION ( 'NONE',  ( 0.000000000000000000, 0.000000000000000000, 1.000000000000000000 ) ) ;
#424 = VERTEX_POINT ( 'NONE', #6362 ) ;
#425 = ORIENTED_EDGE ( 'NONE', *, *, #3816, .F. ) ;
#426 = ORIENTED_EDGE ( 'NONE', *, *, #5543, .T. ) ;
#427 = ADVANCED_FACE ( 'NONE', ( #1571 ), #3687, .F. ) ;
#428 = EDGE_CURVE ( 'NONE', #5950, #2431, #3333, .T. ) ;
#429 = ORIENTED_EDGE ( 'NONE', *, *, #1584, .T. ) ;
#430 = CARTESIAN_POINT ( 'NONE',  ( -0.03300000000000000849, 0.09199999999999999845, 0.000000000000000000 ) ) ;
#431 = LINE ( 'NONE', #1480, #6565 ) ;
#432 = CIRCLE ( 'NONE', #1886, 0.001299999999999999073 ) ;
#433 = LINE ( 'NONE', #487, #6648 ) ;
#434 = CARTESIAN_POINT ( 'NONE',  ( 0.06000000000000000472, 0.004296149561436859651, -0.02101765814254362430 ) ) ;
#435 = CARTESIAN_POINT ( 'NONE',  ( -0.02575000000000000205, 0.1110000000000000014, 0.007000000000000000146 ) ) ;
#436 = ORIENTED_EDGE ( 'NONE', *, *, #891, .T. ) ;
#437 = AXIS2_PLACEMENT_3D ( 'NONE', #1557, #1523, #5296 ) ;
#438 = LINE ( 'NONE', #2046, #5287 ) ;
#439 = CARTESIAN_POINT ( 'NONE',  ( -0.06000000000000000472, -0.01149999999999999634, -0.01000000000000000888 ) ) ;
#440 = VERTEX_POINT ( 'NONE', #824 ) ;
#441 = PLANE ( 'NONE',  #1817 ) ;
#442 = CIRCLE ( 'NONE', #3340, 0.002000000000000000042 ) ;
#443 = CARTESIAN_POINT ( 'NONE',  ( 0.01422910882181477321, 0.1035428611430424667, -0.02392491604476049485 ) ) ;
#444 = EDGE_LOOP ( 'NONE', ( #2051, #5516, #3123, #63 ) ) ;
#445 = DIRECTION ( 'NONE',  ( -0.000000000000000000, 1.000000000000000000, -0.000000000000000000 ) ) ;
#446 = VECTOR ( 'NONE', #730, 1.000000000000000000 ) ;
#447 = CARTESIAN_POINT ( 'NONE',  ( -0.01650000000000000772, 0.1099999999999999867, 0.006999999999999995809 ) ) ;
#448 = VECTOR ( 'NONE', #4651, 1.000000000000000000 ) ;
#449 = MANIFOLD_SOLID_BREP ( 'Shell2', #5574 ) ;
#450 = DIRECTION ( 'NONE',  ( 0.000000000000000000, 0.000000000000000000, 1.000000000000000000 ) ) ;
#451 = LINE ( 'NONE', #2616, #948 ) ;
#452 = VERTEX_POINT ( 'NONE', #3962 ) ;
#453 = CARTESIAN_POINT ( 'NONE',  ( 0.01499770896020519682, 0.1044208857960373105, -0.02299044389058439719 ) ) ;
#454 = ADVANCED_FACE ( 'NONE', ( #2366 ), #4523, .T. ) ;
#455 = ORIENTED_EDGE ( 'NONE', *, *, #3789, .F. ) ;
#456 = CARTESIAN_POINT ( 'NONE',  ( 0.01399999999999999856, 0.1049999999999999822, -0.001000000000000000888 ) ) ;
#457 = VECTOR ( 'NONE', #527, 1.000000000000000000 ) ;
#458 = DIRECTION ( 'NONE',  ( 0.000000000000000000, 0.000000000000000000, -1.000000000000000000 ) ) ;
#459 = FACE_OUTER_BOUND ( 'NONE', #4512, .T. ) ;
#460 = ADVANCED_FACE ( 'NONE', ( #6535 ), #4955, .F. ) ;
#461 = ORIENTED_EDGE ( 'NONE', *, *, #298, .F. ) ;
#462 = ORIENTED_EDGE ( 'NONE', *, *, #3221, .F. ) ;
#463 = EDGE_LOOP ( 'NONE', ( #5500, #27, #6562, #4761 ) ) ;
#464 = CARTESIAN_POINT ( 'NONE',  ( 0.01663900294291058984, 0.1035428611430424667, -0.02341421356237309570 ) ) ;
#465 = ORIENTED_EDGE ( 'NONE', *, *, #4290, .T. ) ;
#466 = CARTESIAN_POINT ( 'NONE',  ( -0.01300000000000000461, -0.09699999999999998901, -0.02500000000000000139 ) ) ;
#467 = CARTESIAN_POINT ( 'NONE',  ( 0.05000000000000000971, 0.09200000000000001232, 0.007000000000000000146 ) ) ;
#468 = EDGE_CURVE ( 'NONE', #2764, #6505, #4455, .T. ) ;
#469 = EDGE_CURVE ( 'NONE', #1891, #5368, #1744, .T. ) ;
#470 = CARTESIAN_POINT ( 'NONE',  ( -0.01000000000000000021, -0.09999999999999999167, -0.01500000000000000291 ) ) ;
#471 = DIRECTION ( 'NONE',  ( 2.312964634635742957E-16, 0.000000000000000000, 1.000000000000000000 ) ) ;
#472 = DIRECTION ( 'NONE',  ( 1.000000000000000000, 0.000000000000000000, 0.000000000000000000 ) ) ;
#473 = VERTEX_POINT ( 'NONE', #6055 ) ;
#474 = DIRECTION ( 'NONE',  ( 0.000000000000000000, 0.000000000000000000, -1.000000000000000000 ) ) ;
#475 = CIRCLE ( 'NONE', #4476, 0.001000000000000000888 ) ;
#476 = CARTESIAN_POINT ( 'NONE',  ( 0.01663900294291058637, 0.1055797386213027378, -0.02312286861825580200 ) ) ;
#477 = VECTOR ( 'NONE', #3658, 1.000000000000000000 ) ;
#478 = EDGE_CURVE ( 'NONE', #1656, #4181, #6001, .T. ) ;
#479 = ORIENTED_EDGE ( 'NONE', *, *, #1955, .F. ) ;
#480 = CARTESIAN_POINT ( 'NONE',  ( 0.01663900294291058637, 0.1089999999999999858, -0.02599999999999999881 ) ) ;
#481 = DIRECTION ( 'NONE',  ( -0.000000000000000000, 1.000000000000000000, -0.000000000000000000 ) ) ;
#482 = VERTEX_POINT ( 'NONE', #1881 ) ;
#483 = AXIS2_PLACEMENT_3D ( 'NONE', #930, #1977, #3129 ) ;
#484 = LINE ( 'NONE', #3580, #4801 ) ;
#485 = PLANE ( 'NONE',  #4424 ) ;
#486 = DIRECTION ( 'NONE',  ( 1.000000000000000000, 0.000000000000000000, 0.000000000000000000 ) ) ;
#487 = CARTESIAN_POINT ( 'NONE',  ( 0.06000000000000000472, -0.01242252077633198074, -0.009065587432989727357 ) ) ;
#488 = AXIS2_PLACEMENT_3D ( 'NONE', #289, #256, #188 ) ;
#489 = ORIENTED_EDGE ( 'NONE', *, *, #4208, .F. ) ;
#490 = DIRECTION ( 'NONE',  ( 0.000000000000000000, 0.000000000000000000, 1.000000000000000000 ) ) ;
#491 = ORIENTED_EDGE ( 'NONE', *, *, #3330, .T. ) ;
#492 = PLANE ( 'NONE',  #3476 ) ;
#493 = LINE ( 'NONE', #4217, #6492 ) ;
#494 = LINE ( 'NONE', #6897, #3354 ) ;
#495 = VERTEX_POINT ( 'NONE', #5492 ) ;
#496 = EDGE_CURVE ( 'NONE', #668, #4165, #1521, .T. ) ;
#497 = ORIENTED_EDGE ( 'NONE', *, *, #1349, .F. ) ;
#498 = ORIENTED_EDGE ( 'NONE', *, *, #4290, .F. ) ;
#499 = CARTESIAN_POINT ( 'NONE',  ( 0.01650000000000000772, 0.1089999999999999858, 0.001000000000000000021 ) ) ;
#500 = EDGE_CURVE ( 'NONE', #1705, #3808, #3472, .T. ) ;
#501 = ORIENTED_EDGE ( 'NONE', *, *, #5543, .F. ) ;
#502 = DIRECTION ( 'NONE',  ( -0.000000000000000000, -0.000000000000000000, 1.000000000000000000 ) ) ;
#503 = FACE_BOUND ( 'NONE', #6873, .T. ) ;
#504 = EDGE_LOOP ( 'NONE', ( #3727, #1149, #2004, #4193 ) ) ;
#505 = DIRECTION ( 'NONE',  ( -1.000000000000000000, 0.000000000000000000, 0.000000000000000000 ) ) ;
#506 = ORIENTED_EDGE ( 'NONE', *, *, #6913, .T. ) ;
#507 = VECTOR ( 'NONE', #6551, 1.000000000000000000 ) ;
#508 = AXIS2_PLACEMENT_3D ( 'NONE', #14, #6416, #6382 ) ;
#509 = EDGE_CURVE ( 'NONE', #5975, #3172, #2887, .T. ) ;
#510 = ADVANCED_FACE ( 'NONE', ( #2301 ), #5625, .F. ) ;
#511 = FACE_OUTER_BOUND ( 'NONE', #6816, .T. ) ;
#512 = DIRECTION ( 'NONE',  ( 0.000000000000000000, 0.000000000000000000, 1.000000000000000000 ) ) ;
#513 = AXIS2_PLACEMENT_3D ( 'NONE', #2391, #780, #2911 ) ;
#514 = DIRECTION ( 'NONE',  ( -1.000000000000000000, 0.000000000000000000, 0.000000000000000000 ) ) ;
#515 = ORIENTED_EDGE ( 'NONE', *, *, #6913, .F. ) ;
#516 = DIRECTION ( 'NONE',  ( 0.000000000000000000, -0.000000000000000000, -1.000000000000000000 ) ) ;
#517 = FACE_OUTER_BOUND ( 'NONE', #3238, .T. ) ;
#518 = EDGE_LOOP ( 'NONE', ( #6614, #2555 ) ) ;
#519 = DIRECTION ( 'NONE',  ( 1.000000000000000000, 0.000000000000000000, 0.000000000000000000 ) ) ;
#520 = DIRECTION ( 'NONE',  ( 0.000000000000000000, 0.000000000000000000, 1.000000000000000000 ) ) ;
#521 = CARTESIAN_POINT ( 'NONE',  ( 0.05700000000000000205, -0.01242252077633198074, -0.009065587432989727357 ) ) ;
#522 = EDGE_LOOP ( 'NONE', ( #3696, #1451, #5003, #4495 ) ) ;
#523 = DIRECTION ( 'NONE',  ( -0.000000000000000000, 1.000000000000000000, -0.000000000000000000 ) ) ;
#524 = VERTEX_POINT ( 'NONE', #5554 ) ;
#525 = CARTESIAN_POINT ( 'NONE',  ( 0.05000000000000000278, 0.03996257807826604502, 0.007000000000000000146 ) ) ;
#526 = AXIS2_PLACEMENT_3D ( 'NONE', #2754, #2718, #4731 ) ;
#527 = DIRECTION ( 'NONE',  ( -0.000000000000000000, 1.000000000000000000, -0.000000000000000000 ) ) ;
#528 = CIRCLE ( 'NONE', #651, 0.001000000000000000888 ) ;
#529 = ORIENTED_EDGE ( 'NONE', *, *, #1875, .F. ) ;
#530 = ORIENTED_EDGE ( 'NONE', *, *, #2307, .F. ) ;
#531 = VERTEX_POINT ( 'NONE', #3929 ) ;
#532 = CARTESIAN_POINT ( 'NONE',  ( 0.009999999999999998473, 0.1129999999999999755, -0.01369999999999999690 ) ) ;
#533 = CIRCLE ( 'NONE', #6618, 0.001000000000000000888 ) ;
#534 = ORIENTED_EDGE ( 'NONE', *, *, #721, .F. ) ;
#535 = FACE_BOUND ( 'NONE', #3373, .T. ) ;
#536 = CARTESIAN_POINT ( 'NONE',  ( -0.008930498528544713460, 0.1062714305715212193, -0.02599999999999999881 ) ) ;
#537 = EDGE_CURVE ( 'NONE', #5950, #148, #4421, .T. ) ;
#538 = VECTOR ( 'NONE', #2355, 1.000000000000000000 ) ;
#539 = ORIENTED_EDGE ( 'NONE', *, *, #5989, .T. ) ;
#540 = DIRECTION ( 'NONE',  ( 0.000000000000000000, -0.000000000000000000, -1.000000000000000000 ) ) ;
#541 = ADVANCED_FACE ( 'NONE', ( #697 ), #205, .F. ) ;
#542 = ORIENTED_EDGE ( 'NONE', *, *, #342, .T. ) ;
#543 = DIRECTION ( 'NONE',  ( -1.000000000000000000, 0.000000000000000000, 0.000000000000000000 ) ) ;
#544 = PERSON_AND_ORGANIZATION ( #202, #6746 ) ;
#545 = DIRECTION ( 'NONE',  ( -0.000000000000000000, -0.000000000000000000, 1.000000000000000000 ) ) ;
#546 = DIRECTION ( 'NONE',  ( -1.000000000000000000, 0.000000000000000000, -0.000000000000000000 ) ) ;
#547 = ORIENTED_EDGE ( 'NONE', *, *, #2558, .T. ) ;
#548 = FACE_OUTER_BOUND ( 'NONE', #1173, .T. ) ;
#549 = ADVANCED_FACE ( 'NONE', ( #2856 ), #4986, .T. ) ;
#550 = CARTESIAN_POINT ( 'NONE',  ( 0.01563900294291058549, 0.1048538458423359937, -0.02400000000000000050 ) ) ;
#551 = ORIENTED_EDGE ( 'NONE', *, *, #2826, .F. ) ;
#552 = AXIS2_PLACEMENT_3D ( 'NONE', #1604, #36, #1046 ) ;
#553 = VECTOR ( 'NONE', #5449, 1.000000000000000000 ) ;
#554 = DIRECTION ( 'NONE',  ( 0.000000000000000000, 0.000000000000000000, 1.000000000000000000 ) ) ;
#555 = ORIENTED_EDGE ( 'NONE', *, *, #4155, .T. ) ;
#556 = CARTESIAN_POINT ( 'NONE',  ( -0.03099999999999999631, 0.01804832204050209679, 0.000000000000000000 ) ) ;
#557 = AXIS2_PLACEMENT_3D ( 'NONE', #2411, #279, #4498 ) ;
#558 = DIRECTION ( 'NONE',  ( -0.000000000000000000, -0.000000000000000000, -1.000000000000000000 ) ) ;
#559 = LINE ( 'NONE', #5456, #2439 ) ;
#560 = EDGE_CURVE ( 'NONE', #3116, #989, #635, .T. ) ;
#561 = ORIENTED_EDGE ( 'NONE', *, *, #2436, .T. ) ;
#562 = FACE_OUTER_BOUND ( 'NONE', #522, .T. ) ;
#563 = ORIENTED_EDGE ( 'NONE', *, *, #2584, .T. ) ;
#564 = CARTESIAN_POINT ( 'NONE',  ( -0.02575000000000000205, 0.1020000000000000073, 0.009000000000000001055 ) ) ;
#565 = CYLINDRICAL_SURFACE ( 'NONE', #6161, 0.001500000000000000465 ) ;
#566 = VERTEX_POINT ( 'NONE', #2401 ) ;
#567 = EDGE_LOOP ( 'NONE', ( #3714, #1107, #4268, #534 ) ) ;
#568 = ORIENTED_EDGE ( 'NONE', *, *, #4584, .T. ) ;
#569 = VECTOR ( 'NONE', #960, 1.000000000000000000 ) ;
#570 = DIRECTION ( 'NONE',  ( 0.000000000000000000, -0.000000000000000000, -1.000000000000000000 ) ) ;
#571 = AXIS2_PLACEMENT_3D ( 'NONE', #875, #3074, #3003 ) ;
#572 = VERTEX_POINT ( 'NONE', #1846 ) ;
#573 = CARTESIAN_POINT ( 'NONE',  ( 0.05700000000000000205, 0.004296149561436858784, -0.009065587432989727357 ) ) ;
#574 = DIRECTION ( 'NONE',  ( 0.000000000000000000, -0.000000000000000000, -1.000000000000000000 ) ) ;
#575 = VERTEX_POINT ( 'NONE', #4134 ) ;
#576 = CARTESIAN_POINT ( 'NONE',  ( 0.04999999999999999584, -0.04303742192173399400, 0.007000000000000000146 ) ) ;
#577 = AXIS2_PLACEMENT_3D ( 'NONE', #3415, #3935, #241 ) ;
#578 = ORIENTED_EDGE ( 'NONE', *, *, #4509, .F. ) ;
#579 = FACE_OUTER_BOUND ( 'NONE', #5526, .T. ) ;
#580 = CARTESIAN_POINT ( 'NONE',  ( 0.01663900294291058637, 0.1050448874070807198, -0.02399999998159712059 ) ) ;
#581 = ORIENTED_EDGE ( 'NONE', *, *, #5357, .T. ) ;
#582 = DIRECTION ( 'NONE',  ( 0.000000000000000000, 0.000000000000000000, 1.000000000000000000 ) ) ;
#583 = DIRECTION ( 'NONE',  ( 1.000000000000000000, 0.000000000000000000, 0.000000000000000000 ) ) ;
#584 = ORIENTED_EDGE ( 'NONE', *, *, #3114, .T. ) ;
#585 = ADVANCED_FACE ( 'NONE', ( #2501 ), #2962, .F. ) ;
#586 = CIRCLE ( 'NONE', #4827, 0.001000000000000000888 ) ;
#587 = PLANE ( 'NONE',  #5806 ) ;
#588 = ORIENTED_EDGE ( 'NONE', *, *, #1447, .T. ) ;
#589 = EDGE_CURVE ( 'NONE', #878, #735, #1193, .T. ) ;
#590 = AXIS2_PLACEMENT_3D ( 'NONE', #144, #1852, #4394 ) ;
#591 = DIRECTION ( 'NONE',  ( -1.000000000000000000, 0.000000000000000000, -0.000000000000000000 ) ) ;
#592 = LINE ( 'NONE', #4891, #6728 ) ;
#593 = DIRECTION ( 'NONE',  ( 0.000000000000000000, 0.000000000000000000, -1.000000000000000000 ) ) ;
#594 = AXIS2_PLACEMENT_3D ( 'NONE', #3337, #2783, #5338 ) ;
#595 = ORIENTED_EDGE ( 'NONE', *, *, #468, .F. ) ;
#596 = CYLINDRICAL_SURFACE ( 'NONE', #4797, 0.001000000000000000888 ) ;
#597 = ADVANCED_FACE ( 'NONE', ( #4062 ), #6845, .T. ) ;
#598 = ORIENTED_EDGE ( 'NONE', *, *, #4979, .F. ) ;
#599 = EDGE_CURVE ( 'NONE', #1968, #84, #2050, .T. ) ;
#600 = DIRECTION ( 'NONE',  ( 0.000000000000000000, 0.000000000000000000, -1.000000000000000000 ) ) ;
#601 = DIRECTION ( 'NONE',  ( 1.000000000000000000, 0.000000000000000000, 0.000000000000000000 ) ) ;
#602 = ORIENTED_EDGE ( 'NONE', *, *, #5199, .T. ) ;
#603 = ORIENTED_EDGE ( 'NONE', *, *, #679, .F. ) ;
#604 = ORIENTED_EDGE ( 'NONE', *, *, #6623, .T. ) ;
#605 = DIRECTION ( 'NONE',  ( -1.000000000000000000, -0.000000000000000000, -0.000000000000000000 ) ) ;
#606 = TOROIDAL_SURFACE ( 'NONE', #5410, 0.004000000000000000083, 0.002000000000000000042 ) ;
#607 = EDGE_LOOP ( 'NONE', ( #4432, #3487, #1328, #530 ) ) ;
#608 = ADVANCED_FACE ( 'NONE', ( #1387 ), #1978, .F. ) ;
#609 = PLANE ( 'NONE',  #4956 ) ;
#610 = DIRECTION ( 'NONE',  ( -0.000000000000000000, 0.000000000000000000, 1.000000000000000000 ) ) ;
#611 = DIRECTION ( 'NONE',  ( 0.000000000000000000, 0.000000000000000000, 1.000000000000000000 ) ) ;
#612 = VECTOR ( 'NONE', #6904, 1.000000000000000000 ) ;
#613 = CARTESIAN_POINT ( 'NONE',  ( 0.001069501471455287832, 0.1062714305715212193, -0.02599999999999999881 ) ) ;
#614 = EDGE_CURVE ( 'NONE', #2707, #1968, #6251, .T. ) ;
#615 = ORIENTED_EDGE ( 'NONE', *, *, #5786, .F. ) ;
#616 = MANIFOLD_SOLID_BREP ( 'Cut-Extrude11', #4898 ) ;
#617 = CARTESIAN_POINT ( 'NONE',  ( 0.06000000000000000472, 0.004296149561436859651, -0.009065587432989727357 ) ) ;
#618 = APPROVAL_ROLE ( '' ) ;
#619 = CARTESIAN_POINT ( 'NONE',  ( -0.01000000000000000021, -0.09999999999999999167, -0.01500000000000000291 ) ) ;
#620 = AXIS2_PLACEMENT_3D ( 'NONE', #2020, #974, #6891 ) ;
#621 = ORIENTED_EDGE ( 'NONE', *, *, #5019, .F. ) ;
#622 = CARTESIAN_POINT ( 'NONE',  ( 0.01563900294291058549, 0.1099999999999999867, -0.02400000000000000050 ) ) ;
#623 = LINE ( 'NONE', #2643, #190 ) ;
#624 = AXIS2_PLACEMENT_3D ( 'NONE', #5928, #6446, #1134 ) ;
#625 = VERTEX_POINT ( 'NONE', #5195 ) ;
#626 = CARTESIAN_POINT ( 'NONE',  ( -0.02999999999999999542, 0.02299999999999999961, 0.007000000000000000146 ) ) ;
#627 = ORIENTED_EDGE ( 'NONE', *, *, #4518, .T. ) ;
#628 = CIRCLE ( 'NONE', #6874, 0.004000000000000000083 ) ;
#629 = FACE_OUTER_BOUND ( 'NONE', #2641, .T. ) ;
#630 = EDGE_CURVE ( 'NONE', #5056, #3079, #4097, .T. ) ;
#631 = DIRECTION ( 'NONE',  ( 0.000000000000000000, 1.000000000000000000, 0.000000000000000000 ) ) ;
#632 = CARTESIAN_POINT ( 'NONE',  ( -0.007499999999999998855, 0.1129999999999999755, -0.01000000000000000021 ) ) ;
#633 = ORIENTED_EDGE ( 'NONE', *, *, #1347, .T. ) ;
#634 = ADVANCED_FACE ( 'NONE', ( #3058 ), #2471, .T. ) ;
#635 = CIRCLE ( 'NONE', #5770, 0.001000000000000000888 ) ;
#636 = FACE_BOUND ( 'NONE', #6741, .T. ) ;
#637 = EDGE_LOOP ( 'NONE', ( #5292, #3663, #229, #4168 ) ) ;
#638 = DIRECTION ( 'NONE',  ( 0.000000000000000000, 0.000000000000000000, -1.000000000000000000 ) ) ;
#639 = DIRECTION ( 'NONE',  ( 0.000000000000000000, -0.000000000000000000, 1.000000000000000000 ) ) ;
#640 = VERTEX_POINT ( 'NONE', #1003 ) ;
#641 = ORIENTED_EDGE ( 'NONE', *, *, #5934, .F. ) ;
#642 = EDGE_CURVE ( 'NONE', #2965, #5204, #2538, .T. ) ;
#643 = LINE ( 'NONE', #6101, #3551 ) ;
#644 = ORIENTED_EDGE ( 'NONE', *, *, #3710, .F. ) ;
#645 = LINE ( 'NONE', #2183, #1383 ) ;
#646 = FACE_BOUND ( 'NONE', #5852, .T. ) ;
#647 = CARTESIAN_POINT ( 'NONE',  ( -0.02000000000000000042, 0.03799999999999999212, -0.008999999999999999320 ) ) ;
#648 = EDGE_CURVE ( 'NONE', #5544, #4464, #5661, .T. ) ;
#649 = EDGE_CURVE ( 'NONE', #41, #782, #6626, .T. ) ;
#650 = ORIENTED_EDGE ( 'NONE', *, *, #2702, .F. ) ;
#651 = AXIS2_PLACEMENT_3D ( 'NONE', #2884, #5452, #2790 ) ;
#652 = CARTESIAN_POINT ( 'NONE',  ( 0.000000000000000000, -0.03200000000000001454, 0.007000000000000000146 ) ) ;
#653 = CARTESIAN_POINT ( 'NONE',  ( -0.05699999999999999512, 0.04796257807826604519, -0.07299999999999999545 ) ) ;
#654 = VERTEX_POINT ( 'NONE', #2433 ) ;
#655 = CARTESIAN_POINT ( 'NONE',  ( 0.009999999999999998473, 0.1049999999999999822, -0.01369999999999999690 ) ) ;
#656 = CARTESIAN_POINT ( 'NONE',  ( -0.01399999999999999856, 0.1035428611430424528, -0.02392491604476003342 ) ) ;
#657 = ORIENTED_EDGE ( 'NONE', *, *, #1564, .T. ) ;
#658 = CARTESIAN_POINT ( 'NONE',  ( 0.05000000000000000278, -0.01149999999999999634, -0.01000000000000001235 ) ) ;
#659 = EDGE_LOOP ( 'NONE', ( #1250, #1555, #1074, #2575 ) ) ;
#660 = DIRECTION ( 'NONE',  ( -0.000000000000000000, -0.000000000000000000, -1.000000000000000000 ) ) ;
#661 = DIRECTION ( 'NONE',  ( 0.000000000000000000, -0.000000000000000000, -1.000000000000000000 ) ) ;
#662 = LINE ( 'NONE', #4026, #2709 ) ;
#663 = VECTOR ( 'NONE', #4235, 1.000000000000000000 ) ;
#664 = CARTESIAN_POINT ( 'NONE',  ( -0.05000000000000000971, 0.04796257807826604519, -0.07299999999999999545 ) ) ;
#665 = ORIENTED_EDGE ( 'NONE', *, *, #3411, .T. ) ;
#666 = LINE ( 'NONE', #174, #2240 ) ;
#667 = CIRCLE ( 'NONE', #1892, 0.001500000000000000465 ) ;
#668 = VERTEX_POINT ( 'NONE', #1423 ) ;
#669 = CARTESIAN_POINT ( 'NONE',  ( 0.01399999999999999856, 0.1042714305715212175, -0.02296245802238001607 ) ) ;
#670 = DIRECTION ( 'NONE',  ( 0.000000000000000000, -0.000000000000000000, 1.000000000000000000 ) ) ;
#671 = ORIENTED_EDGE ( 'NONE', *, *, #3797, .F. ) ;
#672 = VERTEX_POINT ( 'NONE', #3094 ) ;
#673 = CIRCLE ( 'NONE', #4346, 0.001000000000000000888 ) ;
#674 = ADVANCED_FACE ( 'NONE', ( #3024 ), #2574, .F. ) ;
#675 = PLANE ( 'NONE',  #5239 ) ;
#676 = ORIENTED_EDGE ( 'NONE', *, *, #3191, .T. ) ;
#677 = DIRECTION ( 'NONE',  ( 0.000000000000000000, 0.000000000000000000, 1.000000000000000000 ) ) ;
#678 = AXIS2_PLACEMENT_3D ( 'NONE', #1643, #2100, #6404 ) ;
#679 = EDGE_CURVE ( 'NONE', #2495, #2865, #4422, .T. ) ;
#680 = CARTESIAN_POINT ( 'NONE',  ( 0.008376574485834620276, -0.1049999999999999961, -0.02079367267161846139 ) ) ;
#681 = CIRCLE ( 'NONE', #3452, 0.001299999999999999073 ) ;
#682 = CYLINDRICAL_SURFACE ( 'NONE', #4736, 0.001000000000000000888 ) ;
#683 = DIRECTION ( 'NONE',  ( -0.000000000000000000, -0.000000000000000000, -1.000000000000000000 ) ) ;
#684 = EDGE_CURVE ( 'NONE', #424, #405, #1417, .T. ) ;
#685 = EDGE_CURVE ( 'NONE', #2721, #3661, #1528, .T. ) ;
#686 = CIRCLE ( 'NONE', #11, 0.001000000000000000888 ) ;
#687 = ORIENTED_EDGE ( 'NONE', *, *, #1194, .F. ) ;
#688 = CARTESIAN_POINT ( 'NONE',  ( 0.06000000000000000472, 0.003500000000000003542, -0.02000000000000001082 ) ) ;
#689 = DIRECTION ( 'NONE',  ( 1.000000000000000000, 0.000000000000000000, 0.000000000000000000 ) ) ;
#690 = VERTEX_POINT ( 'NONE', #3269 ) ;
#691 = FACE_OUTER_BOUND ( 'NONE', #6375, .T. ) ;
#692 = ORIENTED_EDGE ( 'NONE', *, *, #6714, .F. ) ;
#693 = ADVANCED_FACE ( 'NONE', ( #517 ), #2683, .T. ) ;
#694 = CARTESIAN_POINT ( 'NONE',  ( -0.05699999999999999512, 0.04796257807826604519, -0.07299999999999999545 ) ) ;
#695 = CARTESIAN_POINT ( 'NONE',  ( 0.04200000000000000261, 0.03996257807826605196, -0.06095034905577770279 ) ) ;
#696 = CARTESIAN_POINT ( 'NONE',  ( 0.02000000000000000042, -0.03200000000000001454, -0.008999999999999999320 ) ) ;
#697 = FACE_OUTER_BOUND ( 'NONE', #3553, .T. ) ;
#698 = ORIENTED_EDGE ( 'NONE', *, *, #6524, .T. ) ;
#699 = EDGE_CURVE ( 'NONE', #1478, #4644, #623, .T. ) ;
#700 = DIRECTION ( 'NONE',  ( -0.000000000000000000, -1.000000000000000000, -0.000000000000000000 ) ) ;
#701 = ORIENTED_EDGE ( 'NONE', *, *, #1662, .F. ) ;
#702 = DIRECTION ( 'NONE',  ( 0.000000000000000000, -0.000000000000000000, -1.000000000000000000 ) ) ;
#703 = CIRCLE ( 'NONE', #5509, 0.001000000000000000888 ) ;
#704 = FACE_OUTER_BOUND ( 'NONE', #4988, .T. ) ;
#705 = ORIENTED_EDGE ( 'NONE', *, *, #4823, .T. ) ;
#706 = ORIENTED_EDGE ( 'NONE', *, *, #1023, .F. ) ;
#707 = DIRECTION ( 'NONE',  ( 0.000000000000000000, -1.000000000000000000, 0.000000000000000000 ) ) ;
#708 = ORIENTED_EDGE ( 'NONE', *, *, #4549, .F. ) ;
#709 = CARTESIAN_POINT ( 'NONE',  ( 0.02999999999999999542, 0.01804832204050208291, 0.000000000000000000 ) ) ;
#710 = DIRECTION ( 'NONE',  ( 1.541976423090494401E-16, -1.000000000000000000, 0.000000000000000000 ) ) ;
#711 = DIRECTION ( 'NONE',  ( 0.000000000000000000, 1.000000000000000000, 0.000000000000000000 ) ) ;
#712 = CIRCLE ( 'NONE', #264, 0.002000000000000000042 ) ;
#713 = EDGE_CURVE ( 'NONE', #5915, #2982, #6224, .T. ) ;
#714 = DIRECTION ( 'NONE',  ( 0.000000000000000000, 1.000000000000000000, 0.000000000000000000 ) ) ;
#715 = DIRECTION ( 'NONE',  ( 0.000000000000000000, 0.000000000000000000, 1.000000000000000000 ) ) ;
#716 = CC_DESIGN_SECURITY_CLASSIFICATION ( #2612, ( #5415 ) ) ;
#717 = ORIENTED_EDGE ( 'NONE', *, *, #6068, .T. ) ;
#718 = LINE ( 'NONE', #5616, #2297 ) ;
#719 = DIRECTION ( 'NONE',  ( 0.000000000000000000, 0.000000000000000000, -1.000000000000000000 ) ) ;
#720 = ORIENTED_EDGE ( 'NONE', *, *, #4559, .T. ) ;
#721 = EDGE_CURVE ( 'NONE', #572, #1957, #4274, .T. ) ;
#722 = DIRECTION ( 'NONE',  ( 1.000000000000000000, 0.000000000000000000, 0.000000000000000000 ) ) ;
#723 = ORIENTED_EDGE ( 'NONE', *, *, #2311, .F. ) ;
#724 = FACE_OUTER_BOUND ( 'NONE', #4348, .T. ) ;
#725 = CARTESIAN_POINT ( 'NONE',  ( 0.000000000000000000, 0.04796257807826604519, 0.000000000000000000 ) ) ;
#726 = CARTESIAN_POINT ( 'NONE',  ( -0.009930498528544712614, 0.1062714305715212193, -0.02599999999999999881 ) ) ;
#727 = DIRECTION ( 'NONE',  ( 1.000000000000000000, 0.000000000000000000, 0.000000000000000000 ) ) ;
#728 = EDGE_LOOP ( 'NONE', ( #6708, #965, #4665, #3604 ) ) ;
#729 = CIRCLE ( 'NONE', #5646, 0.001000000000000000888 ) ;
#730 = DIRECTION ( 'NONE',  ( -1.541976423090494647E-16, 1.000000000000000000, -0.000000000000000000 ) ) ;
#731 = DIRECTION ( 'NONE',  ( 1.000000000000000000, 0.000000000000000000, 0.000000000000000000 ) ) ;
#732 = VECTOR ( 'NONE', #6663, 1.000000000000000000 ) ;
#733 = PLANE ( 'NONE',  #6057 ) ;
#734 = FACE_OUTER_BOUND ( 'NONE', #4751, .T. ) ;
#735 = VERTEX_POINT ( 'NONE', #2162 ) ;
#736 = ORIENTED_EDGE ( 'NONE', *, *, #4760, .T. ) ;
#737 = DIRECTION ( 'NONE',  ( -0.000000000000000000, -0.000000000000000000, 1.000000000000000000 ) ) ;
#738 = ORIENTED_EDGE ( 'NONE', *, *, #6821, .T. ) ;
#739 = LINE ( 'NONE', #3326, #5307 ) ;
#740 = CARTESIAN_POINT ( 'NONE',  ( 0.01663900294291058637, 0.1089999999999999858, -0.02400000000000000050 ) ) ;
#741 = CARTESIAN_POINT ( 'NONE',  ( 0.009999999999999998473, 0.1049999999999999822, -0.01499999999999999598 ) ) ;
#742 = LINE ( 'NONE', #3461, #4713 ) ;
#743 = DIRECTION ( 'NONE',  ( 0.000000000000000000, -1.000000000000000000, 0.000000000000000000 ) ) ;
#744 = VECTOR ( 'NONE', #967, 1.000000000000000000 ) ;
#745 = ORIENTED_EDGE ( 'NONE', *, *, #3221, .T. ) ;
#746 = CARTESIAN_POINT ( 'NONE',  ( 0.02000000000000000042, 0.03799999999999999906, 0.000000000000000000 ) ) ;
#747 = CYLINDRICAL_SURFACE ( 'NONE', #1240, 0.001299999999999999073 ) ;
#748 = VECTOR ( 'NONE', #1983, 1.000000000000000000 ) ;
#749 = EDGE_LOOP ( 'NONE', ( #3925, #479, #2818, #5441 ) ) ;
#750 = CARTESIAN_POINT ( 'NONE',  ( 0.000000000000000000, 0.000000000000000000, 0.000000000000000000 ) ) ;
#751 = VECTOR ( 'NONE', #1211, 1.000000000000000000 ) ;
#752 = LINE ( 'NONE', #5418, #6898 ) ;
#753 = EDGE_CURVE ( 'NONE', #4613, #4232, #4080, .T. ) ;
#754 = FACE_OUTER_BOUND ( 'NONE', #6302, .T. ) ;
#755 = CARTESIAN_POINT ( 'NONE',  ( -0.05000000000000000971, 0.000000000000000000, 0.007000000000000000146 ) ) ;
#756 = CARTESIAN_POINT ( 'NONE',  ( 0.000000000000000000, -0.09999999999999999167, 0.002000000000000000042 ) ) ;
#757 = VERTEX_POINT ( 'NONE', #4309 ) ;
#758 = DIRECTION ( 'NONE',  ( 0.000000000000000000, 0.000000000000000000, -1.000000000000000000 ) ) ;
#759 = DIRECTION ( 'NONE',  ( -1.000000000000000000, 0.000000000000000000, -8.673617379884034239E-17 ) ) ;
#760 = CARTESIAN_POINT ( 'NONE',  ( 0.01563900294291058549, 0.1089999999999999858, -0.02396715050892726101 ) ) ;
#761 = EDGE_CURVE ( 'NONE', #374, #1614, #5871, .T. ) ;
#762 = EDGE_CURVE ( 'NONE', #5821, #5030, #3235, .T. ) ;
#763 = CARTESIAN_POINT ( 'NONE',  ( 0.01699999999999999428, -0.09799999999999998990, -0.002000000000000001776 ) ) ;
#764 = CARTESIAN_POINT ( 'NONE',  ( -0.02000000000000000042, 0.03799999999999999212, -0.008999999999999999320 ) ) ;
#765 = ORIENTED_EDGE ( 'NONE', *, *, #4427, .F. ) ;
#766 = EDGE_LOOP ( 'NONE', ( #5277, #886 ) ) ;
#767 = CIRCLE ( 'NONE', #4662, 0.001299999999999999073 ) ;
#768 = FACE_OUTER_BOUND ( 'NONE', #504, .T. ) ;
#769 = ORIENTED_EDGE ( 'NONE', *, *, #850, .T. ) ;
#770 = LINE ( 'NONE', #1236, #3295 ) ;
#771 = DIRECTION ( 'NONE',  ( -0.000000000000000000, -0.000000000000000000, -1.000000000000000000 ) ) ;
#772 = CARTESIAN_POINT ( 'NONE',  ( 0.02575000000000000205, 0.1110000000000000014, 0.007000000000000000146 ) ) ;
#773 = CIRCLE ( 'NONE', #6036, 0.001000000000000000888 ) ;
#774 = CARTESIAN_POINT ( 'NONE',  ( -0.01300000000000000634, -0.09799999999999998990, -0.002000000000000001776 ) ) ;
#775 = VECTOR ( 'NONE', #827, 1.000000000000000000 ) ;
#776 = DIRECTION ( 'NONE',  ( -0.000000000000000000, -0.000000000000000000, 1.000000000000000000 ) ) ;
#777 = CYLINDRICAL_SURFACE ( 'NONE', #5453, 0.001000000000000000021 ) ;
#778 = VECTOR ( 'NONE', #1345, 1.000000000000000000 ) ;
#779 = ORIENTED_EDGE ( 'NONE', *, *, #3802, .T. ) ;
#780 = DIRECTION ( 'NONE',  ( 0.000000000000000000, 0.000000000000000000, -1.000000000000000000 ) ) ;
#781 = PLANE ( 'NONE',  #339 ) ;
#782 = VERTEX_POINT ( 'NONE', #6495 ) ;
#783 = PLANE ( 'NONE',  #3439 ) ;
#784 = AXIS2_PLACEMENT_3D ( 'NONE', #2621, #6370, #1578 ) ;
#785 = LINE ( 'NONE', #3435, #5565 ) ;
#786 = DIRECTION ( 'NONE',  ( 1.734723475976811630E-15, -1.000000000000000000, -0.000000000000000000 ) ) ;
#787 = EDGE_CURVE ( 'NONE', #3596, #6252, #1088, .T. ) ;
#788 = CARTESIAN_POINT ( 'NONE',  ( 0.000000000000000000, 0.000000000000000000, -0.02599999999999999881 ) ) ;
#789 = DIRECTION ( 'NONE',  ( 1.000000000000000000, 0.000000000000000000, 0.000000000000000000 ) ) ;
#790 = ORIENTED_EDGE ( 'NONE', *, *, #5375, .F. ) ;
#791 = AXIS2_PLACEMENT_3D ( 'NONE', #4067, #6225, #904 ) ;
#792 = EDGE_CURVE ( 'NONE', #5883, #4433, #2196, .T. ) ;
#793 = DIRECTION ( 'NONE',  ( -0.000000000000000000, -1.000000000000000000, -0.000000000000000000 ) ) ;
#794 = PLANE ( 'NONE',  #4048 ) ;
#795 = CARTESIAN_POINT ( 'NONE',  ( 0.01699999999999999428, -0.09699999999999998901, -0.002000000000000000042 ) ) ;
#796 = DIRECTION ( 'NONE',  ( -0.000000000000000000, -3.469446951953611033E-15, -1.000000000000000000 ) ) ;
#797 = CARTESIAN_POINT ( 'NONE',  ( 0.01299999999999999246, -0.09299999999999998546, -0.002000000000000000042 ) ) ;
#798 = ORIENTED_EDGE ( 'NONE', *, *, #134, .T. ) ;
#799 = VERTEX_POINT ( 'NONE', #3716 ) ;
#800 = EDGE_CURVE ( 'NONE', #6155, #6146, #4987, .T. ) ;
#801 = EDGE_CURVE ( 'NONE', #1987, #2069, #2646, .T. ) ;
#802 = LINE ( 'NONE', #3138, #1339 ) ;
#803 = ORIENTED_EDGE ( 'NONE', *, *, #6502, .T. ) ;
#804 = VECTOR ( 'NONE', #1534, 1.000000000000000000 ) ;
#805 = LINE ( 'NONE', #5572, #2398 ) ;
#806 = CARTESIAN_POINT ( 'NONE',  ( -0.06000000000000000472, -0.01399999999999999856, -0.01500000000000001332 ) ) ;
#807 = VECTOR ( 'NONE', #2517, 1.000000000000000000 ) ;
#808 = DIRECTION ( 'NONE',  ( 1.000000000000000000, 0.000000000000000000, -0.000000000000000000 ) ) ;
#809 = VERTEX_POINT ( 'NONE', #1076 ) ;
#810 = DIRECTION ( 'NONE',  ( 0.000000000000000000, 0.000000000000000000, -1.000000000000000000 ) ) ;
#811 = VECTOR ( 'NONE', #1527, 1.000000000000000000 ) ;
#812 = CARTESIAN_POINT ( 'NONE',  ( 0.007500000000000000590, 0.1149999999999999911, -0.009999999999999996739 ) ) ;
#813 = DIRECTION ( 'NONE',  ( 0.000000000000000000, 0.000000000000000000, 1.000000000000000000 ) ) ;
#814 = ADVANCED_FACE ( 'NONE', ( #6351 ), #1668, .T. ) ;
#815 = ORIENTED_EDGE ( 'NONE', *, *, #699, .F. ) ;
#816 = VECTOR ( 'NONE', #1375, 1.000000000000000000 ) ;
#817 = CARTESIAN_POINT ( 'NONE',  ( 6.950147145528759451E-05, 0.1062714305715212193, -0.02099999999999999784 ) ) ;
#818 = FACE_OUTER_BOUND ( 'NONE', #6560, .T. ) ;
#819 = VERTEX_POINT ( 'NONE', #26 ) ;
#820 = FACE_OUTER_BOUND ( 'NONE', #2194, .T. ) ;
#821 = DIRECTION ( 'NONE',  ( -0.000000000000000000, -0.000000000000000000, -1.000000000000000000 ) ) ;
#822 = ORIENTED_EDGE ( 'NONE', *, *, #5082, .T. ) ;
#823 = LINE ( 'NONE', #1317, #5614 ) ;
#824 = CARTESIAN_POINT ( 'NONE',  ( 0.03099999999999999631, 0.01804832204050208291, 0.000000000000000000 ) ) ;
#825 = VECTOR ( 'NONE', #570, 1.000000000000000000 ) ;
#826 = ORIENTED_EDGE ( 'NONE', *, *, #332, .F. ) ;
#827 = DIRECTION ( 'NONE',  ( -0.000000000000000000, -0.000000000000000000, -1.000000000000000000 ) ) ;
#828 = EDGE_CURVE ( 'NONE', #4215, #330, #65, .T. ) ;
#829 = CARTESIAN_POINT ( 'NONE',  ( 0.000000000000000000, 0.04099999999999999478, -0.01200000000000000025 ) ) ;
#830 = CARTESIAN_POINT ( 'NONE',  ( 0.02999999999999999542, 0.01104832204050208884, 0.007000000000000000146 ) ) ;
#831 = EDGE_CURVE ( 'NONE', #330, #3369, #1145, .T. ) ;
#832 = DIRECTION ( 'NONE',  ( -0.000000000000000000, -1.000000000000000000, -0.000000000000000000 ) ) ;
#833 = VECTOR ( 'NONE', #4938, 1.000000000000000000 ) ;
#834 = ORIENTED_EDGE ( 'NONE', *, *, #4714, .F. ) ;
#835 = ORIENTED_EDGE ( 'NONE', *, *, #5873, .T. ) ;
#836 = AXIS2_PLACEMENT_3D ( 'NONE', #3772, #574, #53 ) ;
#837 = CARTESIAN_POINT ( 'NONE',  ( 0.007499999999999999722, -0.09499999999999998723, -0.02000000000000000389 ) ) ;
#838 = EDGE_CURVE ( 'NONE', #5715, #5136, #3823, .T. ) ;
#839 = ORIENTED_EDGE ( 'NONE', *, *, #3904, .T. ) ;
#840 = CARTESIAN_POINT ( 'NONE',  ( 0.05000000000000000278, 0.03996257807826605196, -0.06495034905577767859 ) ) ;
#841 = AXIS2_PLACEMENT_3D ( 'NONE', #1075, #24, #2161 ) ;
#842 = DIRECTION ( 'NONE',  ( 0.000000000000000000, 1.000000000000000000, 0.000000000000000000 ) ) ;
#843 = CARTESIAN_POINT ( 'NONE',  ( 0.01399999999999999856, 0.1042714305715212175, -0.02296245802238001607 ) ) ;
#844 = ADVANCED_FACE ( 'NONE', ( #3130 ), #5267, .F. ) ;
#845 = ORIENTED_EDGE ( 'NONE', *, *, #1762, .F. ) ;
#846 = CARTESIAN_POINT ( 'NONE',  ( -0.02475000000000000117, 0.1110000000000000014, 0.007000000000000000146 ) ) ;
#847 = ORIENTED_EDGE ( 'NONE', *, *, #1071, .F. ) ;
#848 = DIRECTION ( 'NONE',  ( -1.000000000000000000, -0.000000000000000000, -0.000000000000000000 ) ) ;
#849 = CARTESIAN_POINT ( 'NONE',  ( -0.008430338243672425014, -0.09999999999999999167, -0.02079367267161846139 ) ) ;
#850 = EDGE_CURVE ( 'NONE', #3653, #1906, #4202, .T. ) ;
#851 = ADVANCED_FACE ( 'NONE', ( #1837 ), #3012, .T. ) ;
#852 = ORIENTED_EDGE ( 'NONE', *, *, #3610, .F. ) ;
#853 = CYLINDRICAL_SURFACE ( 'NONE', #5311, 0.001000000000000000238 ) ;
#854 = DIRECTION ( 'NONE',  ( 1.000000000000000000, 0.000000000000000000, -2.312964634635742957E-16 ) ) ;
#855 = VERTEX_POINT ( 'NONE', #162 ) ;
#856 = FACE_BOUND ( 'NONE', #6693, .T. ) ;
#857 = LINE ( 'NONE', #2430, #3426 ) ;
#858 = VECTOR ( 'NONE', #4353, 1.000000000000000000 ) ;
#859 = CIRCLE ( 'NONE', #4763, 0.002000000000000000042 ) ;
#860 = ORIENTED_EDGE ( 'NONE', *, *, #1113, .T. ) ;
#861 = LINE ( 'NONE', #755, #2368 ) ;
#862 = CARTESIAN_POINT ( 'NONE',  ( -0.05000000000000000971, 0.000000000000000000, 0.007000000000000000146 ) ) ;
#863 = ORIENTED_EDGE ( 'NONE', *, *, #2767, .T. ) ;
#864 = VECTOR ( 'NONE', #3194, 1.000000000000000000 ) ;
#865 = CARTESIAN_POINT ( 'NONE',  ( 0.01417157287525379859, -0.1000000000000000056, -0.02500000000000000139 ) ) ;
#866 = VECTOR ( 'NONE', #6603, 1.000000000000000000 ) ;
#867 = DIRECTION ( 'NONE',  ( 0.000000000000000000, -1.000000000000000000, 0.000000000000000000 ) ) ;
#868 = FACE_OUTER_BOUND ( 'NONE', #6336, .T. ) ;
#869 = CYLINDRICAL_SURFACE ( 'NONE', #5076, 0.001299999999999997338 ) ;
#870 = ORIENTED_EDGE ( 'NONE', *, *, #4285, .F. ) ;
#871 = ORIENTED_EDGE ( 'NONE', *, *, #1436, .T. ) ;
#872 = CARTESIAN_POINT ( 'NONE',  ( -0.01563335456680021648, 0.1051097144873784223, -0.02298904582325973431 ) ) ;
#873 = ORIENTED_EDGE ( 'NONE', *, *, #5517, .T. ) ;
#874 = LINE ( 'NONE', #840, #2067 ) ;
#875 = CARTESIAN_POINT ( 'NONE',  ( 0.01699999999999999428, -0.09799999999999998990, 0.002000000000000000042 ) ) ;
#876 = CARTESIAN_POINT ( 'NONE',  ( 0.01492246752693203449, 0.1043994261276119523, -0.02298693360034526068 ) ) ;
#877 = AXIS2_PLACEMENT_3D ( 'NONE', #2827, #6153, #3409 ) ;
#878 = VERTEX_POINT ( 'NONE', #5012 ) ;
#879 = EDGE_CURVE ( 'NONE', #5583, #4464, #4977, .T. ) ;
#880 = VECTOR ( 'NONE', #3341, 1.000000000000000000 ) ;
#881 = EDGE_CURVE ( 'NONE', #2710, #4666, #3920, .T. ) ;
#882 = EDGE_LOOP ( 'NONE', ( #2837, #4052, #5733, #172 ) ) ;
#883 = CARTESIAN_POINT ( 'NONE',  ( -0.05000000000000000278, 0.04796257807826607295, -0.05895034905577772877 ) ) ;
#884 = CARTESIAN_POINT ( 'NONE',  ( 0.05000000000000000278, -0.04303742192173399400, -0.06095034905577770973 ) ) ;
#885 = AXIS2_PLACEMENT_3D ( 'NONE', #4329, #6479, #2280 ) ;
#886 = ORIENTED_EDGE ( 'NONE', *, *, #4311, .T. ) ;
#887 = CARTESIAN_POINT ( 'NONE',  ( 0.01499999999999999944, 0.1089999999999999858, 0.000000000000000000 ) ) ;
#888 = CARTESIAN_POINT ( 'NONE',  ( -0.05700000000000000899, -0.04303742192173400094, -0.07299999999999999545 ) ) ;
#889 = ORIENTED_EDGE ( 'NONE', *, *, #3104, .F. ) ;
#890 = AXIS2_PLACEMENT_3D ( 'NONE', #207, #2241, #2859 ) ;
#891 = EDGE_CURVE ( 'NONE', #3532, #1526, #5547, .T. ) ;
#892 = ADVANCED_FACE ( 'NONE', ( #1310 ), #781, .F. ) ;
#893 = FACE_BOUND ( 'NONE', #4488, .T. ) ;
#894 = LINE ( 'NONE', #1384, #5898 ) ;
#895 = CIRCLE ( 'NONE', #6045, 0.001299999999999999073 ) ;
#896 = ORIENTED_EDGE ( 'NONE', *, *, #1543, .T. ) ;
#897 = DIRECTION ( 'NONE',  ( -0.000000000000000000, -0.000000000000000000, -1.000000000000000000 ) ) ;
#898 = VECTOR ( 'NONE', #4124, 1.000000000000000000 ) ;
#899 = EDGE_LOOP ( 'NONE', ( #5755, #4816, #3450, #1642, #4903, #5312, #911, #6335, #3355, #2673, #2978, #3805, #1591, #2828, #2126, #1058, #1448, #5668, #6600, #5904 ) ) ;
#900 = CIRCLE ( 'NONE', #4462, 0.001000000000000000888 ) ;
#901 = EDGE_CURVE ( 'NONE', #5915, #6131, #4813, .T. ) ;
#902 = CARTESIAN_POINT ( 'NONE',  ( -0.01650000000000000772, 0.1046771243444677008, -0.02400000000000000050 ) ) ;
#903 = PLANE ( 'NONE',  #4314 ) ;
#904 = DIRECTION ( 'NONE',  ( -1.000000000000000000, 0.000000000000000000, 0.000000000000000000 ) ) ;
#905 = ADVANCED_FACE ( 'NONE', ( #132 ), #747, .F. ) ;
#906 = AXIS2_PLACEMENT_3D ( 'NONE', #2406, #272, #3547 ) ;
#907 = DIRECTION ( 'NONE',  ( 1.000000000000000000, 0.000000000000000000, 0.000000000000000000 ) ) ;
#908 = EDGE_LOOP ( 'NONE', ( #4640, #6330, #4580, #3231 ) ) ;
#909 = EDGE_LOOP ( 'NONE', ( #5172, #2559, #6121, #5321 ) ) ;
#910 = CARTESIAN_POINT ( 'NONE',  ( -0.01300000000000000461, -0.09699999999999998901, -0.002000000000000001776 ) ) ;
#911 = ORIENTED_EDGE ( 'NONE', *, *, #5645, .F. ) ;
#912 = DIRECTION ( 'NONE',  ( 0.000000000000000000, 0.000000000000000000, 1.000000000000000000 ) ) ;
#913 = CARTESIAN_POINT ( 'NONE',  ( -0.01700000000000000816, -0.09699999999999998901, 0.000000000000000000 ) ) ;
#914 = PLANE ( 'NONE',  #4792 ) ;
#915 = VERTEX_POINT ( 'NONE', #6079 ) ;
#916 = ORIENTED_EDGE ( 'NONE', *, *, #5375, .T. ) ;
#917 = AXIS2_PLACEMENT_3D ( 'NONE', #788, #2917, #3508 ) ;
#918 = CIRCLE ( 'NONE', #5506, 0.001000000000000000888 ) ;
#919 = ORIENTED_EDGE ( 'NONE', *, *, #6275, .T. ) ;
#920 = DIRECTION ( 'NONE',  ( -0.000000000000000000, 1.000000000000000000, -0.000000000000000000 ) ) ;
#921 = AXIS2_PLACEMENT_3D ( 'NONE', #1732, #4345, #4377 ) ;
#922 = ORIENTED_EDGE ( 'NONE', *, *, #2929, .F. ) ;
#923 = CARTESIAN_POINT ( 'NONE',  ( 0.01499999999999999944, 0.1049999999999999822, -0.02199999999999999872 ) ) ;
#924 = ADVANCED_FACE ( 'NONE', ( #5047 ), #4945, .F. ) ;
#925 = CARTESIAN_POINT ( 'NONE',  ( -0.02375000000000000028, 0.1110000000000000014, 0.009000000000000001055 ) ) ;
#926 = VERTEX_POINT ( 'NONE', #2784 ) ;
#927 = DIRECTION ( 'NONE',  ( 0.000000000000000000, -1.000000000000000000, 0.000000000000000000 ) ) ;
#928 = DIRECTION ( 'NONE',  ( 0.000000000000000000, 0.000000000000000000, 1.000000000000000000 ) ) ;
#929 = ORIENTED_EDGE ( 'NONE', *, *, #469, .T. ) ;
#930 = CARTESIAN_POINT ( 'NONE',  ( 0.02999999999999999542, 0.01104832204050208884, 0.000000000000000000 ) ) ;
#931 = EDGE_CURVE ( 'NONE', #4250, #1935, #5482, .T. ) ;
#932 = CARTESIAN_POINT ( 'NONE',  ( 0.02475000000000000117, 0.1020000000000000073, 0.009000000000000001055 ) ) ;
#933 = VERTEX_POINT ( 'NONE', #2360 ) ;
#934 = VECTOR ( 'NONE', #155, 1.000000000000000000 ) ;
#935 = CARTESIAN_POINT ( 'NONE',  ( -0.01300000000000000634, 0.000000000000000000, -0.02299999999999999961 ) ) ;
#936 = LINE ( 'NONE', #3513, #5729 ) ;
#937 = AXIS2_PLACEMENT_3D ( 'NONE', #1585, #3701, #4870 ) ;
#938 = CARTESIAN_POINT ( 'NONE',  ( -0.01000000000000000194, 0.1099999999999999867, -0.01499999999999999944 ) ) ;
#939 = EDGE_CURVE ( 'NONE', #1432, #1987, #4479, .T. ) ;
#940 = DIRECTION ( 'NONE',  ( -1.000000000000000000, -0.000000000000000000, -0.000000000000000000 ) ) ;
#941 = ORIENTED_EDGE ( 'NONE', *, *, #3271, .F. ) ;
#942 = EDGE_LOOP ( 'NONE', ( #1029, #5268, #1094, #5414 ) ) ;
#943 = CARTESIAN_POINT ( 'NONE',  ( -0.01500000000000000638, -0.09799999999999998990, -0.02299999999999999961 ) ) ;
#944 = ADVANCED_FACE ( 'NONE', ( #260 ), #2392, .F. ) ;
#945 = ORIENTED_EDGE ( 'NONE', *, *, #2470, .T. ) ;
#946 = PLANE ( 'NONE',  #251 ) ;
#947 = CARTESIAN_POINT ( 'NONE',  ( 0.01663900294291058637, 0.1048538458423359937, -0.02400000000000000050 ) ) ;
#948 = VECTOR ( 'NONE', #4176, 1.000000000000000000 ) ;
#949 = CARTESIAN_POINT ( 'NONE',  ( -0.01000000000000000021, -0.09499999999999998723, -0.01370000000000000384 ) ) ;
#950 = AXIS2_PLACEMENT_3D ( 'NONE', #709, #2838, #4968 ) ;
#951 = ORIENTED_EDGE ( 'NONE', *, *, #901, .T. ) ;
#952 = ORIENTED_EDGE ( 'NONE', *, *, #5433, .F. ) ;
#953 = EDGE_LOOP ( 'NONE', ( #3738, #1292, #4116, #5212 ) ) ;
#954 = AXIS2_PLACEMENT_3D ( 'NONE', #6798, #2041, #5793 ) ;
#955 = ORIENTED_EDGE ( 'NONE', *, *, #6674, .T. ) ;
#956 = DIRECTION ( 'NONE',  ( 0.000000000000000000, 0.000000000000000000, 1.000000000000000000 ) ) ;
#957 = DIRECTION ( 'NONE',  ( 0.000000000000000000, 0.000000000000000000, -1.000000000000000000 ) ) ;
#958 = PLANE ( 'NONE',  #4548 ) ;
#959 = CARTESIAN_POINT ( 'NONE',  ( -0.01650000000000000772, 0.1099999999999999867, -0.02599999999999999881 ) ) ;
#960 = DIRECTION ( 'NONE',  ( -0.000000000000000000, 1.000000000000000000, -0.000000000000000000 ) ) ;
#961 = ORIENTED_EDGE ( 'NONE', *, *, #5510, .T. ) ;
#962 = VECTOR ( 'NONE', #5021, 1.000000000000000000 ) ;
#963 = DIRECTION ( 'NONE',  ( 0.000000000000000000, 0.000000000000000000, 1.000000000000000000 ) ) ;
#964 = CARTESIAN_POINT ( 'NONE',  ( 0.01663900294291058291, 0.1048538458423359937, -0.02299999999999999961 ) ) ;
#965 = ORIENTED_EDGE ( 'NONE', *, *, #1502, .F. ) ;
#966 = CARTESIAN_POINT ( 'NONE',  ( -0.02899999999999999453, 0.01104832204050209578, 0.000000000000000000 ) ) ;
#967 = DIRECTION ( 'NONE',  ( 0.000000000000000000, 1.000000000000000000, 0.000000000000000000 ) ) ;
#968 = ADVANCED_FACE ( 'NONE', ( #6557 ), #4739, .T. ) ;
#969 = VERTEX_POINT ( 'NONE', #1485 ) ;
#970 = LINE ( 'NONE', #4815, #2127 ) ;
#971 = EDGE_CURVE ( 'NONE', #2226, #2113, #6799, .T. ) ;
#972 = DIRECTION ( 'NONE',  ( 1.000000000000000000, 1.541976423090494647E-16, -0.000000000000000000 ) ) ;
#973 = DIRECTION ( 'NONE',  ( 0.000000000000000000, 0.000000000000000000, 1.000000000000000000 ) ) ;
#974 = DIRECTION ( 'NONE',  ( 0.000000000000000000, 1.000000000000000000, 0.000000000000000000 ) ) ;
#975 = EDGE_LOOP ( 'NONE', ( #2617, #2910 ) ) ;
#976 = VECTOR ( 'NONE', #6325, 1.000000000000000000 ) ;
#977 = VECTOR ( 'NONE', #6796, 1.000000000000000000 ) ;
#978 = LINE ( 'NONE', #5240, #2682 ) ;
#979 = ADVANCED_FACE ( 'NONE', ( #2943 ), #5757, .T. ) ;
#980 = VERTEX_POINT ( 'NONE', #435 ) ;
#981 = EDGE_CURVE ( 'NONE', #473, #5068, #5687, .T. ) ;
#982 = DIRECTION ( 'NONE',  ( 1.000000000000000000, 0.000000000000000000, 0.000000000000000000 ) ) ;
#983 = DIRECTION ( 'NONE',  ( 1.000000000000000000, -0.000000000000000000, 0.000000000000000000 ) ) ;
#984 = CARTESIAN_POINT ( 'NONE',  ( -0.02575000000000000205, 0.1020000000000000073, 0.007000000000000000146 ) ) ;
#985 = ORIENTED_EDGE ( 'NONE', *, *, #2307, .T. ) ;
#986 = ORIENTED_EDGE ( 'NONE', *, *, #4414, .T. ) ;
#987 = ORIENTED_EDGE ( 'NONE', *, *, #6630, .F. ) ;
#988 = CARTESIAN_POINT ( 'NONE',  ( 0.01299999999999999246, -0.09999999999999999167, -0.02500000000000000139 ) ) ;
#989 = VERTEX_POINT ( 'NONE', #3501 ) ;
#990 = EDGE_CURVE ( 'NONE', #1385, #3631, #6731, .T. ) ;
#991 = CARTESIAN_POINT ( 'NONE',  ( -0.01417157287525381421, -0.09499999999999997335, -0.02500000000000000139 ) ) ;
#992 = DIRECTION ( 'NONE',  ( -0.000000000000000000, -0.000000000000000000, -1.000000000000000000 ) ) ;
#993 = VERTEX_POINT ( 'NONE', #4089 ) ;
#994 = DIRECTION ( 'NONE',  ( 0.000000000000000000, 0.000000000000000000, 1.000000000000000000 ) ) ;
#995 = FACE_OUTER_BOUND ( 'NONE', #4450, .T. ) ;
#996 = ORIENTED_EDGE ( 'NONE', *, *, #6524, .F. ) ;
#997 = VECTOR ( 'NONE', #3640, 1.000000000000000000 ) ;
#998 = FACE_OUTER_BOUND ( 'NONE', #23, .T. ) ;
#999 = CARTESIAN_POINT ( 'NONE',  ( -0.05000000000000000278, 0.006000000000000005329, -0.01630000000000000546 ) ) ;
#1000 = VERTEX_POINT ( 'NONE', #6244 ) ;
#1001 = CARTESIAN_POINT ( 'NONE',  ( 0.01663900294291058637, 0.1089999999999999858, -0.02396715050892726101 ) ) ;
#1002 = VECTOR ( 'NONE', #6751, 1.000000000000000000 ) ;
#1003 = CARTESIAN_POINT ( 'NONE',  ( 0.01106950147145528696, 0.1062714305715211499, -0.02599999999999999881 ) ) ;
#1004 = ORIENTED_EDGE ( 'NONE', *, *, #6150, .T. ) ;
#1005 = CYLINDRICAL_SURFACE ( 'NONE', #5690, 0.001000000000000000888 ) ;
#1006 = VECTOR ( 'NONE', #6293, 1.000000000000000000 ) ;
#1007 = CARTESIAN_POINT ( 'NONE',  ( 0.01650000000000000772, 0.1099999999999999867, 6.062001655779398819E-18 ) ) ;
#1008 = EDGE_CURVE ( 'NONE', #1597, #2587, #6214, .T. ) ;
#1009 = AXIS2_PLACEMENT_3D ( 'NONE', #2364, #1219, #6086 ) ;
#1010 = CARTESIAN_POINT ( 'NONE',  ( -0.008309900245939860763, 0.1149999999999999911, -0.009194146154766909620 ) ) ;
#1011 = FACE_OUTER_BOUND ( 'NONE', #5662, .T. ) ;
#1012 = ORIENTED_EDGE ( 'NONE', *, *, #6674, .F. ) ;
#1013 = EDGE_CURVE ( 'NONE', #799, #6354, #2462, .T. ) ;
#1014 = CYLINDRICAL_SURFACE ( 'NONE', #5245, 0.001000000000000000888 ) ;
#1015 = ORIENTED_EDGE ( 'NONE', *, *, #2637, .T. ) ;
#1016 = DIRECTION ( 'NONE',  ( 1.000000000000000000, 0.000000000000000000, 0.000000000000000000 ) ) ;
#1017 = VECTOR ( 'NONE', #5358, 1.000000000000000000 ) ;
#1018 = CARTESIAN_POINT ( 'NONE',  ( -0.01399999999999999856, 0.1039999999999999813, -0.001000000000000000888 ) ) ;
#1019 = LINE ( 'NONE', #4148, #3132 ) ;
#1020 = ORIENTED_EDGE ( 'NONE', *, *, #1636, .T. ) ;
#1021 = ORIENTED_EDGE ( 'NONE', *, *, #4823, .F. ) ;
#1022 = ORIENTED_EDGE ( 'NONE', *, *, #3797, .T. ) ;
#1023 = EDGE_CURVE ( 'NONE', #4191, #6785, #2424, .T. ) ;
#1024 = EDGE_CURVE ( 'NONE', #3612, #4352, #1459, .T. ) ;
#1025 = FACE_OUTER_BOUND ( 'NONE', #909, .T. ) ;
#1026 = ORIENTED_EDGE ( 'NONE', *, *, #5980, .T. ) ;
#1027 = CYLINDRICAL_SURFACE ( 'NONE', #1053, 0.001000000000000000888 ) ;
#1028 = DIRECTION ( 'NONE',  ( 0.000000000000000000, 0.000000000000000000, 1.000000000000000000 ) ) ;
#1029 = ORIENTED_EDGE ( 'NONE', *, *, #2078, .F. ) ;
#1030 = PLANE ( 'NONE',  #3730 ) ;
#1031 = EDGE_LOOP ( 'NONE', ( #5147, #6229, #6082, #4885 ) ) ;
#1032 = CARTESIAN_POINT ( 'NONE',  ( 0.02999999999999999542, 0.01804832204050208291, -0.003000000000000000062 ) ) ;
#1033 = PERSON_AND_ORGANIZATION ( #202, #6746 ) ;
#1034 = EDGE_CURVE ( 'NONE', #6843, #3870, #2042, .T. ) ;
#1035 = CIRCLE ( 'NONE', #6066, 0.001299999999999999073 ) ;
#1036 = LINE ( 'NONE', #439, #3761 ) ;
#1037 = CARTESIAN_POINT ( 'NONE',  ( 0.009999999999999998473, 0.1099999999999999867, -0.01369999999999999690 ) ) ;
#1038 = ORIENTED_EDGE ( 'NONE', *, *, #292, .T. ) ;
#1039 = LINE ( 'NONE', #3057, #5960 ) ;
#1040 = CARTESIAN_POINT ( 'NONE',  ( -0.01050000000000000239, 0.09024999999999998301, 0.007000000000000000146 ) ) ;
#1041 = ORIENTED_EDGE ( 'NONE', *, *, #6366, .F. ) ;
#1042 = DIRECTION ( 'NONE',  ( -1.000000000000000000, 0.000000000000000000, 0.000000000000000000 ) ) ;
#1043 = EDGE_LOOP ( 'NONE', ( #6427, #1084, #5391, #3888 ) ) ;
#1044 = LINE ( 'NONE', #1639, #6230 ) ;
#1045 = CARTESIAN_POINT ( 'NONE',  ( 0.05000000000000000278, -0.04303742192173399400, -0.06095034905577770973 ) ) ;
#1046 = DIRECTION ( 'NONE',  ( -1.000000000000000000, 0.000000000000000000, 0.000000000000000000 ) ) ;
#1047 = VECTOR ( 'NONE', #4474, 1.000000000000000000 ) ;
#1048 = VERTEX_POINT ( 'NONE', #3567 ) ;
#1049 = EDGE_CURVE ( 'NONE', #82, #566, #401, .T. ) ;
#1050 = CARTESIAN_POINT ( 'NONE',  ( 0.01422806220601999759, 0.1035428611430424528, -0.02392491604474224556 ) ) ;
#1051 = VERTEX_POINT ( 'NONE', #888 ) ;
#1052 = CYLINDRICAL_SURFACE ( 'NONE', #4480, 0.001299999999999999073 ) ;
#1053 = AXIS2_PLACEMENT_3D ( 'NONE', #5148, #3186, #6445 ) ;
#1054 = EDGE_CURVE ( 'NONE', #3261, #6274, #5187, .T. ) ;
#1055 = CARTESIAN_POINT ( 'NONE',  ( 0.01499999999999999251, -0.09499999999999998723, -0.002000000000000001776 ) ) ;
#1056 = LINE ( 'NONE', #1611, #457 ) ;
#1057 = EDGE_LOOP ( 'NONE', ( #2105, #83, #5923, #5197 ) ) ;
#1058 = ORIENTED_EDGE ( 'NONE', *, *, #1162, .F. ) ;
#1059 = ORIENTED_EDGE ( 'NONE', *, *, #5130, .T. ) ;
#1060 = ORIENTED_EDGE ( 'NONE', *, *, #1749, .T. ) ;
#1061 = LINE ( 'NONE', #2216, #2940 ) ;
#1062 = DIRECTION ( 'NONE',  ( 0.000000000000000000, 1.000000000000000000, -0.000000000000000000 ) ) ;
#1063 = ADVANCED_FACE ( 'NONE', ( #4546 ), #2530, .T. ) ;
#1064 = ORIENTED_EDGE ( 'NONE', *, *, #2029, .F. ) ;
#1065 = DIRECTION ( 'NONE',  ( 0.000000000000000000, 0.000000000000000000, -1.000000000000000000 ) ) ;
#1066 = EDGE_LOOP ( 'NONE', ( #357, #4077, #46, #1835 ) ) ;
#1067 = CIRCLE ( 'NONE', #6104, 0.001300000000000000808 ) ;
#1068 = FACE_OUTER_BOUND ( 'NONE', #371, .T. ) ;
#1069 = PERSON_AND_ORGANIZATION ( #202, #6746 ) ;
#1070 = ADVANCED_FACE ( 'NONE', ( #818 ), #6696, .T. ) ;
#1071 = EDGE_CURVE ( 'NONE', #5355, #6300, #4019, .T. ) ;
#1072 = AXIS2_PLACEMENT_3D ( 'NONE', #3370, #3985, #3464 ) ;
#1073 = DIRECTION ( 'NONE',  ( 0.000000000000000000, 0.000000000000000000, 1.000000000000000000 ) ) ;
#1074 = ORIENTED_EDGE ( 'NONE', *, *, #5393, .F. ) ;
#1075 = CARTESIAN_POINT ( 'NONE',  ( -0.06000000000000000472, -0.01399999999999999856, -0.01500000000000001332 ) ) ;
#1076 = CARTESIAN_POINT ( 'NONE',  ( -0.01650000000000000772, 0.1099999999999999867, 0.001000000000000000021 ) ) ;
#1077 = ORIENTED_EDGE ( 'NONE', *, *, #5291, .T. ) ;
#1078 = EDGE_CURVE ( 'NONE', #5030, #141, #681, .T. ) ;
#1079 = CARTESIAN_POINT ( 'NONE',  ( 0.05000000000000000278, 0.04796257807826604519, -0.06695034905577768036 ) ) ;
#1080 = EDGE_LOOP ( 'NONE', ( #5730, #2133, #465, #3766 ) ) ;
#1081 = CARTESIAN_POINT ( 'NONE',  ( -0.01550000000000000683, 0.1059999999999999831, -0.02393649167310370890 ) ) ;
#1082 = DIRECTION ( 'NONE',  ( 1.000000000000000000, 0.000000000000000000, 0.000000000000000000 ) ) ;
#1083 = CARTESIAN_POINT ( 'NONE',  ( -0.03300000000000000849, 0.1199999999999999956, 0.007000000000000000146 ) ) ;
#1084 = ORIENTED_EDGE ( 'NONE', *, *, #6368, .T. ) ;
#1085 = FACE_OUTER_BOUND ( 'NONE', #4998, .T. ) ;
#1086 = VERTEX_POINT ( 'NONE', #2600 ) ;
#1087 = DIRECTION ( 'NONE',  ( -0.000000000000000000, -0.000000000000000000, 1.000000000000000000 ) ) ;
#1088 = CIRCLE ( 'NONE', #5556, 0.001000000000000000888 ) ;
#1089 = DIRECTION ( 'NONE',  ( -0.000000000000000000, -1.000000000000000000, -0.000000000000000000 ) ) ;
#1090 = AXIS2_PLACEMENT_3D ( 'NONE', #6602, #3377, #5521 ) ;
#1091 = CIRCLE ( 'NONE', #5331, 0.001299999999999999073 ) ;
#1092 = ORIENTED_EDGE ( 'NONE', *, *, #5605, .F. ) ;
#1093 = ORIENTED_EDGE ( 'NONE', *, *, #4595, .T. ) ;
#1094 = ORIENTED_EDGE ( 'NONE', *, *, #4119, .F. ) ;
#1095 = CARTESIAN_POINT ( 'NONE',  ( 0.03299999999999999462, 0.1199999999999999956, 0.007000000000000000146 ) ) ;
#1096 = AXIS2_PLACEMENT_3D ( 'NONE', #6316, #6879, #512 ) ;
#1097 = EDGE_LOOP ( 'NONE', ( #6500, #491, #1012, #3744 ) ) ;
#1098 = CARTESIAN_POINT ( 'NONE',  ( 0.01663900294291058637, 0.1059999999999999831, -0.02396715050892726101 ) ) ;
#1099 = CARTESIAN_POINT ( 'NONE',  ( 0.03299999999999999462, 0.1199999999999999956, 0.007000000000000000146 ) ) ;
#1100 = EDGE_CURVE ( 'NONE', #566, #2488, #4349, .T. ) ;
#1101 = ORIENTED_EDGE ( 'NONE', *, *, #2516, .F. ) ;
#1102 = CARTESIAN_POINT ( 'NONE',  ( 0.02999999999999998848, -0.02299999999999997186, 0.007000000000000000146 ) ) ;
#1103 = ORIENTED_EDGE ( 'NONE', *, *, #1100, .F. ) ;
#1104 = ADVANCED_FACE ( 'NONE', ( #995 ), #3122, .T. ) ;
#1105 = DIRECTION ( 'NONE',  ( 1.000000000000000000, 0.000000000000000000, 0.000000000000000000 ) ) ;
#1106 = FACE_BOUND ( 'NONE', #4530, .T. ) ;
#1107 = ORIENTED_EDGE ( 'NONE', *, *, #278, .F. ) ;
#1108 = CARTESIAN_POINT ( 'NONE',  ( -0.007499999999999999722, -0.09499999999999998723, -0.01000000000000000194 ) ) ;
#1109 = DIRECTION ( 'NONE',  ( -0.000000000000000000, -0.000000000000000000, -1.000000000000000000 ) ) ;
#1110 = ORIENTED_EDGE ( 'NONE', *, *, #3667, .F. ) ;
#1111 = CIRCLE ( 'NONE', #6692, 0.001000000000000000888 ) ;
#1112 = EDGE_CURVE ( 'NONE', #1572, #5626, #6311, .T. ) ;
#1113 = EDGE_CURVE ( 'NONE', #6785, #5248, #2916, .T. ) ;
#1114 = CARTESIAN_POINT ( 'NONE',  ( -0.02999999999999999542, 0.01104832204050209578, -0.003000000000000000062 ) ) ;
#1115 = ORIENTED_EDGE ( 'NONE', *, *, #3191, .F. ) ;
#1116 = DIRECTION ( 'NONE',  ( 0.000000000000000000, -1.000000000000000000, 0.000000000000000000 ) ) ;
#1117 = AXIS2_PLACEMENT_3D ( 'NONE', #4438, #6585, #3491 ) ;
#1118 = CARTESIAN_POINT ( 'NONE',  ( 0.04200000000000000261, -0.04303742192173399400, -0.05895034905577770101 ) ) ;
#1119 = DIRECTION ( 'NONE',  ( -1.000000000000000000, 0.000000000000000000, 0.000000000000000000 ) ) ;
#1120 = EDGE_LOOP ( 'NONE', ( #3777, #4156 ) ) ;
#1121 = EDGE_CURVE ( 'NONE', #6649, #4189, #3378, .T. ) ;
#1122 = VECTOR ( 'NONE', #1715, 1.000000000000000000 ) ;
#1123 = FACE_OUTER_BOUND ( 'NONE', #67, .T. ) ;
#1124 = EDGE_LOOP ( 'NONE', ( #12, #5659, #3454, #657 ) ) ;
#1125 = FACE_BOUND ( 'NONE', #1738, .T. ) ;
#1126 = ADVANCED_FACE ( 'NONE', ( #2268 ), #5522, .T. ) ;
#1127 = FACE_OUTER_BOUND ( 'NONE', #3639, .T. ) ;
#1128 = EDGE_LOOP ( 'NONE', ( #4583, #6023, #3787, #4882 ) ) ;
#1129 = ORIENTED_EDGE ( 'NONE', *, *, #5134, .F. ) ;
#1130 = EDGE_LOOP ( 'NONE', ( #3941, #3938, #1953, #5065 ) ) ;
#1131 = LINE ( 'NONE', #3254, #1941 ) ;
#1132 = ORIENTED_EDGE ( 'NONE', *, *, #6629, .F. ) ;
#1133 = DIRECTION ( 'NONE',  ( 1.000000000000000000, 0.000000000000000000, 0.000000000000000000 ) ) ;
#1134 = DIRECTION ( 'NONE',  ( 0.000000000000000000, 0.000000000000000000, -1.000000000000000000 ) ) ;
#1135 = FACE_OUTER_BOUND ( 'NONE', #4957, .T. ) ;
#1136 = LINE ( 'NONE', #647, #3299 ) ;
#1137 = VECTOR ( 'NONE', #3842, 1.000000000000000000 ) ;
#1138 = ORIENTED_EDGE ( 'NONE', *, *, #6368, .F. ) ;
#1139 = CARTESIAN_POINT ( 'NONE',  ( -0.008430338243672425014, -0.1049999999999999961, -0.02079367267161846139 ) ) ;
#1140 = APPROVAL_DATE_TIME ( #3301, #1924 ) ;
#1141 = LINE ( 'NONE', #2781, #6712 ) ;
#1142 = ADVANCED_FACE ( 'NONE', ( #233 ), #5053, .F. ) ;
#1143 = EDGE_LOOP ( 'NONE', ( #6346, #6172, #4841, #671 ) ) ;
#1144 = FACE_OUTER_BOUND ( 'NONE', #6919, .T. ) ;
#1145 = LINE ( 'NONE', #4884, #5706 ) ;
#1146 = ORIENTED_EDGE ( 'NONE', *, *, #2806, .F. ) ;
#1147 = CIRCLE ( 'NONE', #5273, 0.0009999999999999991535 ) ;
#1148 = DIRECTION ( 'NONE',  ( 1.000000000000000000, 0.000000000000000000, 0.000000000000000000 ) ) ;
#1149 = ORIENTED_EDGE ( 'NONE', *, *, #5342, .T. ) ;
#1150 = VECTOR ( 'NONE', #2206, 1.000000000000000000 ) ;
#1151 = FACE_OUTER_BOUND ( 'NONE', #1879, .T. ) ;
#1152 = ADVANCED_FACE ( 'NONE', ( #754 ), #138, .T. ) ;
#1153 = EDGE_CURVE ( 'NONE', #4666, #3717, #4453, .T. ) ;
#1154 = CARTESIAN_POINT ( 'NONE',  ( -0.01446899481655872753, 0.1043004517078264387, -0.02296875177422683101 ) ) ;
#1155 = CARTESIAN_POINT ( 'NONE',  ( -0.05000000000000000278, 0.03996257807826604502, -0.05895034905577770101 ) ) ;
#1156 = CIRCLE ( 'NONE', #5734, 0.001000000000000000888 ) ;
#1157 = ORIENTED_EDGE ( 'NONE', *, *, #5934, .T. ) ;
#1158 = CARTESIAN_POINT ( 'NONE',  ( 0.06000000000000000472, -0.01149999999999999634, -0.01000000000000000888 ) ) ;
#1159 = ORIENTED_EDGE ( 'NONE', *, *, #6612, .F. ) ;
#1160 = DIRECTION ( 'NONE',  ( 1.000000000000000000, 0.000000000000000000, -0.000000000000000000 ) ) ;
#1161 = EDGE_CURVE ( 'NONE', #6540, #473, #2798, .T. ) ;
#1162 = EDGE_CURVE ( 'NONE', #3225, #4722, #3927, .T. ) ;
#1163 = DIRECTION ( 'NONE',  ( -0.000000000000000000, 0.000000000000000000, 1.000000000000000000 ) ) ;
#1164 = ORIENTED_EDGE ( 'NONE', *, *, #4340, .T. ) ;
#1165 = ORIENTED_EDGE ( 'NONE', *, *, #6457, .T. ) ;
#1166 = ADVANCED_FACE ( 'NONE', ( #5551 ), #4385, .T. ) ;
#1167 = DIRECTION ( 'NONE',  ( -1.000000000000000000, -1.734723475976807341E-16, 0.000000000000000000 ) ) ;
#1168 = VERTEX_POINT ( 'NONE', #6017 ) ;
#1169 = FACE_OUTER_BOUND ( 'NONE', #1996, .T. ) ;
#1170 = LINE ( 'NONE', #1658, #5189 ) ;
#1171 = VECTOR ( 'NONE', #2071, 1.000000000000000000 ) ;
#1172 = CARTESIAN_POINT ( 'NONE',  ( -0.007499999999999998855, 0.1049999999999999822, -0.01000000000000000021 ) ) ;
#1173 = EDGE_LOOP ( 'NONE', ( #4121, #5749, #2736, #4849, #1586 ) ) ;
#1174 = CARTESIAN_POINT ( 'NONE',  ( 0.06000000000000000472, 0.003500000000000003542, -0.01000000000000000888 ) ) ;
#1175 = SECURITY_CLASSIFICATION_LEVEL ( 'unclassified' ) ;
#1176 = DIRECTION ( 'NONE',  ( 0.000000000000000000, 0.000000000000000000, -1.000000000000000000 ) ) ;
#1177 = AXIS2_PLACEMENT_3D ( 'NONE', #6227, #6852, #6290 ) ;
#1178 = ORIENTED_EDGE ( 'NONE', *, *, #5291, .F. ) ;
#1179 = VECTOR ( 'NONE', #505, 1.000000000000000000 ) ;
#1180 = CARTESIAN_POINT ( 'NONE',  ( 0.01399999999999999856, 0.1099999999999999867, -0.02199999999999999872 ) ) ;
#1181 = DIRECTION ( 'NONE',  ( 0.000000000000000000, 0.000000000000000000, -1.000000000000000000 ) ) ;
#1182 = CIRCLE ( 'NONE', #5078, 0.001000000000000000888 ) ;
#1183 = ORIENTED_EDGE ( 'NONE', *, *, #2188, .T. ) ;
#1184 = LINE ( 'NONE', #2821, #553 ) ;
#1185 = EDGE_LOOP ( 'NONE', ( #641, #6507 ) ) ;
#1186 = AXIS2_PLACEMENT_3D ( 'NONE', #6213, #6835, #6243 ) ;
#1187 = LINE ( 'NONE', #1807, #2208 ) ;
#1188 = PLANE ( 'NONE',  #5340 ) ;
#1189 = EDGE_CURVE ( 'NONE', #102, #2070, #6533, .T. ) ;
#1190 = DIRECTION ( 'NONE',  ( 1.000000000000000000, -0.000000000000000000, -0.000000000000000000 ) ) ;
#1191 = CARTESIAN_POINT ( 'NONE',  ( 0.009069501471455288649, 0.1062714305715211499, -0.02599999999999999881 ) ) ;
#1192 = ORIENTED_EDGE ( 'NONE', *, *, #6025, .T. ) ;
#1193 = CIRCLE ( 'NONE', #6324, 0.001299999999999997338 ) ;
#1194 = EDGE_CURVE ( 'NONE', #1687, #6649, #5982, .T. ) ;
#1195 = FACE_OUTER_BOUND ( 'NONE', #3575, .T. ) ;
#1196 = ORIENTED_EDGE ( 'NONE', *, *, #2633, .F. ) ;
#1197 = DIRECTION ( 'NONE',  ( -1.000000000000000000, -0.000000000000000000, -0.000000000000000000 ) ) ;
#1198 = CARTESIAN_POINT ( 'NONE',  ( -0.02000000000000000042, -0.03200000000000001454, -0.008999999999999999320 ) ) ;
#1199 = ORIENTED_EDGE ( 'NONE', *, *, #2224, .T. ) ;
#1200 = ORIENTED_EDGE ( 'NONE', *, *, #3862, .T. ) ;
#1201 = ADVANCED_FACE ( 'NONE', ( #4419 ), #1188, .F. ) ;
#1202 = LINE ( 'NONE', #5434, #5477 ) ;
#1203 = ORIENTED_EDGE ( 'NONE', *, *, #2374, .F. ) ;
#1204 = DIRECTION ( 'NONE',  ( 1.000000000000000000, 0.000000000000000000, -8.673617379884035472E-16 ) ) ;
#1205 = FACE_OUTER_BOUND ( 'NONE', #1400, .T. ) ;
#1206 = CARTESIAN_POINT ( 'NONE',  ( -0.06000000000000000472, 0.006000000000000005329, -0.01370000000000000731 ) ) ;
#1207 = VECTOR ( 'NONE', #6359, 1.000000000000000000 ) ;
#1208 = ADVANCED_FACE ( 'NONE', ( #1844 ), #3960, .F. ) ;
#1209 = AXIS2_PLACEMENT_3D ( 'NONE', #6041, #4441, #813 ) ;
#1210 = CARTESIAN_POINT ( 'NONE',  ( -0.008309900245939860763, 0.1149999999999999911, -0.02070664331622527193 ) ) ;
#1211 = DIRECTION ( 'NONE',  ( 1.000000000000000000, 0.000000000000000000, 0.000000000000000000 ) ) ;
#1212 = VERTEX_POINT ( 'NONE', #1255 ) ;
#1213 = CARTESIAN_POINT ( 'NONE',  ( 0.02999999999999998848, 0.02299999999999999961, 0.000000000000000000 ) ) ;
#1214 = CARTESIAN_POINT ( 'NONE',  ( -0.01499787850257133966, 0.1044209547940841420, -0.02299045320213719337 ) ) ;
#1215 = ORIENTED_EDGE ( 'NONE', *, *, #931, .T. ) ;
#1216 = DIRECTION ( 'NONE',  ( -1.541976423090494401E-16, -1.000000000000000000, 0.000000000000000000 ) ) ;
#1217 = ORIENTED_EDGE ( 'NONE', *, *, #2826, .T. ) ;
#1218 = CARTESIAN_POINT ( 'NONE',  ( 0.01000000000000000021, -0.09999999999999999167, -0.01630000000000000546 ) ) ;
#1219 = DIRECTION ( 'NONE',  ( 1.000000000000000000, 0.000000000000000000, 0.000000000000000000 ) ) ;
#1220 = CIRCLE ( 'NONE', #6030, 0.002000000000000000042 ) ;
#1221 = CARTESIAN_POINT ( 'NONE',  ( -0.02999999999999999542, 0.01804832204050209679, 0.000000000000000000 ) ) ;
#1222 = VECTOR ( 'NONE', #1252, 1.000000000000000000 ) ;
#1223 = DIRECTION ( 'NONE',  ( 0.000000000000000000, -1.000000000000000000, 0.000000000000000000 ) ) ;
#1224 = ORIENTED_EDGE ( 'NONE', *, *, #6267, .T. ) ;
#1225 = FACE_OUTER_BOUND ( 'NONE', #44, .T. ) ;
#1226 = EDGE_CURVE ( 'NONE', #6131, #6702, #3646, .T. ) ;
#1227 = CIRCLE ( 'NONE', #2339, 0.001000000000000000021 ) ;
#1228 = EDGE_LOOP ( 'NONE', ( #3590, #2919, #2592, #1258 ) ) ;
#1229 = SPHERICAL_SURFACE ( 'NONE', #6842, 0.001000000000000000021 ) ;
#1230 = CARTESIAN_POINT ( 'NONE',  ( -0.01608578643762691163, 0.1039570747054155142, -0.02299999999999999961 ) ) ;
#1231 = ADVANCED_FACE ( 'NONE', ( #2824 ), #5490, .F. ) ;
#1232 = ORIENTED_EDGE ( 'NONE', *, *, #4387, .T. ) ;
#1233 = VERTEX_POINT ( 'NONE', #2853 ) ;
#1234 = LINE ( 'NONE', #3845, #3226 ) ;
#1235 = ORIENTED_EDGE ( 'NONE', *, *, #4648, .F. ) ;
#1236 = CARTESIAN_POINT ( 'NONE',  ( -0.01050000000000000239, 0.000000000000000000, 0.000000000000000000 ) ) ;
#1237 = CIRCLE ( 'NONE', #4233, 0.001299999999999999073 ) ;
#1238 = DIRECTION ( 'NONE',  ( 0.000000000000000000, 0.000000000000000000, -1.000000000000000000 ) ) ;
#1239 = EDGE_CURVE ( 'NONE', #4344, #1656, #1278, .T. ) ;
#1240 = AXIS2_PLACEMENT_3D ( 'NONE', #228, #5582, #2880 ) ;
#1241 = CARTESIAN_POINT ( 'NONE',  ( -0.007499999999999997988, 0.1149999999999999911, -0.02000000000000000042 ) ) ;
#1242 = AXIS2_PLACEMENT_3D ( 'NONE', #2485, #6264, #1542 ) ;
#1243 = CARTESIAN_POINT ( 'NONE',  ( 0.000000000000000000, 0.1089999999999999858, 0.001000000000000000021 ) ) ;
#1244 = CARTESIAN_POINT ( 'NONE',  ( 0.05000000000000000278, 0.04796257807826604519, -0.05895034905577770795 ) ) ;
#1245 = VECTOR ( 'NONE', #4995, 1.000000000000000000 ) ;
#1246 = EDGE_CURVE ( 'NONE', #5204, #4918, #3399, .T. ) ;
#1247 = ORIENTED_EDGE ( 'NONE', *, *, #1054, .F. ) ;
#1248 = DIRECTION ( 'NONE',  ( 1.000000000000000000, 0.000000000000000000, -0.000000000000000000 ) ) ;
#1249 = CARTESIAN_POINT ( 'NONE',  ( -0.01499393583096769039, 0.1035428611430424528, -0.02309969743850208770 ) ) ;
#1250 = ORIENTED_EDGE ( 'NONE', *, *, #4209, .F. ) ;
#1251 = ADVANCED_FACE ( 'NONE', ( #6175 ), #3428, .F. ) ;
#1252 = DIRECTION ( 'NONE',  ( 0.000000000000000000, -1.000000000000000000, -2.312964634635742957E-16 ) ) ;
#1253 = ORIENTED_EDGE ( 'NONE', *, *, #4559, .F. ) ;
#1254 = DIRECTION ( 'NONE',  ( 0.000000000000000000, 0.000000000000000000, -1.000000000000000000 ) ) ;
#1255 = CARTESIAN_POINT ( 'NONE',  ( -0.05699999999999999512, 0.04796257807826604519, 0.007000000000000000146 ) ) ;
#1256 = CARTESIAN_POINT ( 'NONE',  ( -0.06000000000000000472, 0.003500000000000003542, -0.01000000000000000888 ) ) ;
#1257 = DIRECTION ( 'NONE',  ( 0.000000000000000000, 0.000000000000000000, -1.000000000000000000 ) ) ;
#1258 = ORIENTED_EDGE ( 'NONE', *, *, #1672, .F. ) ;
#1259 = VECTOR ( 'NONE', #4429, 1.000000000000000000 ) ;
#1260 = CARTESIAN_POINT ( 'NONE',  ( -0.01650000000000000772, 0.1199999999999999956, 0.007000000000000000146 ) ) ;
#1261 = LINE ( 'NONE', #3384, #3372 ) ;
#1262 = VECTOR ( 'NONE', #4175, 1.000000000000000000 ) ;
#1263 = PLANE ( 'NONE',  #5035 ) ;
#1264 = DIRECTION ( 'NONE',  ( 0.000000000000000000, 0.000000000000000000, -1.000000000000000000 ) ) ;
#1265 = ORIENTED_EDGE ( 'NONE', *, *, #838, .T. ) ;
#1266 = VERTEX_POINT ( 'NONE', #5542 ) ;
#1267 = ADVANCED_FACE ( 'NONE', ( #6591 ), #777, .F. ) ;
#1268 = CARTESIAN_POINT ( 'NONE',  ( -0.02999999999999999542, 0.01104832204050209578, 0.000000000000000000 ) ) ;
#1269 = ADVANCED_FACE ( 'NONE', ( #6141 ), #4016, .F. ) ;
#1270 = EDGE_LOOP ( 'NONE', ( #4678, #4965, #3282, #1922 ) ) ;
#1271 = LINE ( 'NONE', #5470, #392 ) ;
#1272 = CARTESIAN_POINT ( 'NONE',  ( -0.04200000000000000261, 0.03996257807826605196, -0.06095034905577770279 ) ) ;
#1273 = EDGE_CURVE ( 'NONE', #2239, #1979, #3366, .T. ) ;
#1274 = CARTESIAN_POINT ( 'NONE',  ( -0.03300000000000000849, 0.1199999999999999956, 0.007000000000000000146 ) ) ;
#1275 = CIRCLE ( 'NONE', #4845, 0.001000000000000000888 ) ;
#1276 = EDGE_CURVE ( 'NONE', #4769, #3211, #6909, .T. ) ;
#1277 = CARTESIAN_POINT ( 'NONE',  ( -0.01399999999999999856, 0.1059999999999999831, -0.02299999999999999961 ) ) ;
#1278 = LINE ( 'NONE', #1765, #4434 ) ;
#1279 = CIRCLE ( 'NONE', #55, 0.001299999999999997338 ) ;
#1280 = ORIENTED_EDGE ( 'NONE', *, *, #1331, .T. ) ;
#1281 = PLANE ( 'NONE',  #5880 ) ;
#1282 = DIRECTION ( 'NONE',  ( 0.000000000000000000, 0.000000000000000000, -1.000000000000000000 ) ) ;
#1283 = ORIENTED_EDGE ( 'NONE', *, *, #6532, .F. ) ;
#1284 = ADVANCED_FACE ( 'NONE', ( #1341 ), #1671, .T. ) ;
#1285 = ADVANCED_FACE ( 'NONE', ( #2287 ), #3916, .F. ) ;
#1286 = FACE_BOUND ( 'NONE', #6892, .T. ) ;
#1287 = DIRECTION ( 'NONE',  ( -0.000000000000000000, -0.000000000000000000, -1.000000000000000000 ) ) ;
#1288 = CIRCLE ( 'NONE', #836, 0.001000000000000000888 ) ;
#1289 = DIRECTION ( 'NONE',  ( 0.000000000000000000, -1.000000000000000000, 0.000000000000000000 ) ) ;
#1290 = DIRECTION ( 'NONE',  ( -1.000000000000000000, -0.000000000000000000, -0.000000000000000000 ) ) ;
#1291 = DIRECTION ( 'NONE',  ( -1.000000000000000000, 0.000000000000000000, 0.000000000000000000 ) ) ;
#1292 = ORIENTED_EDGE ( 'NONE', *, *, #3367, .T. ) ;
#1293 = LINE ( 'NONE', #1426, #3557 ) ;
#1294 = DIRECTION ( 'NONE',  ( 0.000000000000000000, 0.000000000000000000, 1.000000000000000000 ) ) ;
#1295 = LINE ( 'NONE', #5027, #3573 ) ;
#1296 = CARTESIAN_POINT ( 'NONE',  ( 0.000000000000000000, -0.03200000000000001454, 0.000000000000000000 ) ) ;
#1297 = ORIENTED_EDGE ( 'NONE', *, *, #4941, .F. ) ;
#1298 = ORIENTED_EDGE ( 'NONE', *, *, #6488, .F. ) ;
#1299 = CARTESIAN_POINT ( 'NONE',  ( -0.05699999999999999512, 0.04796257807826604519, -0.07299999999999999545 ) ) ;
#1300 = ORIENTED_EDGE ( 'NONE', *, *, #1910, .T. ) ;
#1301 = CARTESIAN_POINT ( 'NONE',  ( 0.01299999999999999246, -0.09999999999999999167, -0.02500000000000000139 ) ) ;
#1302 = CYLINDRICAL_SURFACE ( 'NONE', #3999, 0.001299999999999999073 ) ;
#1303 = DIRECTION ( 'NONE',  ( 0.000000000000000000, 0.000000000000000000, 1.000000000000000000 ) ) ;
#1304 = DIRECTION ( 'NONE',  ( 0.000000000000000000, 0.000000000000000000, -1.000000000000000000 ) ) ;
#1305 = LINE ( 'NONE', #6074, #4890 ) ;
#1306 = EDGE_CURVE ( 'NONE', #3595, #3216, #2842, .T. ) ;
#1307 = ORIENTED_EDGE ( 'NONE', *, *, #278, .T. ) ;
#1308 = CARTESIAN_POINT ( 'NONE',  ( 0.01699999999999999428, -0.09799999999999998990, -0.002000000000000001776 ) ) ;
#1309 = EDGE_CURVE ( 'NONE', #6050, #300, #1305, .T. ) ;
#1310 = FACE_OUTER_BOUND ( 'NONE', #1130, .T. ) ;
#1311 = CIRCLE ( 'NONE', #305, 0.001000000000000000888 ) ;
#1312 = ORIENTED_EDGE ( 'NONE', *, *, #2991, .F. ) ;
#1313 = FACE_BOUND ( 'NONE', #4676, .T. ) ;
#1314 = AXIS2_PLACEMENT_3D ( 'NONE', #6655, #3853, #5573 ) ;
#1315 = CARTESIAN_POINT ( 'NONE',  ( 0.03099999999999999631, 0.01804832204050208291, -0.003000000000000000062 ) ) ;
#1316 = CARTESIAN_POINT ( 'NONE',  ( -0.02000000000000000042, 0.04099999999999999478, -0.008999999999999999320 ) ) ;
#1317 = CARTESIAN_POINT ( 'NONE',  ( 0.06000000000000000472, 0.006000000000000005329, -0.01370000000000000731 ) ) ;
#1318 = EDGE_CURVE ( 'NONE', #2028, #4278, #5008, .T. ) ;
#1319 = CARTESIAN_POINT ( 'NONE',  ( 0.02000000000000000042, 0.03799999999999999212, 0.000000000000000000 ) ) ;
#1320 = ADVANCED_FACE ( 'NONE', ( #4475 ), #6628, .F. ) ;
#1321 = ORIENTED_EDGE ( 'NONE', *, *, #3657, .T. ) ;
#1322 = DIRECTION ( 'NONE',  ( 1.000000000000000000, -0.000000000000000000, -0.000000000000000000 ) ) ;
#1323 = CARTESIAN_POINT ( 'NONE',  ( -0.006500000000000000569, 0.09349999999999999978, 0.000000000000000000 ) ) ;
#1324 = CARTESIAN_POINT ( 'NONE',  ( 0.03099999999999998937, -0.02299999999999997186, 0.000000000000000000 ) ) ;
#1325 = LINE ( 'NONE', #3447, #1466 ) ;
#1326 = CARTESIAN_POINT ( 'NONE',  ( -0.01500000000000000638, -0.09499999999999998723, -0.02500000000000000139 ) ) ;
#1327 = ORIENTED_EDGE ( 'NONE', *, *, #2611, .T. ) ;
#1328 = ORIENTED_EDGE ( 'NONE', *, *, #4078, .F. ) ;
#1329 = CIRCLE ( 'NONE', #5234, 0.001300000000000000808 ) ;
#1330 = CARTESIAN_POINT ( 'NONE',  ( -0.008309900245939860763, 0.1099999999999999867, -0.02070664331622527193 ) ) ;
#1331 = EDGE_CURVE ( 'NONE', #3298, #3088, #431, .T. ) ;
#1332 = ORIENTED_EDGE ( 'NONE', *, *, #3081, .F. ) ;
#1333 = DIRECTION ( 'NONE',  ( 0.000000000000000000, -1.000000000000000000, 0.000000000000000000 ) ) ;
#1334 = LINE ( 'NONE', #4881, #2906 ) ;
#1335 = CARTESIAN_POINT ( 'NONE',  ( -0.01422900985465981594, 0.1035428611430424528, -0.02392491604476003342 ) ) ;
#1336 = AXIS2_PLACEMENT_3D ( 'NONE', #6616, #215, #3878 ) ;
#1337 = EDGE_LOOP ( 'NONE', ( #5844, #269 ) ) ;
#1338 = LINE ( 'NONE', #6587, #4403 ) ;
#1339 = VECTOR ( 'NONE', #2581, 1.000000000000000000 ) ;
#1340 = CARTESIAN_POINT ( 'NONE',  ( -0.01550000000000000683, 0.1099999999999999867, -0.02599999999999999881 ) ) ;
#1341 = FACE_OUTER_BOUND ( 'NONE', #2379, .T. ) ;
#1342 = AXIS2_PLACEMENT_3D ( 'NONE', #5258, #4159, #6872 ) ;
#1343 = ORIENTED_EDGE ( 'NONE', *, *, #6498, .F. ) ;
#1344 = DIRECTION ( 'NONE',  ( -1.000000000000000000, 0.000000000000000000, 0.000000000000000000 ) ) ;
#1345 = DIRECTION ( 'NONE',  ( -0.000000000000000000, -0.000000000000000000, 1.000000000000000000 ) ) ;
#1346 = ORIENTED_EDGE ( 'NONE', *, *, #3531, .F. ) ;
#1347 = EDGE_CURVE ( 'NONE', #4142, #1168, #3537, .T. ) ;
#1348 = DIRECTION ( 'NONE',  ( 1.000000000000000000, 0.000000000000000000, 0.000000000000000000 ) ) ;
#1349 = EDGE_CURVE ( 'NONE', #3631, #6925, #6727, .T. ) ;
#1350 = AXIS2_PLACEMENT_3D ( 'NONE', #250, #842, #1369 ) ;
#1351 = CARTESIAN_POINT ( 'NONE',  ( -0.01300000000000000634, -0.09499999999999998723, -0.02500000000000000139 ) ) ;
#1352 = ORIENTED_EDGE ( 'NONE', *, *, #1662, .T. ) ;
#1353 = DIRECTION ( 'NONE',  ( -0.000000000000000000, -1.000000000000000000, -0.000000000000000000 ) ) ;
#1354 = CARTESIAN_POINT ( 'NONE',  ( 0.01006950147145528780, 0.1062714305715211499, -0.02099999999999999784 ) ) ;
#1355 = ORIENTED_EDGE ( 'NONE', *, *, #6025, .F. ) ;
#1356 = CARTESIAN_POINT ( 'NONE',  ( 0.01600000000000000033, 0.1059999999999999831, -0.02199999999999999872 ) ) ;
#1357 = ADVANCED_FACE ( 'NONE', ( #3084 ), #3045, .F. ) ;
#1358 = ADVANCED_FACE ( 'NONE', ( #5219 ), #4680, .F. ) ;
#1359 = CARTESIAN_POINT ( 'NONE',  ( -0.02000000000000000042, -0.03200000000000001454, 0.007000000000000000146 ) ) ;
#1360 = CARTESIAN_POINT ( 'NONE',  ( 0.004999999999999928980, 0.04549999999999997102, 0.007000000000000000146 ) ) ;
#1361 = CARTESIAN_POINT ( 'NONE',  ( 0.01536994392277366700, 0.1035428611430424528, -0.02400000000000000050 ) ) ;
#1362 = ORIENTED_EDGE ( 'NONE', *, *, #390, .T. ) ;
#1363 = ORIENTED_EDGE ( 'NONE', *, *, #6075, .F. ) ;
#1364 = CARTESIAN_POINT ( 'NONE',  ( 0.03299999999999999462, 0.1199999999999999956, 0.000000000000000000 ) ) ;
#1365 = ORIENTED_EDGE ( 'NONE', *, *, #6421, .T. ) ;
#1366 = VECTOR ( 'NONE', #2652, 1.000000000000000000 ) ;
#1367 = EDGE_CURVE ( 'NONE', #3009, #300, #1874, .T. ) ;
#1368 = PLANE ( 'NONE',  #2154 ) ;
#1369 = DIRECTION ( 'NONE',  ( 0.000000000000000000, -0.000000000000000000, 1.000000000000000000 ) ) ;
#1370 = CIRCLE ( 'NONE', #2035, 0.002000000000000000042 ) ;
#1371 = CARTESIAN_POINT ( 'NONE',  ( -0.01491297069657407902, 0.1035428611430424528, -0.02398090639756505008 ) ) ;
#1372 = ORIENTED_EDGE ( 'NONE', *, *, #4350, .T. ) ;
#1373 = DIRECTION ( 'NONE',  ( 0.000000000000000000, -0.000000000000000000, -1.000000000000000000 ) ) ;
#1374 = ORIENTED_EDGE ( 'NONE', *, *, #1989, .T. ) ;
#1375 = DIRECTION ( 'NONE',  ( -0.000000000000000000, -0.000000000000000000, -1.000000000000000000 ) ) ;
#1376 = DIRECTION ( 'NONE',  ( 1.000000000000000000, 0.000000000000000000, 0.000000000000000000 ) ) ;
#1377 = VERTEX_POINT ( 'NONE', #1551 ) ;
#1378 = AXIS2_PLACEMENT_3D ( 'NONE', #1933, #4015, #5612 ) ;
#1379 = DIRECTION ( 'NONE',  ( -0.000000000000000000, -1.000000000000000000, -0.000000000000000000 ) ) ;
#1380 = CARTESIAN_POINT ( 'NONE',  ( -0.01300000000000000634, -0.09799999999999998990, -0.02500000000000000139 ) ) ;
#1381 = ORIENTED_EDGE ( 'NONE', *, *, #2868, .F. ) ;
#1382 = DIRECTION ( 'NONE',  ( -0.000000000000000000, -0.000000000000000000, -1.000000000000000000 ) ) ;
#1383 = VECTOR ( 'NONE', #6381, 1.000000000000000000 ) ;
#1384 = CARTESIAN_POINT ( 'NONE',  ( -0.02000000000000000042, 0.03799999999999999212, -0.008999999999999999320 ) ) ;
#1385 = VERTEX_POINT ( 'NONE', #6270 ) ;
#1386 = CARTESIAN_POINT ( 'NONE',  ( 0.01299999999999999246, -0.09999999999999999167, -0.002000000000000001776 ) ) ;
#1387 = FACE_OUTER_BOUND ( 'NONE', #1415, .T. ) ;
#1388 = ORIENTED_EDGE ( 'NONE', *, *, #2811, .F. ) ;
#1389 = LINE ( 'NONE', #5628, #6483 ) ;
#1390 = DIRECTION ( 'NONE',  ( 0.000000000000000000, 1.000000000000000000, 0.000000000000000000 ) ) ;
#1391 = EDGE_CURVE ( 'NONE', #5875, #4278, #3669, .T. ) ;
#1392 = CARTESIAN_POINT ( 'NONE',  ( 0.008263035228247464503, 0.1149999999999999911, -0.009194146154766909620 ) ) ;
#1393 = CARTESIAN_POINT ( 'NONE',  ( -0.06000000000000000472, -0.01149999999999999634, -0.02000000000000001082 ) ) ;
#1394 = AXIS2_PLACEMENT_3D ( 'NONE', #5110, #3493, #6724 ) ;
#1395 = ORIENTED_EDGE ( 'NONE', *, *, #157, .T. ) ;
#1396 = EDGE_LOOP ( 'NONE', ( #258, #542, #5499, #3381 ) ) ;
#1397 = ADVANCED_FACE ( 'NONE', ( #2594 ), #2561, .F. ) ;
#1398 = CIRCLE ( 'NONE', #6426, 0.001000000000000000888 ) ;
#1399 = CARTESIAN_POINT ( 'NONE',  ( 0.02299999999999999961, 0.03799999999999999212, -0.008999999999999999320 ) ) ;
#1400 = EDGE_LOOP ( 'NONE', ( #5601, #4266, #1300, #6732 ) ) ;
#1401 = CARTESIAN_POINT ( 'NONE',  ( 0.02475000000000000117, 0.1020000000000000073, 0.000000000000000000 ) ) ;
#1402 = VECTOR ( 'NONE', #3601, 1.000000000000000000 ) ;
#1403 = DIRECTION ( 'NONE',  ( -1.000000000000000000, 0.000000000000000000, 0.000000000000000000 ) ) ;
#1404 = FACE_OUTER_BOUND ( 'NONE', #4444, .T. ) ;
#1405 = ORIENTED_EDGE ( 'NONE', *, *, #3271, .T. ) ;
#1406 = ADVANCED_FACE ( 'NONE', ( #398 ), #1966, .F. ) ;
#1407 = EDGE_CURVE ( 'NONE', #5010, #989, #5113, .T. ) ;
#1408 = EDGE_LOOP ( 'NONE', ( #4856, #621, #4037, #2061 ) ) ;
#1409 = CARTESIAN_POINT ( 'NONE',  ( -0.01500000000000000465, -0.09582842712474617941, -0.02417157287525380921 ) ) ;
#1410 = DIRECTION ( 'NONE',  ( -0.000000000000000000, -0.000000000000000000, -1.000000000000000000 ) ) ;
#1411 = VERTEX_POINT ( 'NONE', #467 ) ;
#1412 = CARTESIAN_POINT ( 'NONE',  ( 0.04200000000000000261, 0.04796257807826604519, -0.06695034905577768036 ) ) ;
#1413 = DIRECTION ( 'NONE',  ( 0.000000000000000000, -0.000000000000000000, 1.000000000000000000 ) ) ;
#1414 = EDGE_CURVE ( 'NONE', #6715, #396, #2038, .T. ) ;
#1415 = EDGE_LOOP ( 'NONE', ( #5990, #6033, #1821, #6434 ) ) ;
#1416 = DIRECTION ( 'NONE',  ( -1.000000000000000000, -0.000000000000000000, -0.000000000000000000 ) ) ;
#1417 = CIRCLE ( 'NONE', #2313, 0.001299999999999999073 ) ;
#1418 = LINE ( 'NONE', #1315, #1655 ) ;
#1419 = TOROIDAL_SURFACE ( 'NONE', #5330, 0.002000000000000000042, 0.001000000000000000021 ) ;
#1420 = AXIS2_PLACEMENT_3D ( 'NONE', #4335, #6713, #3936 ) ;
#1421 = VERTEX_POINT ( 'NONE', #325 ) ;
#1422 = CARTESIAN_POINT ( 'NONE',  ( 0.000000000000000000, -0.09999999999999999167, 0.002000000000000000042 ) ) ;
#1423 = CARTESIAN_POINT ( 'NONE',  ( 0.009999999999999998473, 0.1049999999999999822, -0.01629999999999999505 ) ) ;
#1424 = ORIENTED_EDGE ( 'NONE', *, *, #1481, .F. ) ;
#1425 = VECTOR ( 'NONE', #821, 1.000000000000000000 ) ;
#1426 = CARTESIAN_POINT ( 'NONE',  ( -0.06000000000000000472, -0.01149999999999999634, -0.01000000000000001235 ) ) ;
#1427 = AXIS2_PLACEMENT_3D ( 'NONE', #6342, #6210, #6306 ) ;
#1428 = CARTESIAN_POINT ( 'NONE',  ( -0.008430338243672425014, -0.1049999999999999961, -0.02079367267161846139 ) ) ;
#1429 = DIRECTION ( 'NONE',  ( -0.000000000000000000, -1.000000000000000000, -0.000000000000000000 ) ) ;
#1430 = CARTESIAN_POINT ( 'NONE',  ( 0.009999999999999998473, 0.1129999999999999755, -0.01499999999999999598 ) ) ;
#1431 = ORIENTED_EDGE ( 'NONE', *, *, #3964, .T. ) ;
#1432 = VERTEX_POINT ( 'NONE', #1516 ) ;
#1433 = LINE ( 'NONE', #6784, #1677 ) ;
#1434 = EDGE_LOOP ( 'NONE', ( #1059, #5998, #644, #4070 ) ) ;
#1435 = FACE_OUTER_BOUND ( 'NONE', #2699, .T. ) ;
#1436 = EDGE_CURVE ( 'NONE', #6143, #2941, #2000, .T. ) ;
#1437 = DIRECTION ( 'NONE',  ( -0.000000000000000000, 0.000000000000000000, -1.000000000000000000 ) ) ;
#1438 = DIRECTION ( 'NONE',  ( -0.000000000000000000, -0.000000000000000000, -1.000000000000000000 ) ) ;
#1439 = AXIS2_PLACEMENT_3D ( 'NONE', #3277, #4855, #73 ) ;
#1440 = EDGE_LOOP ( 'NONE', ( #952, #2815, #5496, #4132 ) ) ;
#1441 = VERTEX_POINT ( 'NONE', #4085 ) ;
#1442 = VECTOR ( 'NONE', #4483, 1.000000000000000000 ) ;
#1443 = EDGE_LOOP ( 'NONE', ( #461, #3449, #873, #5214 ) ) ;
#1444 = CARTESIAN_POINT ( 'NONE',  ( -0.01500000000000000638, -0.09699999999999998901, -0.02299999999999999961 ) ) ;
#1445 = CARTESIAN_POINT ( 'NONE',  ( -0.05699999999999999512, 0.03996257807826604502, 0.007000000000000000146 ) ) ;
#1446 = VECTOR ( 'NONE', #6260, 1.000000000000000000 ) ;
#1447 = EDGE_CURVE ( 'NONE', #3215, #6143, #4203, .T. ) ;
#1448 = ORIENTED_EDGE ( 'NONE', *, *, #6666, .F. ) ;
#1449 = CARTESIAN_POINT ( 'NONE',  ( 0.01049999999999999892, 0.04874999999999998085, 0.007000000000000000146 ) ) ;
#1450 = DIRECTION ( 'NONE',  ( 1.000000000000000000, 0.000000000000000000, 0.000000000000000000 ) ) ;
#1451 = ORIENTED_EDGE ( 'NONE', *, *, #5423, .T. ) ;
#1452 = AXIS2_PLACEMENT_3D ( 'NONE', #5700, #3477, #6709 ) ;
#1453 = CARTESIAN_POINT ( 'NONE',  ( 0.01581950147145529464, 0.1059999999999999831, -0.02298357525446362987 ) ) ;
#1454 = EDGE_CURVE ( 'NONE', #1212, #1000, #4717, .T. ) ;
#1455 = CARTESIAN_POINT ( 'NONE',  ( -0.007499999999999999722, -0.1049999999999999961, -0.02000000000000000389 ) ) ;
#1456 = ORIENTED_EDGE ( 'NONE', *, *, #5595, .F. ) ;
#1457 = DIRECTION ( 'NONE',  ( 1.052139071779383273E-16, 0.000000000000000000, -1.000000000000000000 ) ) ;
#1458 = DIRECTION ( 'NONE',  ( -1.000000000000000000, 0.000000000000000000, 0.000000000000000000 ) ) ;
#1459 = CIRCLE ( 'NONE', #5371, 0.001000000000000000888 ) ;
#1460 = ORIENTED_EDGE ( 'NONE', *, *, #2514, .T. ) ;
#1461 = EDGE_CURVE ( 'NONE', #6020, #4191, #5149, .T. ) ;
#1462 = VECTOR ( 'NONE', #5711, 1.000000000000000000 ) ;
#1463 = DIRECTION ( 'NONE',  ( 1.000000000000000000, 0.000000000000000000, 0.000000000000000000 ) ) ;
#1464 = CARTESIAN_POINT ( 'NONE',  ( 0.03099999999999998937, -0.02299999999999997186, 0.007000000000000000146 ) ) ;
#1465 = CARTESIAN_POINT ( 'NONE',  ( -0.01650000000000000772, 0.1059999999999999831, -0.02393649167310370890 ) ) ;
#1466 = VECTOR ( 'NONE', #796, 1.000000000000000000 ) ;
#1467 = LINE ( 'NONE', #3584, #3291 ) ;
#1468 = ORIENTED_EDGE ( 'NONE', *, *, #2044, .F. ) ;
#1469 = VERTEX_POINT ( 'NONE', #4118 ) ;
#1470 = DIRECTION ( 'NONE',  ( 1.000000000000000000, 0.000000000000000000, 0.000000000000000000 ) ) ;
#1471 = ORIENTED_EDGE ( 'NONE', *, *, #5343, .F. ) ;
#1472 = DIRECTION ( 'NONE',  ( -0.000000000000000000, -0.000000000000000000, -1.000000000000000000 ) ) ;
#1473 = CYLINDRICAL_SURFACE ( 'NONE', #2134, 0.001500000000000000899 ) ;
#1474 = DIRECTION ( 'NONE',  ( -0.000000000000000000, -0.000000000000000000, -1.000000000000000000 ) ) ;
#1475 = VERTEX_POINT ( 'NONE', #3599 ) ;
#1476 = VECTOR ( 'NONE', #6568, 1.000000000000000000 ) ;
#1477 = CIRCLE ( 'NONE', #3034, 0.001000000000000000888 ) ;
#1478 = VERTEX_POINT ( 'NONE', #4837 ) ;
#1479 = CARTESIAN_POINT ( 'NONE',  ( -0.05000000000000000971, 0.09199999999999999845, 0.007000000000000000146 ) ) ;
#1480 = CARTESIAN_POINT ( 'NONE',  ( 0.01049999999999999892, 0.09024999999999998301, 0.007000000000000000146 ) ) ;
#1481 = EDGE_CURVE ( 'NONE', #993, #4981, #2149, .T. ) ;
#1482 = VECTOR ( 'NONE', #4657, 1.000000000000000000 ) ;
#1483 = ORIENTED_EDGE ( 'NONE', *, *, #6714, .T. ) ;
#1484 = CARTESIAN_POINT ( 'NONE',  ( 0.000000000000000000, -0.1049999999999999961, 0.000000000000000000 ) ) ;
#1485 = CARTESIAN_POINT ( 'NONE',  ( -0.05000000000000000971, -0.09799999999999998990, 0.000000000000000000 ) ) ;
#1486 = EDGE_LOOP ( 'NONE', ( #1405, #4544, #1644, #2304 ) ) ;
#1487 = EDGE_CURVE ( 'NONE', #4718, #5979, #6126, .T. ) ;
#1488 = DIRECTION ( 'NONE',  ( 0.000000000000000000, 0.000000000000000000, -1.000000000000000000 ) ) ;
#1489 = CARTESIAN_POINT ( 'NONE',  ( 0.03300000000000000849, 0.09200000000000001232, -0.003000000000000000062 ) ) ;
#1490 = VERTEX_POINT ( 'NONE', #4265 ) ;
#1491 = DIRECTION ( 'NONE',  ( 0.000000000000000000, -0.000000000000000000, 1.000000000000000000 ) ) ;
#1492 = DIRECTION ( 'NONE',  ( 0.000000000000000000, 1.000000000000000000, -0.000000000000000000 ) ) ;
#1493 = ORIENTED_EDGE ( 'NONE', *, *, #5586, .F. ) ;
#1494 = ADVANCED_FACE ( 'NONE', ( #3704 ), #3220, .T. ) ;
#1495 = CIRCLE ( 'NONE', #1378, 0.001500000000000000465 ) ;
#1496 = DIRECTION ( 'NONE',  ( 1.000000000000000000, -0.000000000000000000, -0.000000000000000000 ) ) ;
#1497 = CARTESIAN_POINT ( 'NONE',  ( 0.01600000000000000033, 0.1099999999999999867, -0.02199999999999999872 ) ) ;
#1498 = DIRECTION ( 'NONE',  ( 0.000000000000000000, -0.000000000000000000, -1.000000000000000000 ) ) ;
#1499 = FACE_OUTER_BOUND ( 'NONE', #4036, .T. ) ;
#1500 = ORIENTED_EDGE ( 'NONE', *, *, #2171, .T. ) ;
#1501 = ORIENTED_EDGE ( 'NONE', *, *, #6588, .T. ) ;
#1502 = EDGE_CURVE ( 'NONE', #6020, #2630, #2706, .T. ) ;
#1503 = CARTESIAN_POINT ( 'NONE',  ( 0.01399999999999999856, 0.1035428611430424528, -0.02392491604476004730 ) ) ;
#1504 = ORIENTED_EDGE ( 'NONE', *, *, #5913, .F. ) ;
#1505 = DIRECTION ( 'NONE',  ( 1.000000000000000000, 0.000000000000000000, 0.000000000000000000 ) ) ;
#1506 = FACE_OUTER_BOUND ( 'NONE', #3463, .T. ) ;
#1507 = VECTOR ( 'NONE', #5272, 1.000000000000000000 ) ;
#1508 = LINE ( 'NONE', #5244, #4125 ) ;
#1509 = AXIS2_PLACEMENT_3D ( 'NONE', #2350, #6103, #677 ) ;
#1510 = ORIENTED_EDGE ( 'NONE', *, *, #4817, .F. ) ;
#1511 = VERTEX_POINT ( 'NONE', #2632 ) ;
#1512 = VERTEX_POINT ( 'NONE', #2741 ) ;
#1513 = VECTOR ( 'NONE', #3776, 1.000000000000000000 ) ;
#1514 = VERTEX_POINT ( 'NONE', #536 ) ;
#1515 = DIRECTION ( 'NONE',  ( -0.000000000000000000, -0.000000000000000000, 1.000000000000000000 ) ) ;
#1516 = CARTESIAN_POINT ( 'NONE',  ( 0.02899999999999998759, -0.02299999999999997186, 0.007000000000000000146 ) ) ;
#1517 = ORIENTED_EDGE ( 'NONE', *, *, #1013, .F. ) ;
#1518 = CARTESIAN_POINT ( 'NONE',  ( -0.03300000000000000849, 0.1199999999999999956, 0.000000000000000000 ) ) ;
#1519 = DIRECTION ( 'NONE',  ( 0.000000000000000000, 0.000000000000000000, -1.000000000000000000 ) ) ;
#1520 = ORIENTED_EDGE ( 'NONE', *, *, #1547, .T. ) ;
#1521 = CIRCLE ( 'NONE', #4520, 0.001299999999999999073 ) ;
#1522 = ADVANCED_FACE ( 'NONE', ( #5323, #646, #503, #4905 ), #1620, .F. ) ;
#1523 = DIRECTION ( 'NONE',  ( -0.000000000000000000, -0.000000000000000000, 1.000000000000000000 ) ) ;
#1524 = CARTESIAN_POINT ( 'NONE',  ( 0.01663900294291058637, 0.1058089576121067632, -0.02396715050898790694 ) ) ;
#1525 = ADVANCED_FACE ( 'NONE', ( #1725 ), #3740, .F. ) ;
#1526 = VERTEX_POINT ( 'NONE', #2217 ) ;
#1527 = DIRECTION ( 'NONE',  ( 0.000000000000000000, 1.000000000000000000, 0.000000000000000000 ) ) ;
#1528 = LINE ( 'NONE', #5127, #5895 ) ;
#1529 = ORIENTED_EDGE ( 'NONE', *, *, #5134, .T. ) ;
#1530 = DIRECTION ( 'NONE',  ( 0.000000000000000000, 0.000000000000000000, -1.000000000000000000 ) ) ;
#1531 = LINE ( 'NONE', #1007, #6452 ) ;
#1532 = EDGE_CURVE ( 'NONE', #3661, #4620, #1288, .T. ) ;
#1533 = ADVANCED_FACE ( 'NONE', ( #6000 ), #6482, .T. ) ;
#1534 = DIRECTION ( 'NONE',  ( -0.000000000000000000, -0.000000000000000000, 1.000000000000000000 ) ) ;
#1535 = DIRECTION ( 'NONE',  ( 0.000000000000000000, 0.000000000000000000, -1.000000000000000000 ) ) ;
#1536 = ORIENTED_EDGE ( 'NONE', *, *, #1532, .T. ) ;
#1537 = AXIS2_PLACEMENT_3D ( 'NONE', #6531, #4922, #1741 ) ;
#1538 = VECTOR ( 'NONE', #4051, 1.000000000000000000 ) ;
#1539 = CARTESIAN_POINT ( 'NONE',  ( 0.01519977666499356360, 0.1035428611430424528, -0.02305547502837612325 ) ) ;
#1540 = ORIENTED_EDGE ( 'NONE', *, *, #4681, .T. ) ;
#1541 = FACE_OUTER_BOUND ( 'NONE', #463, .T. ) ;
#1542 = DIRECTION ( 'NONE',  ( -1.000000000000000000, 0.000000000000000000, 0.000000000000000000 ) ) ;
#1543 = EDGE_CURVE ( 'NONE', #5642, #524, #2111, .T. ) ;
#1544 = ORIENTED_EDGE ( 'NONE', *, *, #5913, .T. ) ;
#1545 = ORIENTED_EDGE ( 'NONE', *, *, #283, .F. ) ;
#1546 = VERTEX_POINT ( 'NONE', #1693 ) ;
#1547 = EDGE_CURVE ( 'NONE', #1086, #3837, #4506, .T. ) ;
#1548 = DIRECTION ( 'NONE',  ( 1.000000000000000000, 0.000000000000000000, 0.000000000000000000 ) ) ;
#1549 = EDGE_LOOP ( 'NONE', ( #5100, #4909, #5717, #3174 ) ) ;
#1550 = DIRECTION ( 'NONE',  ( 1.000000000000000000, 0.000000000000000000, 0.000000000000000000 ) ) ;
#1551 = CARTESIAN_POINT ( 'NONE',  ( -0.05000000000000000971, -0.09999999999999999167, 0.007000000000000000146 ) ) ;
#1552 = CIRCLE ( 'NONE', #6471, 0.001000000000000000888 ) ;
#1553 = CARTESIAN_POINT ( 'NONE',  ( 0.01499999999999999944, 0.1099999999999999867, 0.001000000000000000021 ) ) ;
#1554 = DIRECTION ( 'NONE',  ( 1.000000000000000000, 0.000000000000000000, -2.312964634635742957E-16 ) ) ;
#1555 = ORIENTED_EDGE ( 'NONE', *, *, #2570, .F. ) ;
#1556 = VECTOR ( 'NONE', #182, 1.000000000000000000 ) ;
#1557 = CARTESIAN_POINT ( 'NONE',  ( -0.02999999999999999542, 0.01804832204050209679, -0.003000000000000000062 ) ) ;
#1558 = CARTESIAN_POINT ( 'NONE',  ( 0.01663900294291058637, 0.1056179372122494908, -0.02397415410562570362 ) ) ;
#1559 = ORIENTED_EDGE ( 'NONE', *, *, #4962, .F. ) ;
#1560 = DIRECTION ( 'NONE',  ( 1.000000000000000000, -0.000000000000000000, 0.000000000000000000 ) ) ;
#1561 = AXIS2_PLACEMENT_3D ( 'NONE', #1929, #1862, #5178 ) ;
#1562 = CARTESIAN_POINT ( 'NONE',  ( 0.01600000000000000033, 0.1059999999999999831, -0.001000000000000000888 ) ) ;
#1563 = ORIENTED_EDGE ( 'NONE', *, *, #1833, .F. ) ;
#1564 = EDGE_CURVE ( 'NONE', #2177, #5248, #1170, .T. ) ;
#1565 = CARTESIAN_POINT ( 'NONE',  ( -0.05000000000000000971, 0.09199999999999999845, 0.007000000000000000146 ) ) ;
#1566 = ORIENTED_EDGE ( 'NONE', *, *, #4525, .T. ) ;
#1567 = CIRCLE ( 'NONE', #890, 0.001500000000000000465 ) ;
#1568 = DIRECTION ( 'NONE',  ( 1.000000000000000000, 0.000000000000000000, 0.000000000000000000 ) ) ;
#1569 = VECTOR ( 'NONE', #1413, 1.000000000000000000 ) ;
#1570 = CARTESIAN_POINT ( 'NONE',  ( -0.06000000000000000472, 0.004296149561436859651, -0.009065587432989727357 ) ) ;
#1571 = FACE_OUTER_BOUND ( 'NONE', #5519, .T. ) ;
#1572 = VERTEX_POINT ( 'NONE', #1099 ) ;
#1573 = VECTOR ( 'NONE', #3176, 1.000000000000000000 ) ;
#1574 = ADVANCED_FACE ( 'NONE', ( #1588 ), #4297, .T. ) ;
#1575 = CARTESIAN_POINT ( 'NONE',  ( 0.05000000000000000278, 0.04796257807826604519, -0.07299999999999999545 ) ) ;
#1576 = ORIENTED_EDGE ( 'NONE', *, *, #58, .T. ) ;
#1577 = VECTOR ( 'NONE', #3039, 1.000000000000000000 ) ;
#1578 = DIRECTION ( 'NONE',  ( 0.000000000000000000, 0.000000000000000000, 1.000000000000000000 ) ) ;
#1579 = CARTESIAN_POINT ( 'NONE',  ( -0.06000000000000000472, 0.004296149561436859651, -0.02101765814254362430 ) ) ;
#1580 = EDGE_LOOP ( 'NONE', ( #588, #1529 ) ) ;
#1581 = ORIENTED_EDGE ( 'NONE', *, *, #5041, .T. ) ;
#1582 = EDGE_LOOP ( 'NONE', ( #5013, #4366, #5049, #863, #2409, #6681, #529, #4821 ) ) ;
#1583 = EDGE_CURVE ( 'NONE', #4918, #1411, #5859, .T. ) ;
#1584 = EDGE_CURVE ( 'NONE', #3261, #1266, #3187, .T. ) ;
#1585 = CARTESIAN_POINT ( 'NONE',  ( -0.007499999999999999722, -0.09999999999999999167, -0.02000000000000000389 ) ) ;
#1586 = ORIENTED_EDGE ( 'NONE', *, *, #6004, .F. ) ;
#1587 = FACE_OUTER_BOUND ( 'NONE', #4145, .T. ) ;
#1588 = FACE_OUTER_BOUND ( 'NONE', #5261, .T. ) ;
#1589 = EDGE_LOOP ( 'NONE', ( #5531, #4943, #6201, #2109 ) ) ;
#1590 = LINE ( 'NONE', #1172, #3621 ) ;
#1591 = ORIENTED_EDGE ( 'NONE', *, *, #2394, .F. ) ;
#1592 = CARTESIAN_POINT ( 'NONE',  ( -0.01650000000000000772, 0.1089999999999999858, -0.02599999999999999881 ) ) ;
#1593 = CALENDAR_DATE ( 2026, 12, 8 ) ;
#1594 = CIRCLE ( 'NONE', #6401, 0.004000000000000000083 ) ;
#1595 = CARTESIAN_POINT ( 'NONE',  ( -0.01650000000000000772, 0.1059999999999999831, -0.02393649167310370890 ) ) ;
#1596 = FACE_OUTER_BOUND ( 'NONE', #3918, .T. ) ;
#1597 = VERTEX_POINT ( 'NONE', #5437 ) ;
#1598 = DIRECTION ( 'NONE',  ( 0.000000000000000000, 0.000000000000000000, -1.000000000000000000 ) ) ;
#1599 = CARTESIAN_POINT ( 'NONE',  ( -0.01000000000000000194, 0.1129999999999999755, -0.01370000000000000037 ) ) ;
#1600 = CARTESIAN_POINT ( 'NONE',  ( -0.01417157287525381594, -0.1000000000000000056, -0.02500000000000000139 ) ) ;
#1601 = EDGE_LOOP ( 'NONE', ( #6379, #5750, #896, #6606 ) ) ;
#1602 = DIRECTION ( 'NONE',  ( 0.000000000000000000, -1.000000000000000000, 0.000000000000000000 ) ) ;
#1603 = CARTESIAN_POINT ( 'NONE',  ( -0.05000000000000000278, -0.01399999999999999856, -0.01500000000000001332 ) ) ;
#1604 = CARTESIAN_POINT ( 'NONE',  ( 0.01006950147145528780, 0.1062714305715211499, -0.02099999999999999784 ) ) ;
#1605 = CIRCLE ( 'NONE', #3712, 0.001500000000000000465 ) ;
#1606 = ORIENTED_EDGE ( 'NONE', *, *, #5713, .F. ) ;
#1607 = DIRECTION ( 'NONE',  ( -0.000000000000000000, -0.000000000000000000, -1.000000000000000000 ) ) ;
#1608 = EDGE_CURVE ( 'NONE', #4352, #6451, #4534, .T. ) ;
#1609 = EDGE_LOOP ( 'NONE', ( #3429, #2296, #5154, #765 ) ) ;
#1610 = CARTESIAN_POINT ( 'NONE',  ( -0.008309900245939860763, 0.1099999999999999867, -0.009194146154766909620 ) ) ;
#1611 = CARTESIAN_POINT ( 'NONE',  ( 0.01600000000000000033, 0.1099999999999999867, 0.000000000000000000 ) ) ;
#1612 = EDGE_CURVE ( 'NONE', #3342, #1526, #3361, .T. ) ;
#1613 = VERTEX_POINT ( 'NONE', #4437 ) ;
#1614 = VERTEX_POINT ( 'NONE', #6619 ) ;
#1615 = ORIENTED_EDGE ( 'NONE', *, *, #1863, .F. ) ;
#1616 =( BOUNDED_CURVE ( )  B_SPLINE_CURVE ( 3, ( #3512, #865, #344, #2473 ),
 .UNSPECIFIED., .F., .T. ) 
 B_SPLINE_CURVE_WITH_KNOTS ( ( 4, 4 ),
 ( 3.141592653589793116, 4.712388980384689674 ),
 .UNSPECIFIED. ) 
 CURVE ( )  GEOMETRIC_REPRESENTATION_ITEM ( )  RATIONAL_B_SPLINE_CURVE ( ( 1.000000000000000000, 0.8047378541243649375, 0.8047378541243649375, 1.000000000000000000 ) ) 
 REPRESENTATION_ITEM ( '' )  );
#1617 = LINE ( 'NONE', #5363, #6089 ) ;
#1618 = ORIENTED_EDGE ( 'NONE', *, *, #1347, .F. ) ;
#1619 = FACE_BOUND ( 'NONE', #3096, .T. ) ;
#1620 = PLANE ( 'NONE',  #1843 ) ;
#1621 = CIRCLE ( 'NONE', #4283, 0.001000000000000000888 ) ;
#1622 = EDGE_CURVE ( 'NONE', #5864, #2941, #2742, .T. ) ;
#1623 = EDGE_CURVE ( 'NONE', #1935, #482, #1271, .T. ) ;
#1624 = ORIENTED_EDGE ( 'NONE', *, *, #2094, .T. ) ;
#1625 = LINE ( 'NONE', #6003, #4513 ) ;
#1626 = ORIENTED_EDGE ( 'NONE', *, *, #1623, .T. ) ;
#1627 = AXIS2_PLACEMENT_3D ( 'NONE', #5327, #5896, #4301 ) ;
#1628 = DIRECTION ( 'NONE',  ( 1.000000000000000000, 0.000000000000000000, 0.000000000000000000 ) ) ;
#1629 = APPROVAL_ROLE ( '' ) ;
#1630 = CARTESIAN_POINT ( 'NONE',  ( 0.01499999999999999251, -0.09799999999999998990, -0.002000000000000001776 ) ) ;
#1631 = VECTOR ( 'NONE', #4847, 1.000000000000000000 ) ;
#1632 = ORIENTED_EDGE ( 'NONE', *, *, #1698, .T. ) ;
#1633 = DIRECTION ( 'NONE',  ( 0.000000000000000000, 0.000000000000000000, -1.000000000000000000 ) ) ;
#1634 = CARTESIAN_POINT ( 'NONE',  ( -0.05000000000000000278, 0.03996257807826604502, -0.07299999999999999545 ) ) ;
#1635 = ORIENTED_EDGE ( 'NONE', *, *, #4785, .T. ) ;
#1636 = EDGE_CURVE ( 'NONE', #3821, #440, #3948, .T. ) ;
#1637 = CARTESIAN_POINT ( 'NONE',  ( 0.004999999999999994900, 0.09349999999999999978, 0.007000000000000000146 ) ) ;
#1638 = ORIENTED_EDGE ( 'NONE', *, *, #6107, .T. ) ;
#1639 = CARTESIAN_POINT ( 'NONE',  ( 0.04200000000000000261, 0.03996257807826605196, -0.06095034905577770279 ) ) ;
#1640 = DIRECTION ( 'NONE',  ( -1.000000000000000000, -0.000000000000000000, -0.000000000000000000 ) ) ;
#1641 = DIRECTION ( 'NONE',  ( 1.000000000000000000, 0.000000000000000000, -0.000000000000000000 ) ) ;
#1642 = ORIENTED_EDGE ( 'NONE', *, *, #2604, .T. ) ;
#1643 = CARTESIAN_POINT ( 'NONE',  ( 0.01399999999999999856, 0.1059999999999999831, 0.000000000000000000 ) ) ;
#1644 = ORIENTED_EDGE ( 'NONE', *, *, #5073, .F. ) ;
#1645 = FACE_BOUND ( 'NONE', #2515, .T. ) ;
#1646 = VECTOR ( 'NONE', #1109, 1.000000000000000000 ) ;
#1647 = CARTESIAN_POINT ( 'NONE',  ( -0.04200000000000000261, -0.04298864926096758465, -0.06695034905577768036 ) ) ;
#1648 = AXIS2_PLACEMENT_3D ( 'NONE', #5911, #6889, #4207 ) ;
#1649 = ORIENTED_EDGE ( 'NONE', *, *, #2905, .T. ) ;
#1650 = ORIENTED_EDGE ( 'NONE', *, *, #509, .T. ) ;
#1651 = ORIENTED_EDGE ( 'NONE', *, *, #1367, .T. ) ;
#1652 = AXIS2_PLACEMENT_3D ( 'NONE', #4646, #2075, #5827 ) ;
#1653 = CARTESIAN_POINT ( 'NONE',  ( 0.01650000000000000772, 0.1199999999999999956, 2.020667218593131399E-18 ) ) ;
#1654 = ADVANCED_FACE ( 'NONE', ( #1860 ), #6684, .F. ) ;
#1655 = VECTOR ( 'NONE', #299, 1.000000000000000000 ) ;
#1656 = VERTEX_POINT ( 'NONE', #151 ) ;
#1657 = LINE ( 'NONE', #5560, #5977 ) ;
#1658 = CARTESIAN_POINT ( 'NONE',  ( 0.007499999999999999722, -0.09999999999999999167, -0.02000000000000000389 ) ) ;
#1659 = VERTEX_POINT ( 'NONE', #281 ) ;
#1660 = CARTESIAN_POINT ( 'NONE',  ( -0.05000000000000000971, 0.04796257807826604519, -0.06695034905577770812 ) ) ;
#1661 = VERTEX_POINT ( 'NONE', #2901 ) ;
#1662 = EDGE_CURVE ( 'NONE', #1168, #1753, #6538, .T. ) ;
#1663 = LINE ( 'NONE', #3780, #6189 ) ;
#1664 = PERSON_AND_ORGANIZATION_ROLE ( 'design_owner' ) ;
#1665 = CYLINDRICAL_SURFACE ( 'NONE', #1797, 0.001299999999999999073 ) ;
#1666 = ORIENTED_EDGE ( 'NONE', *, *, #2419, .F. ) ;
#1667 = CARTESIAN_POINT ( 'NONE',  ( -0.04200000000000000261, -0.04298864926096757771, -0.06095034905577770279 ) ) ;
#1668 = CYLINDRICAL_SURFACE ( 'NONE', #2689, 0.001000000000000000888 ) ;
#1669 = ORIENTED_EDGE ( 'NONE', *, *, #6190, .F. ) ;
#1670 = CIRCLE ( 'NONE', #2230, 0.0009999999999999991535 ) ;
#1671 =( BOUNDED_SURFACE ( )  B_SPLINE_SURFACE ( 3, 2, ( 
 ( #257, #2975, #2908 ),
 ( #3497, #6661, #2387 ),
 ( #5512, #156, #1831 ),
 ( #1799, #2421, #5043 ),
 ( #3982, #5578, #1867 ),
 ( #3885, #2877, #1901 ) ),
 .UNSPECIFIED., .F., .F., .F. ) 
 B_SPLINE_SURFACE_WITH_KNOTS ( ( 4, 2, 4 ),
 ( 3, 3 ),
 ( 0.009962181148448767676, 0.01059738294182305425, 0.01123258473519734083 ),
 ( 0.000000000000000000, 1.000000000000000000 ),
 .UNSPECIFIED. ) 
 GEOMETRIC_REPRESENTATION_ITEM ( )  RATIONAL_B_SPLINE_SURFACE ( (
 ( 1.000000000000000000, 0.7071067811865493491, 1.000000000000000000),
 ( 1.000000000000000000, 0.7263226422491860790, 1.000000000000000000),
 ( 1.000000000000000000, 0.7469880592207017722, 1.000000000000000000),
 ( 1.000000000000000000, 0.7794950343419696503, 1.000000000000000000),
 ( 1.000000000000000000, 0.7908325007245234906, 1.000000000000000000),
 ( 1.000000000000000000, 0.7905694150420927713, 1.000000000000000000) ) ) 
 REPRESENTATION_ITEM ( '' )  SURFACE ( )  );
#1672 = EDGE_CURVE ( 'NONE', #5778, #5915, #4402, .T. ) ;
#1673 = EDGE_CURVE ( 'NONE', #2531, #6515, #1621, .T. ) ;
#1674 = CARTESIAN_POINT ( 'NONE',  ( 0.008263035228247464503, 0.1149999999999999911, -0.02070664331622527193 ) ) ;
#1675 = ORIENTED_EDGE ( 'NONE', *, *, #2461, .F. ) ;
#1676 = CARTESIAN_POINT ( 'NONE',  ( 0.02299999999999999961, 0.000000000000000000, 0.000000000000000000 ) ) ;
#1677 = VECTOR ( 'NONE', #1893, 1.000000000000000000 ) ;
#1678 = DIRECTION ( 'NONE',  ( -0.000000000000000000, 0.000000000000000000, 1.000000000000000000 ) ) ;
#1679 = DIRECTION ( 'NONE',  ( 1.000000000000000000, -0.000000000000000000, -0.000000000000000000 ) ) ;
#1680 = ORIENTED_EDGE ( 'NONE', *, *, #5072, .T. ) ;
#1681 = DIRECTION ( 'NONE',  ( -0.000000000000000000, 1.000000000000000000, -0.000000000000000000 ) ) ;
#1682 = VECTOR ( 'NONE', #4412, 1.000000000000000000 ) ;
#1683 = EDGE_LOOP ( 'NONE', ( #6184, #1666, #5809, #5942 ) ) ;
#1684 = CARTESIAN_POINT ( 'NONE',  ( -0.06000000000000000472, 0.006000000000000005329, -0.01500000000000000638 ) ) ;
#1685 = FACE_OUTER_BOUND ( 'NONE', #3814, .T. ) ;
#1686 = ORIENTED_EDGE ( 'NONE', *, *, #58, .F. ) ;
#1687 = VERTEX_POINT ( 'NONE', #6067 ) ;
#1688 = ORIENTED_EDGE ( 'NONE', *, *, #6630, .T. ) ;
#1689 = FACE_OUTER_BOUND ( 'NONE', #212, .T. ) ;
#1690 = AXIS2_PLACEMENT_3D ( 'NONE', #4010, #4305, #3782 ) ;
#1691 = VERTEX_POINT ( 'NONE', #2413 ) ;
#1692 = FACE_BOUND ( 'NONE', #6819, .T. ) ;
#1693 = CARTESIAN_POINT ( 'NONE',  ( -0.01650000000000000772, 0.1035428611430424528, -0.02599999999999999881 ) ) ;
#1694 = DIRECTION ( 'NONE',  ( -0.000000000000000000, -0.000000000000000000, -1.000000000000000000 ) ) ;
#1695 = LINE ( 'NONE', #125, #4059 ) ;
#1696 = EDGE_LOOP ( 'NONE', ( #2716, #1911 ) ) ;
#1697 = FACE_OUTER_BOUND ( 'NONE', #6387, .T. ) ;
#1698 = EDGE_CURVE ( 'NONE', #625, #6843, #1825, .T. ) ;
#1699 = PERSON_AND_ORGANIZATION_ROLE ( 'creator' ) ;
#1700 = PLANE ( 'NONE',  #1314 ) ;
#1701 = ORIENTED_EDGE ( 'NONE', *, *, #5684, .F. ) ;
#1702 = DIRECTION ( 'NONE',  ( -1.000000000000000000, 0.000000000000000000, 0.000000000000000000 ) ) ;
#1703 = ADVANCED_FACE ( 'NONE', ( #1895 ), #6314, .F. ) ;
#1704 = DIRECTION ( 'NONE',  ( -0.000000000000000000, -0.000000000000000000, -1.000000000000000000 ) ) ;
#1705 = VERTEX_POINT ( 'NONE', #3974 ) ;
#1706 = VECTOR ( 'NONE', #4317, 1.000000000000000000 ) ;
#1707 = CYLINDRICAL_SURFACE ( 'NONE', #3334, 0.002000000000000000042 ) ;
#1708 = ORIENTED_EDGE ( 'NONE', *, *, #3055, .F. ) ;
#1709 = LINE ( 'NONE', #1218, #4081 ) ;
#1710 = LINE ( 'NONE', #3832, #3031 ) ;
#1711 = CARTESIAN_POINT ( 'NONE',  ( -0.05000000000000000278, 0.03996257807826604502, -0.06695034905577768036 ) ) ;
#1712 = VECTOR ( 'NONE', #1457, 1.000000000000000000 ) ;
#1713 = EDGE_CURVE ( 'NONE', #4423, #3290, #3942, .T. ) ;
#1714 = ORIENTED_EDGE ( 'NONE', *, *, #4047, .T. ) ;
#1715 = DIRECTION ( 'NONE',  ( 0.000000000000000000, 0.000000000000000000, 1.000000000000000000 ) ) ;
#1716 = EDGE_LOOP ( 'NONE', ( #2961, #184, #31, #2822 ) ) ;
#1717 = LINE ( 'NONE', #6610, #5158 ) ;
#1718 = VECTOR ( 'NONE', #397, 1.000000000000000000 ) ;
#1719 = DIRECTION ( 'NONE',  ( -1.000000000000000000, 0.000000000000000000, 0.000000000000000000 ) ) ;
#1720 = ORIENTED_EDGE ( 'NONE', *, *, #6792, .F. ) ;
#1721 = ORIENTED_EDGE ( 'NONE', *, *, #2890, .F. ) ;
#1722 = DIRECTION ( 'NONE',  ( -0.000000000000000000, 0.000000000000000000, 1.000000000000000000 ) ) ;
#1723 = LOCAL_TIME ( 12, 42, 38.00000000000000000, #5935 ) ;
#1724 = ORIENTED_EDGE ( 'NONE', *, *, #589, .T. ) ;
#1725 = FACE_OUTER_BOUND ( 'NONE', #4649, .T. ) ;
#1726 = LINE ( 'NONE', #152, #6654 ) ;
#1727 = CARTESIAN_POINT ( 'NONE',  ( 0.06000000000000000472, 0.003500000000000003542, -0.02000000000000001082 ) ) ;
#1728 = CARTESIAN_POINT ( 'NONE',  ( -0.03099999999999999631, 0.01804832204050209679, 0.007000000000000000146 ) ) ;
#1729 = FACE_OUTER_BOUND ( 'NONE', #6012, .T. ) ;
#1730 = ORIENTED_EDGE ( 'NONE', *, *, #4179, .T. ) ;
#1731 = CIRCLE ( 'NONE', #2290, 0.001000000000000000021 ) ;
#1732 = CARTESIAN_POINT ( 'NONE',  ( -0.01650000000000000772, 0.1199999999999999956, 6.062001655779398819E-18 ) ) ;
#1733 = CARTESIAN_POINT ( 'NONE',  ( -0.01453802587188110333, 0.1043119364216486544, -0.02297117811763347076 ) ) ;
#1734 = VECTOR ( 'NONE', #5536, 1.000000000000000000 ) ;
#1735 = ORIENTED_EDGE ( 'NONE', *, *, #3862, .F. ) ;
#1736 = EDGE_CURVE ( 'NONE', #6773, #4482, #5424, .T. ) ;
#1737 = DIRECTION ( 'NONE',  ( -0.000000000000000000, -0.000000000000000000, 1.000000000000000000 ) ) ;
#1738 = EDGE_LOOP ( 'NONE', ( #3894, #1638 ) ) ;
#1739 = CIRCLE ( 'NONE', #2955, 0.001299999999999999073 ) ;
#1740 = EDGE_CURVE ( 'NONE', #980, #2488, #739, .T. ) ;
#1741 = DIRECTION ( 'NONE',  ( 0.000000000000000000, 0.000000000000000000, 1.000000000000000000 ) ) ;
#1742 = DIRECTION ( 'NONE',  ( 1.000000000000000000, 0.000000000000000000, -0.000000000000000000 ) ) ;
#1743 = CARTESIAN_POINT ( 'NONE',  ( -0.01499999999999999944, 0.1049999999999999822, -0.02299999999999999961 ) ) ;
#1744 = LINE ( 'NONE', #2270, #3628 ) ;
#1745 = EDGE_LOOP ( 'NONE', ( #860, #3763, #4293, #4045 ) ) ;
#1746 = FACE_BOUND ( 'NONE', #6197, .T. ) ;
#1747 = EDGE_CURVE ( 'NONE', #2625, #102, #805, .T. ) ;
#1748 = VERTEX_POINT ( 'NONE', #2809 ) ;
#1749 = EDGE_CURVE ( 'NONE', #2113, #1614, #770, .T. ) ;
#1750 = LINE ( 'NONE', #6574, #2920 ) ;
#1751 = CARTESIAN_POINT ( 'NONE',  ( 0.000000000000000000, -0.09799999999999998990, 0.002000000000000000042 ) ) ;
#1752 = EDGE_LOOP ( 'NONE', ( #5377, #3459, #6261, #4715 ) ) ;
#1753 = VERTEX_POINT ( 'NONE', #2870 ) ;
#1754 = CARTESIAN_POINT ( 'NONE',  ( -0.000000000000000000, 0.04099999999999999478, 0.000000000000000000 ) ) ;
#1755 = EDGE_LOOP ( 'NONE', ( #6863, #3208, #3633, #4574 ) ) ;
#1756 = ADVANCED_FACE ( 'NONE', ( #4500 ), #5004, .T. ) ;
#1757 = DIRECTION ( 'NONE',  ( -0.000000000000000000, 1.000000000000000000, -0.000000000000000000 ) ) ;
#1758 = CIRCLE ( 'NONE', #2768, 0.001000000000000000888 ) ;
#1759 = VECTOR ( 'NONE', #2579, 1.000000000000000000 ) ;
#1760 = LINE ( 'NONE', #2284, #6206 ) ;
#1761 = CARTESIAN_POINT ( 'NONE',  ( 0.01663900294291058984, 0.1050450284497544545, -0.02400000000000000397 ) ) ;
#1762 = EDGE_CURVE ( 'NONE', #3510, #3279, #6234, .T. ) ;
#1763 = VECTOR ( 'NONE', #771, 1.000000000000000000 ) ;
#1764 = CARTESIAN_POINT ( 'NONE',  ( -0.01399999999999999856, 0.1059999999999999831, -0.001000000000000000888 ) ) ;
#1765 = CARTESIAN_POINT ( 'NONE',  ( 0.03099999999999999631, 0.01104832204050208884, -0.003000000000000000062 ) ) ;
#1766 = EDGE_LOOP ( 'NONE', ( #2279, #3597, #5108, #5380 ) ) ;
#1767 = DIRECTION ( 'NONE',  ( 0.000000000000000000, 1.000000000000000000, -0.000000000000000000 ) ) ;
#1768 = CARTESIAN_POINT ( 'NONE',  ( -0.01399999999999999856, 0.1042714305715212175, -0.02296245802238001607 ) ) ;
#1769 = ORIENTED_EDGE ( 'NONE', *, *, #3180, .T. ) ;
#1770 = CARTESIAN_POINT ( 'NONE',  ( -0.007499999999999999722, -0.1049999999999999961, -0.01000000000000000194 ) ) ;
#1771 = EDGE_LOOP ( 'NONE', ( #5361, #3106, #1686, #6827 ) ) ;
#1772 = CARTESIAN_POINT ( 'NONE',  ( 6.950147145528759451E-05, 0.1062714305715212193, -0.02099999999999999784 ) ) ;
#1773 = EDGE_CURVE ( 'NONE', #1526, #1705, #6262, .T. ) ;
#1774 = DIRECTION ( 'NONE',  ( 0.000000000000000000, 1.000000000000000000, 0.000000000000000000 ) ) ;
#1775 = CIRCLE ( 'NONE', #318, 0.001000000000000000888 ) ;
#1776 = CYLINDRICAL_SURFACE ( 'NONE', #2819, 0.001000000000000000888 ) ;
#1777 = VECTOR ( 'NONE', #6464, 1.000000000000000000 ) ;
#1778 = DIRECTION ( 'NONE',  ( -0.000000000000000000, -0.000000000000000000, 1.000000000000000000 ) ) ;
#1779 = ORIENTED_EDGE ( 'NONE', *, *, #261, .T. ) ;
#1780 = EDGE_CURVE ( 'NONE', #6451, #4524, #1182, .T. ) ;
#1781 = CARTESIAN_POINT ( 'NONE',  ( -0.01700000000000000816, -0.09499999999999998723, -0.002000000000000001776 ) ) ;
#1782 = VECTOR ( 'NONE', #2969, 1.000000000000000000 ) ;
#1783 = ORIENTED_EDGE ( 'NONE', *, *, #3485, .T. ) ;
#1784 = CARTESIAN_POINT ( 'NONE',  ( -0.01500000000000000638, -0.09299999999999998546, 0.000000000000000000 ) ) ;
#1785 = LINE ( 'NONE', #3386, #4244 ) ;
#1786 = ORIENTED_EDGE ( 'NONE', *, *, #2337, .F. ) ;
#1787 = EDGE_LOOP ( 'NONE', ( #2229, #3080, #2031, #2755 ) ) ;
#1788 = VECTOR ( 'NONE', #3280, 1.000000000000000000 ) ;
#1789 = EDGE_CURVE ( 'NONE', #6925, #3799, #874, .T. ) ;
#1790 = CARTESIAN_POINT ( 'NONE',  ( -0.03099999999999999631, -0.02299999999999997186, 0.007000000000000000146 ) ) ;
#1791 = VERTEX_POINT ( 'NONE', #456 ) ;
#1792 = DIRECTION ( 'NONE',  ( 1.000000000000000000, 0.000000000000000000, 2.312964634635742957E-16 ) ) ;
#1793 = CARTESIAN_POINT ( 'NONE',  ( -0.008930498528544713460, 0.1062714305715212193, -0.02099999999999999784 ) ) ;
#1794 = VECTOR ( 'NONE', #5153, 1.000000000000000000 ) ;
#1795 = PLANE ( 'NONE',  #1394 ) ;
#1796 = EDGE_CURVE ( 'NONE', #2314, #1432, #1398, .T. ) ;
#1797 = AXIS2_PLACEMENT_3D ( 'NONE', #806, #2750, #1176 ) ;
#1798 = CARTESIAN_POINT ( 'NONE',  ( 0.04200000000000000261, 0.04796257807826604519, -0.06695034905577768036 ) ) ;
#1799 = CARTESIAN_POINT ( 'NONE',  ( -0.01571469666497423909, 0.1054889848016682119, -0.02297544290679954387 ) ) ;
#1800 = EDGE_CURVE ( 'NONE', #452, #3279, #3107, .T. ) ;
#1801 = VERTEX_POINT ( 'NONE', #2025 ) ;
#1802 = CARTESIAN_POINT ( 'NONE',  ( -0.01300000000000000461, -0.09999999999999997780, -0.02500000000000000139 ) ) ;
#1803 = CARTESIAN_POINT ( 'NONE',  ( 0.01580180126842309005, 0.1056112236758428996, -0.02298644615423457715 ) ) ;
#1804 = EDGE_LOOP ( 'NONE', ( #5996, #1196 ) ) ;
#1805 = CARTESIAN_POINT ( 'NONE',  ( 0.000000000000000000, 0.000000000000000000, -0.02299999999999999961 ) ) ;
#1806 = ORIENTED_EDGE ( 'NONE', *, *, #3571, .T. ) ;
#1807 = CARTESIAN_POINT ( 'NONE',  ( -0.01500000000000000638, -0.09699999999999998901, -0.02500000000000000139 ) ) ;
#1808 = DIRECTION ( 'NONE',  ( 0.000000000000000000, 0.000000000000000000, 1.000000000000000000 ) ) ;
#1809 = LINE ( 'NONE', #4589, #3260 ) ;
#1810 = DIRECTION ( 'NONE',  ( -1.000000000000000000, 0.000000000000000000, 0.000000000000000000 ) ) ;
#1811 = VERTEX_POINT ( 'NONE', #4109 ) ;
#1812 = VECTOR ( 'NONE', #631, 1.000000000000000000 ) ;
#1813 = CIRCLE ( 'NONE', #590, 0.001000000000000000888 ) ;
#1814 = DIRECTION ( 'NONE',  ( 1.000000000000000000, -0.000000000000000000, -0.000000000000000000 ) ) ;
#1815 = LINE ( 'NONE', #2740, #4850 ) ;
#1816 = CARTESIAN_POINT ( 'NONE',  ( -0.03099999999999999631, 0.01104832204050209578, 0.007000000000000000146 ) ) ;
#1817 = AXIS2_PLACEMENT_3D ( 'NONE', #6282, #6844, #1491 ) ;
#1818 = DIRECTION ( 'NONE',  ( 0.000000000000000000, -0.000000000000000000, -1.000000000000000000 ) ) ;
#1819 = DIRECTION ( 'NONE',  ( 0.000000000000000000, 0.000000000000000000, -1.000000000000000000 ) ) ;
#1820 = ORIENTED_EDGE ( 'NONE', *, *, #2436, .F. ) ;
#1821 = ORIENTED_EDGE ( 'NONE', *, *, #5720, .T. ) ;
#1822 = ADVANCED_FACE ( 'NONE', ( #5104 ), #5175, .F. ) ;
#1823 = LINE ( 'NONE', #4966, #4667 ) ;
#1824 = ORIENTED_EDGE ( 'NONE', *, *, #5351, .F. ) ;
#1825 = LINE ( 'NONE', #1301, #2185 ) ;
#1826 = EDGE_CURVE ( 'NONE', #452, #4539, #1926, .T. ) ;
#1827 = DIRECTION ( 'NONE',  ( 1.734723475976811630E-15, -1.000000000000000000, 0.000000000000000000 ) ) ;
#1828 = CARTESIAN_POINT ( 'NONE',  ( -0.008309900245939860763, 0.1149999999999999911, -0.02070664331622527193 ) ) ;
#1829 = CIRCLE ( 'NONE', #154, 0.001000000000000000888 ) ;
#1830 = CARTESIAN_POINT ( 'NONE',  ( 0.01499999999999999944, 0.1059999999999999831, -0.02199999999999999872 ) ) ;
#1831 = CARTESIAN_POINT ( 'NONE',  ( -0.01650000000000000772, 0.1051185221836113265, -0.02398349091240730216 ) ) ;
#1832 = EDGE_CURVE ( 'NONE', #2260, #6716, #4701, .T. ) ;
#1833 = EDGE_CURVE ( 'NONE', #2101, #6785, #4146, .T. ) ;
#1834 = APPROVAL_PERSON_ORGANIZATION ( #1033, #386, #618 ) ;
#1835 = ORIENTED_EDGE ( 'NONE', *, *, #509, .F. ) ;
#1836 = CARTESIAN_POINT ( 'NONE',  ( 0.01650000000000000772, 0.1199999999999999956, 2.020667218593131399E-18 ) ) ;
#1837 = FACE_OUTER_BOUND ( 'NONE', #2247, .T. ) ;
#1838 = EDGE_LOOP ( 'NONE', ( #244, #196 ) ) ;
#1839 = CARTESIAN_POINT ( 'NONE',  ( 0.01299999999999999246, -0.09799999999999998990, 0.007000000000000000146 ) ) ;
#1840 = AXIS2_PLACEMENT_3D ( 'NONE', #3652, #2545, #2476 ) ;
#1841 = EDGE_CURVE ( 'NONE', #3826, #2523, #6280, .T. ) ;
#1842 = CARTESIAN_POINT ( 'NONE',  ( -0.008430338243672425014, -0.1049999999999999961, -0.009294206067218903355 ) ) ;
#1843 = AXIS2_PLACEMENT_3D ( 'NONE', #2252, #4368, #3847 ) ;
#1844 = FACE_OUTER_BOUND ( 'NONE', #4950, .T. ) ;
#1845 = DIRECTION ( 'NONE',  ( -0.000000000000000000, 1.000000000000000000, -0.000000000000000000 ) ) ;
#1846 = CARTESIAN_POINT ( 'NONE',  ( -0.05000000000000000278, -0.04303742192173399400, -0.07299999999999999545 ) ) ;
#1847 = ORIENTED_EDGE ( 'NONE', *, *, #6122, .F. ) ;
#1848 = ADVANCED_FACE ( 'NONE', ( #5142 ), #6168, .F. ) ;
#1849 = CIRCLE ( 'NONE', #173, 0.001299999999999999073 ) ;
#1850 = DIRECTION ( 'NONE',  ( -0.000000000000000000, -0.000000000000000000, -1.000000000000000000 ) ) ;
#1851 = CARTESIAN_POINT ( 'NONE',  ( 0.007499999999999999722, -0.09499999999999998723, -0.01000000000000000541 ) ) ;
#1852 = DIRECTION ( 'NONE',  ( 0.000000000000000000, -0.000000000000000000, -1.000000000000000000 ) ) ;
#1853 = CARTESIAN_POINT ( 'NONE',  ( -0.01650000000000000772, 0.1035428611430424528, -0.02599999999999999881 ) ) ;
#1854 = FACE_OUTER_BOUND ( 'NONE', #2773, .T. ) ;
#1855 = EDGE_LOOP ( 'NONE', ( #2769, #5615, #5417 ) ) ;
#1856 = EDGE_LOOP ( 'NONE', ( #5776, #5114, #4221, #387 ) ) ;
#1857 = AXIS2_PLACEMENT_3D ( 'NONE', #6569, #1778, #727 ) ;
#1858 = CARTESIAN_POINT ( 'NONE',  ( -0.01550000000000000856, 0.1046771243444677008, -0.02299999999999999961 ) ) ;
#1859 = ORIENTED_EDGE ( 'NONE', *, *, #3281, .F. ) ;
#1860 = FACE_OUTER_BOUND ( 'NONE', #366, .T. ) ;
#1861 = CARTESIAN_POINT ( 'NONE',  ( -0.05000000000000000278, -0.01149999999999999634, -0.02000000000000001082 ) ) ;
#1862 = DIRECTION ( 'NONE',  ( 0.000000000000000000, 1.000000000000000000, 0.000000000000000000 ) ) ;
#1863 = EDGE_CURVE ( 'NONE', #6617, #300, #2369, .T. ) ;
#1864 = DIRECTION ( 'NONE',  ( 0.000000000000000000, -0.000000000000000000, 1.000000000000000000 ) ) ;
#1865 = ADVANCED_FACE ( 'NONE', ( #5673, #5209 ), #1368, .T. ) ;
#1866 = LINE ( 'NONE', #6140, #816 ) ;
#1867 = CARTESIAN_POINT ( 'NONE',  ( -0.01650000000000000772, 0.1057797476983344670, -0.02393649167308349243 ) ) ;
#1868 = VERTEX_POINT ( 'NONE', #4604 ) ;
#1869 = CARTESIAN_POINT ( 'NONE',  ( 0.03099999999999999631, 0.01104832204050208884, 0.000000000000000000 ) ) ;
#1870 = DIRECTION ( 'NONE',  ( 1.000000000000000000, 0.000000000000000000, 0.000000000000000000 ) ) ;
#1871 = VECTOR ( 'NONE', #6223, 1.000000000000000000 ) ;
#1872 = VERTEX_POINT ( 'NONE', #4074 ) ;
#1873 = ADVANCED_FACE ( 'NONE', ( #1435, #1991, #3592, #5745 ), #946, .T. ) ;
#1874 = CIRCLE ( 'NONE', #4647, 0.002000000000000000042 ) ;
#1875 = EDGE_CURVE ( 'NONE', #1546, #1748, #5884, .T. ) ;
#1876 = B_SPLINE_CURVE_WITH_KNOTS ( 'NONE', 3,
 ( #6137, #1335, #4011, #1371, #4902, #3419 ),
 .UNSPECIFIED., .F., .F.,
 ( 4, 2, 4 ),
 ( 0.000000000000000000, 0.0006859999912315932957, 0.001371999982463186591 ),
 .UNSPECIFIED. ) ;
#1877 = FACE_BOUND ( 'NONE', #5679, .T. ) ;
#1878 = LINE ( 'NONE', #5622, #1425 ) ;
#1879 = EDGE_LOOP ( 'NONE', ( #2178, #4108, #4967, #6729 ) ) ;
#1880 = DIRECTION ( 'NONE',  ( 0.000000000000000000, 0.000000000000000000, -1.000000000000000000 ) ) ;
#1881 = CARTESIAN_POINT ( 'NONE',  ( -0.01499999999999999944, 0.1059999999999999831, -0.001000000000000000888 ) ) ;
#1882 = ORIENTED_EDGE ( 'NONE', *, *, #5645, .T. ) ;
#1883 = ADVANCED_FACE ( 'NONE', ( #1125, #1645, #5427, #79 ), #492, .F. ) ;
#1884 = ADVANCED_FACE ( 'NONE', ( #6473 ), #1052, .F. ) ;
#1885 = DIRECTION ( 'NONE',  ( 0.000000000000000000, -0.000000000000000000, 1.000000000000000000 ) ) ;
#1886 = AXIS2_PLACEMENT_3D ( 'NONE', #2186, #2076, #3120 ) ;
#1887 = DIRECTION ( 'NONE',  ( 1.000000000000000000, 0.000000000000000000, 0.000000000000000000 ) ) ;
#1888 = LINE ( 'NONE', #6095, #3020 ) ;
#1889 = DIRECTION ( 'NONE',  ( 0.000000000000000000, -1.000000000000000000, 0.000000000000000000 ) ) ;
#1890 = VERTEX_POINT ( 'NONE', #6895 ) ;
#1891 = VERTEX_POINT ( 'NONE', #3248 ) ;
#1892 = AXIS2_PLACEMENT_3D ( 'NONE', #1637, #2756, #3237 ) ;
#1893 = DIRECTION ( 'NONE',  ( -0.000000000000000000, -1.000000000000000000, -2.312964634635742957E-16 ) ) ;
#1894 = ORIENTED_EDGE ( 'NONE', *, *, #3241, .T. ) ;
#1895 = FACE_OUTER_BOUND ( 'NONE', #3420, .T. ) ;
#1896 = PLANE ( 'NONE',  #1690 ) ;
#1897 = CARTESIAN_POINT ( 'NONE',  ( -0.01000000000000000194, 0.1129999999999999755, -0.01499999999999999944 ) ) ;
#1898 = ORIENTED_EDGE ( 'NONE', *, *, #1749, .F. ) ;
#1899 = CARTESIAN_POINT ( 'NONE',  ( 0.01000000000000000021, -0.09999999999999999167, -0.01500000000000000638 ) ) ;
#1900 = CARTESIAN_POINT ( 'NONE',  ( -0.02000000000000000042, -0.03200000000000001454, -0.008999999999999999320 ) ) ;
#1901 = CARTESIAN_POINT ( 'NONE',  ( -0.01650000000000000772, 0.1059999999999999831, -0.02393649167310374359 ) ) ;
#1902 = AXIS2_PLACEMENT_3D ( 'NONE', #725, #1774, #5589 ) ;
#1903 = ORIENTED_EDGE ( 'NONE', *, *, #2180, .T. ) ;
#1904 = DIRECTION ( 'NONE',  ( 0.000000000000000000, 0.000000000000000000, -1.000000000000000000 ) ) ;
#1905 = DIRECTION ( 'NONE',  ( 1.000000000000000000, 0.000000000000000000, -0.000000000000000000 ) ) ;
#1906 = VERTEX_POINT ( 'NONE', #2765 ) ;
#1907 = LINE ( 'NONE', #5691, #3993 ) ;
#1908 = VECTOR ( 'NONE', #6299, 1.000000000000000000 ) ;
#1909 = DIRECTION ( 'NONE',  ( -0.000000000000000000, 1.000000000000000000, -0.000000000000000000 ) ) ;
#1910 = EDGE_CURVE ( 'NONE', #3215, #5864, #5356, .T. ) ;
#1911 = ORIENTED_EDGE ( 'NONE', *, *, #5329, .F. ) ;
#1912 = CARTESIAN_POINT ( 'NONE',  ( -0.01700000000000000816, -0.09999999999999997780, 0.000000000000000000 ) ) ;
#1913 = DIRECTION ( 'NONE',  ( 0.000000000000000000, 0.000000000000000000, -1.000000000000000000 ) ) ;
#1914 = ORIENTED_EDGE ( 'NONE', *, *, #2637, .F. ) ;
#1915 = DIRECTION ( 'NONE',  ( -0.000000000000000000, -0.000000000000000000, -1.000000000000000000 ) ) ;
#1916 = CARTESIAN_POINT ( 'NONE',  ( -0.008430338243672425014, -0.09999999999999999167, -0.02079367267161846139 ) ) ;
#1917 = ADVANCED_FACE ( 'NONE', ( #1541 ), #4896, .F. ) ;
#1918 = ADVANCED_FACE ( 'NONE', ( #2731 ), #4862, .F. ) ;
#1919 = LINE ( 'NONE', #1853, #348 ) ;
#1920 = CARTESIAN_POINT ( 'NONE',  ( 0.05000000000000000278, 0.04796257807826604519, -0.07299999999999999545 ) ) ;
#1921 = ORIENTED_EDGE ( 'NONE', *, *, #4128, .F. ) ;
#1922 = ORIENTED_EDGE ( 'NONE', *, *, #5999, .F. ) ;
#1923 = DIRECTION ( 'NONE',  ( -0.000000000000000000, -0.000000000000000000, -1.000000000000000000 ) ) ;
#1924 = APPROVAL ( #5333, 'UNSPECIFIED' ) ;
#1925 = ORIENTED_EDGE ( 'NONE', *, *, #2525, .T. ) ;
#1926 = LINE ( 'NONE', #2583, #807 ) ;
#1927 = CARTESIAN_POINT ( 'NONE',  ( 6.950147145528759451E-05, 0.1062714305715212193, -0.02099999999999999784 ) ) ;
#1928 = EDGE_CURVE ( 'NONE', #1000, #1051, #4216, .T. ) ;
#1929 = CARTESIAN_POINT ( 'NONE',  ( 0.01000000000000000021, -0.09499999999999998723, -0.01500000000000000638 ) ) ;
#1930 = CARTESIAN_POINT ( 'NONE',  ( 0.04200000000000000261, -0.04303742192173399400, -0.06495034905577767859 ) ) ;
#1931 = EDGE_CURVE ( 'NONE', #1512, #2036, #3692, .T. ) ;
#1932 = VERTEX_POINT ( 'NONE', #3728 ) ;
#1933 = CARTESIAN_POINT ( 'NONE',  ( 0.004999999999999994900, 0.09349999999999999978, 0.000000000000000000 ) ) ;
#1934 = CARTESIAN_POINT ( 'NONE',  ( 0.02000000000000000042, 0.03799999999999999906, 0.007000000000000000146 ) ) ;
#1935 = VERTEX_POINT ( 'NONE', #4826 ) ;
#1936 = AXIS2_PLACEMENT_3D ( 'NONE', #3398, #714, #6726 ) ;
#1937 = DIRECTION ( 'NONE',  ( 0.000000000000000000, -0.000000000000000000, -1.000000000000000000 ) ) ;
#1938 = CARTESIAN_POINT ( 'NONE',  ( -0.01519528851040037945, 0.1044859229540326812, -0.02299999999999999961 ) ) ;
#1939 = VERTEX_POINT ( 'NONE', #113 ) ;
#1940 = LINE ( 'NONE', #6635, #1442 ) ;
#1941 = VECTOR ( 'NONE', #5855, 1.000000000000000000 ) ;
#1942 = CARTESIAN_POINT ( 'NONE',  ( 0.008376574485834620276, -0.1049999999999999961, -0.009294206067218903355 ) ) ;
#1943 = ORIENTED_EDGE ( 'NONE', *, *, #2045, .F. ) ;
#1944 = DIRECTION ( 'NONE',  ( 1.000000000000000000, 0.000000000000000000, 0.000000000000000000 ) ) ;
#1945 = CARTESIAN_POINT ( 'NONE',  ( -0.04200000000000000261, 0.03996257807826605196, -0.06495034905577767859 ) ) ;
#1946 = ORIENTED_EDGE ( 'NONE', *, *, #3524, .F. ) ;
#1947 = EDGE_CURVE ( 'NONE', #2686, #4416, #1370, .T. ) ;
#1948 = DIRECTION ( 'NONE',  ( 1.000000000000000000, 0.000000000000000000, 0.000000000000000000 ) ) ;
#1949 = CARTESIAN_POINT ( 'NONE',  ( 0.007499999999999999722, -0.1049999999999999961, -0.02000000000000000389 ) ) ;
#1950 = DIRECTION ( 'NONE',  ( -0.000000000000000000, -0.000000000000000000, -1.000000000000000000 ) ) ;
#1951 = CARTESIAN_POINT ( 'NONE',  ( -0.01399999999999999856, 0.1049999999999999822, -0.02299999999999999961 ) ) ;
#1952 = VECTOR ( 'NONE', #221, 1.000000000000000000 ) ;
#1953 = ORIENTED_EDGE ( 'NONE', *, *, #183, .F. ) ;
#1954 = ORIENTED_EDGE ( 'NONE', *, *, #6805, .T. ) ;
#1955 = EDGE_CURVE ( 'NONE', #363, #5136, #2174, .T. ) ;
#1956 = CARTESIAN_POINT ( 'NONE',  ( 0.01663900294291058637, 0.1035428611430424528, -0.02599999999999999881 ) ) ;
#1957 = VERTEX_POINT ( 'NONE', #3800 ) ;
#1958 = DIRECTION ( 'NONE',  ( 0.000000000000000000, -1.000000000000000000, 0.000000000000000000 ) ) ;
#1959 = APPLICATION_CONTEXT ( 'configuration controlled 3d designs of mechanical parts and assemblies' ) ;
#1960 = TOROIDAL_SURFACE ( 'NONE', #2851, 0.004000000000000000083, 0.002000000000000000042 ) ;
#1961 = CARTESIAN_POINT ( 'NONE',  ( 0.06000000000000000472, 0.003500000000000003542, -0.01000000000000000888 ) ) ;
#1962 = CARTESIAN_POINT ( 'NONE',  ( 0.003499999999999994001, 0.09349999999999999978, 0.007000000000000000146 ) ) ;
#1963 = ORIENTED_EDGE ( 'NONE', *, *, #1747, .F. ) ;
#1964 = ORIENTED_EDGE ( 'NONE', *, *, #283, .T. ) ;
#1965 = LINE ( 'NONE', #6209, #3385 ) ;
#1966 = PLANE ( 'NONE',  #6343 ) ;
#1967 = PRODUCT_DEFINITION_SHAPE ( 'NONE', 'NONE',  #6166 ) ;
#1968 = VERTEX_POINT ( 'NONE', #6437 ) ;
#1969 = CARTESIAN_POINT ( 'NONE',  ( 0.01600000000000000033, 0.1099999999999999867, 0.001000000000000000021 ) ) ;
#1970 = CARTESIAN_POINT ( 'NONE',  ( -0.01050000000000000239, 0.04874999999999998085, 0.007000000000000000146 ) ) ;
#1971 = ORIENTED_EDGE ( 'NONE', *, *, #4674, .F. ) ;
#1972 = CARTESIAN_POINT ( 'NONE',  ( -0.01650000000000000772, 0.1035428611430424528, -0.02400000000000000050 ) ) ;
#1973 = DIRECTION ( 'NONE',  ( 0.000000000000000000, 0.000000000000000000, 1.000000000000000000 ) ) ;
#1974 = AXIS2_PLACEMENT_3D ( 'NONE', #1772, #1254, #2852 ) ;
#1975 = AXIS2_PLACEMENT_3D ( 'NONE', #6613, #3387, #5530 ) ;
#1976 = ORIENTED_EDGE ( 'NONE', *, *, #3103, .F. ) ;
#1977 = DIRECTION ( 'NONE',  ( 0.000000000000000000, -0.000000000000000000, -1.000000000000000000 ) ) ;
#1978 = CYLINDRICAL_SURFACE ( 'NONE', #2080, 0.001000000000000000888 ) ;
#1979 = VERTEX_POINT ( 'NONE', #6369 ) ;
#1980 = CIRCLE ( 'NONE', #3873, 0.001500000000000000465 ) ;
#1981 = DIRECTION ( 'NONE',  ( 0.000000000000000000, 1.000000000000000000, 0.000000000000000000 ) ) ;
#1982 = ADVANCED_FACE ( 'NONE', ( #4182 ), #5275, .F. ) ;
#1983 = DIRECTION ( 'NONE',  ( -0.000000000000000000, 1.000000000000000000, -0.000000000000000000 ) ) ;
#1984 = LINE ( 'NONE', #2544, #1366 ) ;
#1985 = DIRECTION ( 'NONE',  ( 0.000000000000000000, 0.000000000000000000, 1.000000000000000000 ) ) ;
#1986 = ORIENTED_EDGE ( 'NONE', *, *, #428, .F. ) ;
#1987 = VERTEX_POINT ( 'NONE', #6332 ) ;
#1988 = CARTESIAN_POINT ( 'NONE',  ( 0.008263035228247464503, 0.1099999999999999867, -0.02070664331622527193 ) ) ;
#1989 = EDGE_CURVE ( 'NONE', #3971, #277, #5848, .T. ) ;
#1990 = VERTEX_POINT ( 'NONE', #2139 ) ;
#1991 = FACE_BOUND ( 'NONE', #3587, .T. ) ;
#1992 = DIRECTION ( 'NONE',  ( -0.9835752544636304773, 0.000000000000000000, 0.1804985285447072985 ) ) ;
#1993 = DIRECTION ( 'NONE',  ( -0.000000000000000000, 0.000000000000000000, 1.000000000000000000 ) ) ;
#1994 = EDGE_CURVE ( 'NONE', #3441, #4391, #918, .T. ) ;
#1995 = VERTEX_POINT ( 'NONE', #2893 ) ;
#1996 = EDGE_LOOP ( 'NONE', ( #2567, #1824, #4914, #2265 ) ) ;
#1997 = AXIS2_PLACEMENT_3D ( 'NONE', #1674, #5382, #4980 ) ;
#1998 = ORIENTED_EDGE ( 'NONE', *, *, #2086, .T. ) ;
#1999 = CYLINDRICAL_SURFACE ( 'NONE', #380, 0.002000000000000000042 ) ;
#2000 = LINE ( 'NONE', #2456, #3323 ) ;
#2001 = AXIS2_PLACEMENT_3D ( 'NONE', #5471, #219, #5538 ) ;
#2002 = EDGE_CURVE ( 'NONE', #2625, #2390, #3317, .T. ) ;
#2003 = EDGE_CURVE ( 'NONE', #3128, #2721, #1813, .T. ) ;
#2004 = ORIENTED_EDGE ( 'NONE', *, *, #3583, .F. ) ;
#2005 = PLANE ( 'NONE',  #6537 ) ;
#2006 = CARTESIAN_POINT ( 'NONE',  ( -0.01399999999999999856, 0.1089999999999999858, 0.000000000000000000 ) ) ;
#2007 = ORIENTED_EDGE ( 'NONE', *, *, #6520, .T. ) ;
#2008 = VECTOR ( 'NONE', #352, 1.000000000000000000 ) ;
#2009 = DIRECTION ( 'NONE',  ( 0.000000000000000000, 2.312964634635742957E-16, -1.000000000000000000 ) ) ;
#2010 = CARTESIAN_POINT ( 'NONE',  ( -0.06000000000000000472, -0.01149999999999999634, -0.01000000000000000888 ) ) ;
#2011 = ORIENTED_EDGE ( 'NONE', *, *, #4023, .T. ) ;
#2012 = CYLINDRICAL_SURFACE ( 'NONE', #6072, 0.001000000000000000888 ) ;
#2013 = CARTESIAN_POINT ( 'NONE',  ( 0.01491308730468181645, 0.1035428611430424667, -0.02398091639115007209 ) ) ;
#2014 = ORIENTED_EDGE ( 'NONE', *, *, #77, .F. ) ;
#2015 = CIRCLE ( 'NONE', #5028, 0.0009999999999999991535 ) ;
#2016 = CYLINDRICAL_SURFACE ( 'NONE', #3899, 0.001000000000000000888 ) ;
#2017 = DIRECTION ( 'NONE',  ( 0.000000000000000000, 1.000000000000000000, -0.000000000000000000 ) ) ;
#2018 = LINE ( 'NONE', #6361, #804 ) ;
#2019 = VECTOR ( 'NONE', #3765, 1.000000000000000000 ) ;
#2020 = CARTESIAN_POINT ( 'NONE',  ( 0.000000000000000000, -0.04298864926096757771, 0.000000000000000000 ) ) ;
#2021 = ORIENTED_EDGE ( 'NONE', *, *, #4209, .T. ) ;
#2022 = ORIENTED_EDGE ( 'NONE', *, *, #4208, .T. ) ;
#2023 = CARTESIAN_POINT ( 'NONE',  ( 0.001069501471455287832, 0.1062714305715212193, -0.02099999999999999784 ) ) ;
#2024 = EDGE_LOOP ( 'NONE', ( #4393, #78, #2310, #6196 ) ) ;
#2025 = CARTESIAN_POINT ( 'NONE',  ( 0.01650000000000000772, 0.1199999999999999956, 2.020667218593131399E-18 ) ) ;
#2026 = DIRECTION ( 'NONE',  ( 0.000000000000000000, 0.000000000000000000, 1.000000000000000000 ) ) ;
#2027 = CARTESIAN_POINT ( 'NONE',  ( -0.03099999999999999631, 0.01104832204050209578, -0.003000000000000000062 ) ) ;
#2028 = VERTEX_POINT ( 'NONE', #6645 ) ;
#2029 = EDGE_CURVE ( 'NONE', #5064, #1659, #2479, .T. ) ;
#2030 = ORIENTED_EDGE ( 'NONE', *, *, #3559, .F. ) ;
#2031 = ORIENTED_EDGE ( 'NONE', *, *, #2261, .F. ) ;
#2032 = VECTOR ( 'NONE', #2400, 1.000000000000000000 ) ;
#2033 =( LENGTH_UNIT ( ) NAMED_UNIT ( * ) SI_UNIT ( $, .METRE. ) );
#2034 = EDGE_CURVE ( 'NONE', #3303, #5328, #6508, .T. ) ;
#2035 = AXIS2_PLACEMENT_3D ( 'NONE', #4323, #42, #2102 ) ;
#2036 = VERTEX_POINT ( 'NONE', #6541 ) ;
#2037 = LINE ( 'NONE', #6761, #1718 ) ;
#2038 = LINE ( 'NONE', #3529, #977 ) ;
#2039 = CIRCLE ( 'NONE', #4374, 0.001299999999999999073 ) ;
#2040 = ORIENTED_EDGE ( 'NONE', *, *, #3841, .F. ) ;
#2041 = DIRECTION ( 'NONE',  ( -0.000000000000000000, 0.000000000000000000, 1.000000000000000000 ) ) ;
#2042 = LINE ( 'NONE', #4054, #1569 ) ;
#2043 = ORIENTED_EDGE ( 'NONE', *, *, #1487, .F. ) ;
#2044 = EDGE_CURVE ( 'NONE', #5421, #4616, #1261, .T. ) ;
#2045 = EDGE_CURVE ( 'NONE', #4565, #6577, #209, .T. ) ;
#2046 = CARTESIAN_POINT ( 'NONE',  ( 0.02000000000000000042, 0.03799999999999999212, -0.008999999999999999320 ) ) ;
#2047 = FACE_OUTER_BOUND ( 'NONE', #6469, .T. ) ;
#2048 = ORIENTED_EDGE ( 'NONE', *, *, #792, .T. ) ;
#2049 = CARTESIAN_POINT ( 'NONE',  ( 0.02000000000000000042, 0.000000000000000000, 0.007000000000000000146 ) ) ;
#2050 = LINE ( 'NONE', #4622, #3305 ) ;
#2051 = ORIENTED_EDGE ( 'NONE', *, *, #4723, .F. ) ;
#2052 = AXIS2_PLACEMENT_3D ( 'NONE', #1139, #4842, #1105 ) ;
#2053 = DIRECTION ( 'NONE',  ( 0.000000000000000000, 0.000000000000000000, 1.000000000000000000 ) ) ;
#2054 = FACE_OUTER_BOUND ( 'NONE', #3036, .T. ) ;
#2055 = AXIS2_PLACEMENT_3D ( 'NONE', #3703, #4836, #4264 ) ;
#2056 = FACE_BOUND ( 'NONE', #4610, .T. ) ;
#2057 = EDGE_CURVE ( 'NONE', #3495, #424, #1750, .T. ) ;
#2058 = PLANE ( 'NONE',  #5422 ) ;
#2059 = ORIENTED_EDGE ( 'NONE', *, *, #6542, .T. ) ;
#2060 = CARTESIAN_POINT ( 'NONE',  ( -0.02999999999999999542, 0.02299999999999999961, 0.007000000000000000146 ) ) ;
#2061 = ORIENTED_EDGE ( 'NONE', *, *, #6588, .F. ) ;
#2062 = CARTESIAN_POINT ( 'NONE',  ( 0.05700000000000000205, 0.006000000000000005329, -0.01500000000000000638 ) ) ;
#2063 = FACE_OUTER_BOUND ( 'NONE', #2165, .T. ) ;
#2064 = VECTOR ( 'NONE', #382, 1.000000000000000000 ) ;
#2065 = VECTOR ( 'NONE', #2839, 1.000000000000000000 ) ;
#2066 = CARTESIAN_POINT ( 'NONE',  ( 0.06000000000000000472, 0.003500000000000003109, -0.01000000000000000888 ) ) ;
#2067 = VECTOR ( 'NONE', #6786, 1.000000000000000000 ) ;
#2068 = ORIENTED_EDGE ( 'NONE', *, *, #5199, .F. ) ;
#2069 = VERTEX_POINT ( 'NONE', #1324 ) ;
#2070 = VERTEX_POINT ( 'NONE', #3445 ) ;
#2071 = DIRECTION ( 'NONE',  ( -0.000000000000000000, -1.000000000000000000, -0.000000000000000000 ) ) ;
#2072 = VECTOR ( 'NONE', #3500, 1.000000000000000000 ) ;
#2073 = VERTEX_POINT ( 'NONE', #3967 ) ;
#2074 = LINE ( 'NONE', #6305, #375 ) ;
#2075 = DIRECTION ( 'NONE',  ( 1.541976423090494401E-16, 1.000000000000000000, 0.000000000000000000 ) ) ;
#2076 = DIRECTION ( 'NONE',  ( 0.000000000000000000, 1.000000000000000000, 0.000000000000000000 ) ) ;
#2077 = DIRECTION ( 'NONE',  ( -1.000000000000000000, -1.541976423090494401E-16, -0.000000000000000000 ) ) ;
#2078 = EDGE_CURVE ( 'NONE', #625, #2954, #3801, .T. ) ;
#2079 = EDGE_LOOP ( 'NONE', ( #5237, #6177 ) ) ;
#2080 = AXIS2_PLACEMENT_3D ( 'NONE', #932, #2989, #1458 ) ;
#2081 = CARTESIAN_POINT ( 'NONE',  ( 0.02475000000000000117, 0.1110000000000000014, 0.000000000000000000 ) ) ;
#2082 = PERSON_AND_ORGANIZATION ( #202, #6746 ) ;
#2083 = CARTESIAN_POINT ( 'NONE',  ( 0.000000000000000000, 0.1199999999999999956, 0.000000000000000000 ) ) ;
#2084 = ORIENTED_EDGE ( 'NONE', *, *, #5644, .T. ) ;
#2085 = CARTESIAN_POINT ( 'NONE',  ( -0.02000000000000000042, 0.03799999999999999212, -0.008999999999999999320 ) ) ;
#2086 = EDGE_CURVE ( 'NONE', #2113, #4004, #4459, .T. ) ;
#2087 = DIRECTION ( 'NONE',  ( -0.000000000000000000, -1.000000000000000000, -0.000000000000000000 ) ) ;
#2088 = VERTEX_POINT ( 'NONE', #669 ) ;
#2089 = CARTESIAN_POINT ( 'NONE',  ( 0.01563900294291058549, 0.1045428611430424537, -0.02299999999999999961 ) ) ;
#2090 = ORIENTED_EDGE ( 'NONE', *, *, #2702, .T. ) ;
#2091 = AXIS2_PLACEMENT_3D ( 'NONE', #5200, #5384, #6466 ) ;
#2092 = LINE ( 'NONE', #6926, #3422 ) ;
#2093 = DIRECTION ( 'NONE',  ( -0.000000000000000000, -0.000000000000000000, -1.000000000000000000 ) ) ;
#2094 = EDGE_CURVE ( 'NONE', #1511, #5370, #2244, .T. ) ;
#2095 = DIRECTION ( 'NONE',  ( 0.000000000000000000, 1.000000000000000000, 0.000000000000000000 ) ) ;
#2096 = EDGE_CURVE ( 'NONE', #6440, #1168, #1717, .T. ) ;
#2097 = VERTEX_POINT ( 'NONE', #1816 ) ;
#2098 = CIRCLE ( 'NONE', #1974, 0.001000000000000000238 ) ;
#2099 = AXIS2_PLACEMENT_3D ( 'NONE', #5682, #3011, #3118 ) ;
#2100 = DIRECTION ( 'NONE',  ( -0.000000000000000000, 0.000000000000000000, 1.000000000000000000 ) ) ;
#2101 = VERTEX_POINT ( 'NONE', #4961 ) ;
#2102 = DIRECTION ( 'NONE',  ( 0.000000000000000000, 0.000000000000000000, 1.000000000000000000 ) ) ;
#2103 = LINE ( 'NONE', #1055, #1573 ) ;
#2104 = LINE ( 'NONE', #4219, #343 ) ;
#2105 = ORIENTED_EDGE ( 'NONE', *, *, #5630, .T. ) ;
#2106 = VERTEX_POINT ( 'NONE', #3838 ) ;
#2107 = ORIENTED_EDGE ( 'NONE', *, *, #469, .F. ) ;
#2108 = CARTESIAN_POINT ( 'NONE',  ( -0.008430338243672425014, -0.1049999999999999961, -0.009294206067218903355 ) ) ;
#2109 = ORIENTED_EDGE ( 'NONE', *, *, #4466, .T. ) ;
#2110 = PLANE ( 'NONE',  #6742 ) ;
#2111 = LINE ( 'NONE', #5893, #3506 ) ;
#2112 = AXIS2_PLACEMENT_3D ( 'NONE', #6347, #2009, #4093 ) ;
#2113 = VERTEX_POINT ( 'NONE', #2800 ) ;
#2114 = CARTESIAN_POINT ( 'NONE',  ( -0.05000000000000000278, -0.04298864926096757771, -0.06495034905577767859 ) ) ;
#2115 = ORIENTED_EDGE ( 'NONE', *, *, #761, .F. ) ;
#2116 = CIRCLE ( 'NONE', #2562, 0.001000000000000000888 ) ;
#2117 = DIRECTION ( 'NONE',  ( -1.000000000000000000, 0.000000000000000000, 0.000000000000000000 ) ) ;
#2118 = APPROVAL_DATE_TIME ( #6915, #386 ) ;
#2119 = CARTESIAN_POINT ( 'NONE',  ( -0.01650000000000001119, 0.1051182342849026063, -0.02398351310536567249 ) ) ;
#2120 = DIRECTION ( 'NONE',  ( -0.000000000000000000, -0.000000000000000000, -1.000000000000000000 ) ) ;
#2121 = ORIENTED_EDGE ( 'NONE', *, *, #3698, .T. ) ;
#2122 = DIRECTION ( 'NONE',  ( -1.000000000000000000, 0.000000000000000000, 0.000000000000000000 ) ) ;
#2123 = VECTOR ( 'NONE', #5102, 1.000000000000000000 ) ;
#2124 = DIRECTION ( 'NONE',  ( 0.000000000000000000, -1.000000000000000000, 0.000000000000000000 ) ) ;
#2125 = CARTESIAN_POINT ( 'NONE',  ( 0.000000000000000000, 0.1039999999999999813, -0.02199999999999999872 ) ) ;
#2126 = ORIENTED_EDGE ( 'NONE', *, *, #379, .F. ) ;
#2127 = VECTOR ( 'NONE', #3682, 1.000000000000000000 ) ;
#2128 = EDGE_CURVE ( 'NONE', #2572, #150, #5048, .T. ) ;
#2129 = CARTESIAN_POINT ( 'NONE',  ( -0.05700000000000000899, -0.04303742192173399400, -0.07299999999999999545 ) ) ;
#2130 = AXIS2_PLACEMENT_3D ( 'NONE', #2980, #1905, #5116 ) ;
#2131 = CARTESIAN_POINT ( 'NONE',  ( 0.01399999999999999856, 0.1099999999999999867, -0.02299999999999999961 ) ) ;
#2132 = CARTESIAN_POINT ( 'NONE',  ( -0.02299999999999999961, -0.03500000000000001721, 0.000000000000000000 ) ) ;
#2133 = ORIENTED_EDGE ( 'NONE', *, *, #1246, .F. ) ;
#2134 = AXIS2_PLACEMENT_3D ( 'NONE', #5243, #6756, #6787 ) ;
#2135 = CARTESIAN_POINT ( 'NONE',  ( -0.06000000000000000472, 0.003500000000000003542, -0.02000000000000001082 ) ) ;
#2136 = EDGE_CURVE ( 'NONE', #5248, #1233, #4361, .T. ) ;
#2137 = ORIENTED_EDGE ( 'NONE', *, *, #2096, .F. ) ;
#2138 = ADVANCED_FACE ( 'NONE', ( #6094 ), #1229, .T. ) ;
#2139 = CARTESIAN_POINT ( 'NONE',  ( -0.01550000000000000683, 0.1099999999999999867, -0.02393649167310370890 ) ) ;
#2140 = CIRCLE ( 'NONE', #4129, 0.001000000000000000021 ) ;
#2141 = CARTESIAN_POINT ( 'NONE',  ( 0.04200000000000000261, -0.04303742192173399400, -0.06095034905577770279 ) ) ;
#2142 = ORIENTED_EDGE ( 'NONE', *, *, #6612, .T. ) ;
#2143 = EDGE_LOOP ( 'NONE', ( #4745, #1540, #615, #3755 ) ) ;
#2144 = EDGE_LOOP ( 'NONE', ( #293, #1232, #555, #86 ) ) ;
#2145 = CARTESIAN_POINT ( 'NONE',  ( 0.05000000000000000278, -0.04303742192173399400, -0.06495034905577767859 ) ) ;
#2146 = ORIENTED_EDGE ( 'NONE', *, *, #1773, .F. ) ;
#2147 = EDGE_CURVE ( 'NONE', #440, #3821, #1477, .T. ) ;
#2148 = FACE_BOUND ( 'NONE', #1580, .T. ) ;
#2149 = LINE ( 'NONE', #3810, #2212 ) ;
#2150 = ORIENTED_EDGE ( 'NONE', *, *, #3075, .T. ) ;
#2151 = CARTESIAN_POINT ( 'NONE',  ( -0.02475000000000000117, 0.1110000000000000014, 0.007000000000000000146 ) ) ;
#2152 = CIRCLE ( 'NONE', #2263, 0.001000000000000000888 ) ;
#2153 = ORIENTED_EDGE ( 'NONE', *, *, #2937, .T. ) ;
#2154 = AXIS2_PLACEMENT_3D ( 'NONE', #354, #2484, #4636 ) ;
#2155 = DIRECTION ( 'NONE',  ( -0.000000000000000000, -1.000000000000000000, -0.000000000000000000 ) ) ;
#2156 = COORDINATED_UNIVERSAL_TIME_OFFSET ( 3, 0, .AHEAD. ) ;
#2157 = AXIS2_PLACEMENT_3D ( 'NONE', #337, #2469, #1944 ) ;
#2158 = CARTESIAN_POINT ( 'NONE',  ( 0.01579773832579188172, 0.1055769402062622098, -0.02298707704679072567 ) ) ;
#2159 = CARTESIAN_POINT ( 'NONE',  ( -0.01650000000000000772, 0.1089999999999999858, 0.001000000000000000021 ) ) ;
#2160 = EDGE_LOOP ( 'NONE', ( #6062, #319, #3070, #6837 ) ) ;
#2161 = DIRECTION ( 'NONE',  ( 0.000000000000000000, 0.000000000000000000, -1.000000000000000000 ) ) ;
#2162 = CARTESIAN_POINT ( 'NONE',  ( -0.05700000000000000205, -0.01399999999999999856, -0.01630000000000001240 ) ) ;
#2163 = ORIENTED_EDGE ( 'NONE', *, *, #6752, .F. ) ;
#2164 = CARTESIAN_POINT ( 'NONE',  ( 0.01663900294291058637, 0.1099999999999999867, -0.02396715050892726101 ) ) ;
#2165 = EDGE_LOOP ( 'NONE', ( #2294, #6188, #3721, #1576 ) ) ;
#2166 = CARTESIAN_POINT ( 'NONE',  ( -0.005000000000000066024, 0.04549999999999999878, 0.000000000000000000 ) ) ;
#2167 = CARTESIAN_POINT ( 'NONE',  ( -0.01650000000000000772, 0.1089999999999999858, -0.02393649167310370890 ) ) ;
#2168 = DIRECTION ( 'NONE',  ( 0.000000000000000000, 1.000000000000000000, 0.000000000000000000 ) ) ;
#2169 = CIRCLE ( 'NONE', #3934, 0.001000000000000000888 ) ;
#2170 = ORIENTED_EDGE ( 'NONE', *, *, #1841, .F. ) ;
#2171 = EDGE_CURVE ( 'NONE', #4775, #5557, #2305, .T. ) ;
#2172 = CARTESIAN_POINT ( 'NONE',  ( 0.01519525127066824813, 0.1044859108137616288, -0.02299999999999999961 ) ) ;
#2173 = ORIENTED_EDGE ( 'NONE', *, *, #6805, .F. ) ;
#2174 = LINE ( 'NONE', #4287, #6180 ) ;
#2175 = AXIS2_PLACEMENT_3D ( 'NONE', #3256, #4332, #1133 ) ;
#2176 = CARTESIAN_POINT ( 'NONE',  ( -0.01399999999999999856, 0.1089999999999999858, -0.02199999999999999872 ) ) ;
#2177 = VERTEX_POINT ( 'NONE', #1949 ) ;
#2178 = ORIENTED_EDGE ( 'NONE', *, *, #1931, .T. ) ;
#2179 = ORIENTED_EDGE ( 'NONE', *, *, #3163, .F. ) ;
#2180 = EDGE_CURVE ( 'NONE', #1469, #405, #936, .T. ) ;
#2181 = CARTESIAN_POINT ( 'NONE',  ( 0.04200000000000000261, 0.04796257807826604519, -0.06495034905577767859 ) ) ;
#2182 = ORIENTED_EDGE ( 'NONE', *, *, #292, .F. ) ;
#2183 = CARTESIAN_POINT ( 'NONE',  ( 0.02000000000000000042, 0.000000000000000000, 0.007000000000000000146 ) ) ;
#2184 = DIRECTION ( 'NONE',  ( 0.000000000000000000, -1.000000000000000000, 0.000000000000000000 ) ) ;
#2185 = VECTOR ( 'NONE', #1333, 1.000000000000000000 ) ;
#2186 = CARTESIAN_POINT ( 'NONE',  ( -0.01000000000000000194, 0.1099999999999999867, -0.01499999999999999944 ) ) ;
#2187 = CARTESIAN_POINT ( 'NONE',  ( 0.009999999999999998473, 0.1099999999999999867, -0.01629999999999999505 ) ) ;
#2188 = EDGE_CURVE ( 'NONE', #4831, #4142, #3849, .T. ) ;
#2189 = ORIENTED_EDGE ( 'NONE', *, *, #3877, .T. ) ;
#2190 = CIRCLE ( 'NONE', #4619, 0.001000000000000000888 ) ;
#2191 = CARTESIAN_POINT ( 'NONE',  ( 0.01499999999999999251, -0.09499999999999998723, -0.02500000000000000139 ) ) ;
#2192 = CALENDAR_DATE ( 2026, 12, 8 ) ;
#2193 = CARTESIAN_POINT ( 'NONE',  ( 0.01663900294291058637, 0.1051907714426878054, -0.02307842889043733650 ) ) ;
#2194 = EDGE_LOOP ( 'NONE', ( #3287, #847, #2233, #5744 ) ) ;
#2195 = CARTESIAN_POINT ( 'NONE',  ( 0.05000000000000000278, -0.04303742192173399400, -0.06695034905577768036 ) ) ;
#2196 = LINE ( 'NONE', #6921, #6449 ) ;
#2197 = VERTEX_POINT ( 'NONE', #6287 ) ;
#2198 = DIRECTION ( 'NONE',  ( -0.000000000000000000, 1.000000000000000000, -0.000000000000000000 ) ) ;
#2199 = VERTEX_POINT ( 'NONE', #4661 ) ;
#2200 = CARTESIAN_POINT ( 'NONE',  ( 0.000000000000000000, 0.04874999999999998085, 0.007000000000000000146 ) ) ;
#2201 = PLANE ( 'NONE',  #5727 ) ;
#2202 = CARTESIAN_POINT ( 'NONE',  ( 0.05700000000000000205, 0.004296149561436858784, -0.02101765814254362430 ) ) ;
#2203 = ORIENTED_EDGE ( 'NONE', *, *, #787, .T. ) ;
#2204 = FACE_OUTER_BOUND ( 'NONE', #1486, .T. ) ;
#2205 = ORIENTED_EDGE ( 'NONE', *, *, #90, .T. ) ;
#2206 = DIRECTION ( 'NONE',  ( 1.000000000000000000, 0.000000000000000000, 0.000000000000000000 ) ) ;
#2207 = DIRECTION ( 'NONE',  ( 0.000000000000000000, 0.000000000000000000, -1.000000000000000000 ) ) ;
#2208 = VECTOR ( 'NONE', #660, 1.000000000000000000 ) ;
#2209 = VERTEX_POINT ( 'NONE', #3616 ) ;
#2210 = EDGE_LOOP ( 'NONE', ( #4055, #5128, #3316, #852 ) ) ;
#2211 = ORIENTED_EDGE ( 'NONE', *, *, #685, .T. ) ;
#2212 = VECTOR ( 'NONE', #2668, 1.000000000000000000 ) ;
#2213 = EDGE_CURVE ( 'NONE', #2376, #5216, #4594, .T. ) ;
#2214 = CARTESIAN_POINT ( 'NONE',  ( -0.005000000000000000104, 0.09349999999999999978, 0.000000000000000000 ) ) ;
#2215 = VERTEX_POINT ( 'NONE', #1359 ) ;
#2216 = CARTESIAN_POINT ( 'NONE',  ( 0.01499999999999999944, 0.1039999999999999813, 0.000000000000000000 ) ) ;
#2217 = CARTESIAN_POINT ( 'NONE',  ( -0.02000000000000000042, 0.03799999999999999212, 0.000000000000000000 ) ) ;
#2218 = EDGE_CURVE ( 'NONE', #6065, #2965, #3478, .T. ) ;
#2219 = CARTESIAN_POINT ( 'NONE',  ( 0.01499999999999999944, 0.1039999999999999813, -0.001000000000000000888 ) ) ;
#2220 = FACE_OUTER_BOUND ( 'NONE', #1589, .T. ) ;
#2221 = ORIENTED_EDGE ( 'NONE', *, *, #468, .T. ) ;
#2222 = CYLINDRICAL_SURFACE ( 'NONE', #4157, 0.001299999999999997338 ) ;
#2223 = EDGE_CURVE ( 'NONE', #4531, #5383, #2957, .T. ) ;
#2224 = EDGE_CURVE ( 'NONE', #5667, #3389, #5664, .T. ) ;
#2225 = LINE ( 'NONE', #4535, #2875 ) ;
#2226 = VERTEX_POINT ( 'NONE', #2507 ) ;
#2227 = CARTESIAN_POINT ( 'NONE',  ( 0.02999999999999998848, -0.02299999999999997186, 0.007000000000000000146 ) ) ;
#2228 = CARTESIAN_POINT ( 'NONE',  ( -0.02999999999999999542, -0.02299999999999997186, 0.007000000000000000146 ) ) ;
#2229 = ORIENTED_EDGE ( 'NONE', *, *, #4550, .T. ) ;
#2230 = AXIS2_PLACEMENT_3D ( 'NONE', #3754, #5909, #2295 ) ;
#2231 = PRODUCT_RELATED_PRODUCT_CATEGORY ( 'detail', '', ( #4757 ) ) ;
#2232 = CARTESIAN_POINT ( 'NONE',  ( 0.02000000000000000042, 0.03799999999999999906, 0.007000000000000000146 ) ) ;
#2233 = ORIENTED_EDGE ( 'NONE', *, *, #4587, .F. ) ;
#2234 = EDGE_CURVE ( 'NONE', #1691, #1511, #4066, .T. ) ;
#2235 = DIRECTION ( 'NONE',  ( 1.000000000000000000, 0.000000000000000000, -0.000000000000000000 ) ) ;
#2236 = AXIS2_PLACEMENT_3D ( 'NONE', #118, #6548, #6200 ) ;
#2237 = FACE_OUTER_BOUND ( 'NONE', #4929, .T. ) ;
#2238 = DIRECTION ( 'NONE',  ( -1.000000000000000000, -0.000000000000000000, -0.000000000000000000 ) ) ;
#2239 = VERTEX_POINT ( 'NONE', #1916 ) ;
#2240 = VECTOR ( 'NONE', #700, 1.000000000000000000 ) ;
#2241 = DIRECTION ( 'NONE',  ( 0.000000000000000000, -0.000000000000000000, -1.000000000000000000 ) ) ;
#2242 = VECTOR ( 'NONE', #786, 1.000000000000000000 ) ;
#2243 = ORIENTED_EDGE ( 'NONE', *, *, #6115, .T. ) ;
#2244 = LINE ( 'NONE', #5597, #4256 ) ;
#2245 = CARTESIAN_POINT ( 'NONE',  ( -0.02000000000000000042, -0.03200000000000001454, 0.000000000000000000 ) ) ;
#2246 = ORIENTED_EDGE ( 'NONE', *, *, #4681, .F. ) ;
#2247 = EDGE_LOOP ( 'NONE', ( #2844, #1520, #1701, #6441 ) ) ;
#2248 = CARTESIAN_POINT ( 'NONE',  ( -0.02475000000000000117, 0.1020000000000000073, 0.007000000000000000146 ) ) ;
#2249 = AXIS2_PLACEMENT_3D ( 'NONE', #3626, #6333, #5816 ) ;
#2250 = ORIENTED_EDGE ( 'NONE', *, *, #537, .F. ) ;
#2251 = CARTESIAN_POINT ( 'NONE',  ( 0.000000000000000000, 0.000000000000000000, 0.007000000000000000146 ) ) ;
#2252 = CARTESIAN_POINT ( 'NONE',  ( -0.05699999999999999512, 0.03996257807826604502, 0.007000000000000000146 ) ) ;
#2253 = CARTESIAN_POINT ( 'NONE',  ( -0.008309900245939860763, 0.1149999999999999911, -0.02070664331622527193 ) ) ;
#2254 = EDGE_CURVE ( 'NONE', #1469, #3495, #3091, .T. ) ;
#2255 = CARTESIAN_POINT ( 'NONE',  ( -0.04200000000000000261, 0.03996257807826604502, -0.05895034905577770101 ) ) ;
#2256 = DIRECTION ( 'NONE',  ( -0.000000000000000000, 1.000000000000000000, -0.000000000000000000 ) ) ;
#2257 = ORIENTED_EDGE ( 'NONE', *, *, #1612, .F. ) ;
#2258 = PLANE ( 'NONE',  #921 ) ;
#2259 = CARTESIAN_POINT ( 'NONE',  ( -0.01422904858326004378, 0.1035428611430424528, -0.02392491604489632023 ) ) ;
#2260 = VERTEX_POINT ( 'NONE', #4562 ) ;
#2261 = EDGE_CURVE ( 'NONE', #524, #4215, #5771, .T. ) ;
#2262 = ADVANCED_FACE ( 'NONE', ( #6255 ), #903, .F. ) ;
#2263 = AXIS2_PLACEMENT_3D ( 'NONE', #5660, #2988, #6738 ) ;
#2264 = CARTESIAN_POINT ( 'NONE',  ( -6.591949208711865880E-18, 0.03799999999999999212, 0.000000000000000000 ) ) ;
#2265 = ORIENTED_EDGE ( 'NONE', *, *, #5023, .T. ) ;
#2266 = VECTOR ( 'NONE', #1, 1.000000000000000000 ) ;
#2267 = PLANE ( 'NONE',  #3867 ) ;
#2268 = FACE_OUTER_BOUND ( 'NONE', #3804, .T. ) ;
#2269 = CARTESIAN_POINT ( 'NONE',  ( -0.02000000000000000042, -0.03500000000000001721, -0.008999999999999999320 ) ) ;
#2270 = CARTESIAN_POINT ( 'NONE',  ( -0.01575000000000000358, 0.000000000000000000, -0.02296824583655185381 ) ) ;
#2271 = EDGE_LOOP ( 'NONE', ( #3190, #5819, #1374, #3308 ) ) ;
#2272 = FACE_BOUND ( 'NONE', #226, .T. ) ;
#2273 = ORIENTED_EDGE ( 'NONE', *, *, #6199, .F. ) ;
#2274 = DIRECTION ( 'NONE',  ( -0.000000000000000000, -1.000000000000000000, 0.000000000000000000 ) ) ;
#2275 = EDGE_CURVE ( 'NONE', #1811, #5642, #3028, .T. ) ;
#2276 = VECTOR ( 'NONE', #4341, 1.000000000000000000 ) ;
#2277 = CARTESIAN_POINT ( 'NONE',  ( 0.01581950147145529464, 0.000000000000000000, -0.02298357525446362987 ) ) ;
#2278 = ORIENTED_EDGE ( 'NONE', *, *, #379, .T. ) ;
#2279 = ORIENTED_EDGE ( 'NONE', *, *, #1189, .T. ) ;
#2280 = DIRECTION ( 'NONE',  ( 0.000000000000000000, 0.000000000000000000, -1.000000000000000000 ) ) ;
#2281 = VECTOR ( 'NONE', #605, 1.000000000000000000 ) ;
#2282 = VERTEX_POINT ( 'NONE', #4033 ) ;
#2283 = CARTESIAN_POINT ( 'NONE',  ( -0.01399999999999999856, 0.1059999999999999831, -0.001000000000000000888 ) ) ;
#2284 = CARTESIAN_POINT ( 'NONE',  ( 0.000000000000000000, 0.09024999999999998301, 0.007000000000000000146 ) ) ;
#2285 = DIRECTION ( 'NONE',  ( 0.000000000000000000, 0.000000000000000000, 1.000000000000000000 ) ) ;
#2286 = CARTESIAN_POINT ( 'NONE',  ( -0.009930498528544712614, 0.1062714305715212193, -0.02099999999999999784 ) ) ;
#2287 = FACE_OUTER_BOUND ( 'NONE', #6496, .T. ) ;
#2288 = EDGE_CURVE ( 'NONE', #1377, #2735, #308, .T. ) ;
#2289 = ORIENTED_EDGE ( 'NONE', *, *, #367, .F. ) ;
#2290 = AXIS2_PLACEMENT_3D ( 'NONE', #3943, #514, #3850 ) ;
#2291 = CARTESIAN_POINT ( 'NONE',  ( 0.000000000000000000, 0.1199999999999999956, 0.000000000000000000 ) ) ;
#2292 = CARTESIAN_POINT ( 'NONE',  ( -0.01499999999999999944, 0.1049999999999999822, -0.02199999999999999872 ) ) ;
#2293 = VECTOR ( 'NONE', #1204, 1.000000000000000000 ) ;
#2294 = ORIENTED_EDGE ( 'NONE', *, *, #3139, .T. ) ;
#2295 = DIRECTION ( 'NONE',  ( -1.000000000000000000, 0.000000000000000000, 0.000000000000000000 ) ) ;
#2296 = ORIENTED_EDGE ( 'NONE', *, *, #2644, .T. ) ;
#2297 = VECTOR ( 'NONE', #1767, 1.000000000000000000 ) ;
#2298 = EDGE_CURVE ( 'NONE', #4539, #1957, #5167, .T. ) ;
#2299 = CARTESIAN_POINT ( 'NONE',  ( 0.01563900294291058549, 0.1089999999999999858, -0.02599999999999999881 ) ) ;
#2300 = DIRECTION ( 'NONE',  ( -0.000000000000000000, 0.000000000000000000, 1.000000000000000000 ) ) ;
#2301 = FACE_OUTER_BOUND ( 'NONE', #4307, .T. ) ;
#2302 = ORIENTED_EDGE ( 'NONE', *, *, #6366, .T. ) ;
#2303 = LINE ( 'NONE', #2338, #6932 ) ;
#2304 = ORIENTED_EDGE ( 'NONE', *, *, #5510, .F. ) ;
#2305 = LINE ( 'NONE', #1784, #3588 ) ;
#2306 = EDGE_CURVE ( 'NONE', #3400, #4082, #94, .T. ) ;
#2307 = EDGE_CURVE ( 'NONE', #1266, #4565, #4000, .T. ) ;
#2308 = LINE ( 'NONE', #2277, #5259 ) ;
#2309 = EDGE_LOOP ( 'NONE', ( #2554, #6218 ) ) ;
#2310 = ORIENTED_EDGE ( 'NONE', *, *, #5991, .T. ) ;
#2311 = EDGE_CURVE ( 'NONE', #2799, #6825, #5132, .T. ) ;
#2312 = CARTESIAN_POINT ( 'NONE',  ( 0.03099999999999999631, 0.01804832204050208291, 0.007000000000000000146 ) ) ;
#2313 = AXIS2_PLACEMENT_3D ( 'NONE', #3542, #6187, #3645 ) ;
#2314 = VERTEX_POINT ( 'NONE', #1464 ) ;
#2315 = DIRECTION ( 'NONE',  ( 1.000000000000000000, 0.000000000000000000, 0.000000000000000000 ) ) ;
#2316 = VECTOR ( 'NONE', #6149, 1.000000000000000000 ) ;
#2317 = AXIS2_PLACEMENT_3D ( 'NONE', #5930, #1889, #3258 ) ;
#2318 = CARTESIAN_POINT ( 'NONE',  ( 0.05000000000000000278, 0.003500000000000003109, -0.02000000000000001082 ) ) ;
#2319 = DIRECTION ( 'NONE',  ( 0.000000000000000000, 0.000000000000000000, 1.000000000000000000 ) ) ;
#2320 = CIRCLE ( 'NONE', #5336, 0.001299999999999998206 ) ;
#2321 = AXIS2_PLACEMENT_3D ( 'NONE', #203, #1808, #1742 ) ;
#2322 = DIRECTION ( 'NONE',  ( 1.000000000000000000, 0.000000000000000000, 0.000000000000000000 ) ) ;
#2323 = CARTESIAN_POINT ( 'NONE',  ( -0.01600000000000000033, 0.1049999999999999822, -0.001000000000000000888 ) ) ;
#2324 = ORIENTED_EDGE ( 'NONE', *, *, #642, .F. ) ;
#2325 = CARTESIAN_POINT ( 'NONE',  ( 0.05000000000000000278, 0.006000000000000005329, -0.01500000000000000638 ) ) ;
#2326 = CARTESIAN_POINT ( 'NONE',  ( 0.01573791193183528975, 0.1052297956460846035, -0.02299450480775890038 ) ) ;
#2327 = EDGE_LOOP ( 'NONE', ( #4380, #2121, #384, #4282 ) ) ;
#2328 = FACE_BOUND ( 'NONE', #1696, .T. ) ;
#2329 = VERTEX_POINT ( 'NONE', #3581 ) ;
#2330 = CARTESIAN_POINT ( 'NONE',  ( 0.05000000000000000278, 0.03996257807826604502, -0.06695034905577768036 ) ) ;
#2331 = DIRECTION ( 'NONE',  ( 0.000000000000000000, 0.000000000000000000, 1.000000000000000000 ) ) ;
#2332 = ADVANCED_FACE ( 'NONE', ( #5737 ), #3063, .F. ) ;
#2333 = FACE_BOUND ( 'NONE', #2878, .T. ) ;
#2334 = CIRCLE ( 'NONE', #3113, 0.001299999999999999073 ) ;
#2335 = CARTESIAN_POINT ( 'NONE',  ( 0.02475000000000000117, 0.1110000000000000014, 0.000000000000000000 ) ) ;
#2336 = ORIENTED_EDGE ( 'NONE', *, *, #3250, .F. ) ;
#2337 = EDGE_CURVE ( 'NONE', #3874, #6113, #2614, .T. ) ;
#2338 = CARTESIAN_POINT ( 'NONE',  ( 0.06000000000000000472, -0.01242252077633198074, -0.009065587432989727357 ) ) ;
#2339 = AXIS2_PLACEMENT_3D ( 'NONE', #2159, #6918, #4369 ) ;
#2340 = CARTESIAN_POINT ( 'NONE',  ( 0.01417157287525379859, -0.09499999999999997335, -0.02500000000000000139 ) ) ;
#2341 = DIRECTION ( 'NONE',  ( -1.000000000000000000, -0.000000000000000000, -0.000000000000000000 ) ) ;
#2342 = LINE ( 'NONE', #6647, #6559 ) ;
#2343 = ORIENTED_EDGE ( 'NONE', *, *, #4161, .F. ) ;
#2344 = ORIENTED_EDGE ( 'NONE', *, *, #6869, .T. ) ;
#2345 = AXIS2_PLACEMENT_3D ( 'NONE', #306, #1915, #6156 ) ;
#2346 = ADVANCED_FACE ( 'NONE', ( #2054 ), #3757, .T. ) ;
#2347 = EDGE_CURVE ( 'NONE', #855, #1890, #1044, .T. ) ;
#2348 = LINE ( 'NONE', #1299, #220 ) ;
#2349 = ORIENTED_EDGE ( 'NONE', *, *, #1226, .T. ) ;
#2350 = CARTESIAN_POINT ( 'NONE',  ( 0.01600000000000000033, 0.1089999999999999858, -0.02199999999999999872 ) ) ;
#2351 = LINE ( 'NONE', #1793, #3443 ) ;
#2352 = CARTESIAN_POINT ( 'NONE',  ( -0.01399999999999999856, 0.1089999999999999858, -0.001000000000000000888 ) ) ;
#2353 = CIRCLE ( 'NONE', #6822, 0.001000000000000000021 ) ;
#2354 = CARTESIAN_POINT ( 'NONE',  ( 0.01399999999999999856, 0.1039999999999999813, 0.000000000000000000 ) ) ;
#2355 = DIRECTION ( 'NONE',  ( 0.000000000000000000, 1.000000000000000000, -0.000000000000000000 ) ) ;
#2356 = ADVANCED_FACE ( 'NONE', ( #1151 ), #4738, .F. ) ;
#2357 = AXIS2_PLACEMENT_3D ( 'NONE', #830, #3029, #309 ) ;
#2358 = ORIENTED_EDGE ( 'NONE', *, *, #5208, .F. ) ;
#2359 = DIRECTION ( 'NONE',  ( 0.000000000000000000, 0.000000000000000000, 1.000000000000000000 ) ) ;
#2360 = CARTESIAN_POINT ( 'NONE',  ( -0.01399999999999999856, 0.1042714305715212175, -0.02296245802238001607 ) ) ;
#2361 = EDGE_LOOP ( 'NONE', ( #2189, #5364, #2999, #5650 ) ) ;
#2362 = LINE ( 'NONE', #4552, #2670 ) ;
#2363 = DIRECTION ( 'NONE',  ( 1.000000000000000000, 0.000000000000000000, 0.000000000000000000 ) ) ;
#2364 = CARTESIAN_POINT ( 'NONE',  ( -0.01550000000000000683, 0.1089999999999999858, -0.02393649167310370890 ) ) ;
#2365 = DIRECTION ( 'NONE',  ( 0.000000000000000000, -1.000000000000000000, 0.000000000000000000 ) ) ;
#2366 = FACE_OUTER_BOUND ( 'NONE', #2730, .T. ) ;
#2367 = ORIENTED_EDGE ( 'NONE', *, *, #5823, .T. ) ;
#2368 = VECTOR ( 'NONE', #4555, 1.000000000000000000 ) ;
#2369 = CIRCLE ( 'NONE', #32, 0.002000000000000000042 ) ;
#2370 = PLANE ( 'NONE',  #6372 ) ;
#2371 = LINE ( 'NONE', #4490, #6864 ) ;
#2372 = CARTESIAN_POINT ( 'NONE',  ( 0.01499999999999999251, -0.09699999999999998901, -0.02299999999999999961 ) ) ;
#2373 = DIRECTION ( 'NONE',  ( 0.000000000000000000, 0.000000000000000000, 1.000000000000000000 ) ) ;
#2374 = EDGE_CURVE ( 'NONE', #6843, #4291, #5270, .T. ) ;
#2375 = CARTESIAN_POINT ( 'NONE',  ( 0.02299999999999999961, 0.04099999999999999478, -0.008999999999999999320 ) ) ;
#2376 = VERTEX_POINT ( 'NONE', #4315 ) ;
#2377 = ORIENTED_EDGE ( 'NONE', *, *, #721, .T. ) ;
#2378 = DIRECTION ( 'NONE',  ( -0.000000000000000000, 0.000000000000000000, 1.000000000000000000 ) ) ;
#2379 = EDGE_LOOP ( 'NONE', ( #3351, #1388, #5886, #1471 ) ) ;
#2380 = DIRECTION ( 'NONE',  ( 1.000000000000000000, 0.000000000000000000, 0.000000000000000000 ) ) ;
#2381 = DIRECTION ( 'NONE',  ( 0.000000000000000000, 0.000000000000000000, -1.000000000000000000 ) ) ;
#2382 = DIRECTION ( 'NONE',  ( 0.000000000000000000, 1.000000000000000000, 0.000000000000000000 ) ) ;
#2383 = EDGE_CURVE ( 'NONE', #5368, #3586, #1311, .T. ) ;
#2384 = ADVANCED_FACE ( 'NONE', ( #2687 ), #485, .F. ) ;
#2385 = CARTESIAN_POINT ( 'NONE',  ( -0.007499999999999999722, -0.09499999999999998723, -0.01000000000000000194 ) ) ;
#2386 = LINE ( 'NONE', #2907, #1047 ) ;
#2387 = CARTESIAN_POINT ( 'NONE',  ( -0.01650000000000000772, 0.1048981947666617204, -0.02399999997898518214 ) ) ;
#2388 = AXIS2_PLACEMENT_3D ( 'NONE', #499, #6412, #5889 ) ;
#2389 = ADVANCED_FACE ( 'NONE', ( #71 ), #3684, .T. ) ;
#2390 = VERTEX_POINT ( 'NONE', #3722 ) ;
#2391 = CARTESIAN_POINT ( 'NONE',  ( -0.009930498528544712614, 0.1062714305715212193, -0.02099999999999999784 ) ) ;
#2392 = PLANE ( 'NONE',  #4234 ) ;
#2393 = VERTEX_POINT ( 'NONE', #4853 ) ;
#2394 = EDGE_CURVE ( 'NONE', #5359, #5265, #4174, .T. ) ;
#2395 = DIRECTION ( 'NONE',  ( 1.000000000000000000, -0.000000000000000000, -0.000000000000000000 ) ) ;
#2396 = VECTOR ( 'NONE', #4629, 1.000000000000000000 ) ;
#2397 = DIRECTION ( 'NONE',  ( 0.000000000000000000, 1.000000000000000000, 0.000000000000000000 ) ) ;
#2398 = VECTOR ( 'NONE', #1757, 1.000000000000000000 ) ;
#2399 = CARTESIAN_POINT ( 'NONE',  ( -0.02999999999999999542, 0.02299999999999999961, 0.007000000000000000146 ) ) ;
#2400 = DIRECTION ( 'NONE',  ( -0.000000000000000000, -0.000000000000000000, -1.000000000000000000 ) ) ;
#2401 = CARTESIAN_POINT ( 'NONE',  ( -0.02375000000000000028, 0.1110000000000000014, 0.000000000000000000 ) ) ;
#2402 = ORIENTED_EDGE ( 'NONE', *, *, #6038, .F. ) ;
#2403 = CIRCLE ( 'NONE', #5986, 0.002000000000000000042 ) ;
#2404 = CARTESIAN_POINT ( 'NONE',  ( -0.05000000000000000971, 0.04796257807826604519, -0.05895034905577770101 ) ) ;
#2405 = DIRECTION ( 'NONE',  ( -0.000000000000000000, -0.000000000000000000, -1.000000000000000000 ) ) ;
#2406 = CARTESIAN_POINT ( 'NONE',  ( 0.01000000000000000021, -0.09999999999999999167, -0.01500000000000000638 ) ) ;
#2407 = DIRECTION ( 'NONE',  ( 1.000000000000000000, -0.000000000000000000, 0.000000000000000000 ) ) ;
#2408 = ORIENTED_EDGE ( 'NONE', *, *, #6744, .F. ) ;
#2409 = ORIENTED_EDGE ( 'NONE', *, *, #5109, .T. ) ;
#2410 = AXIS2_PLACEMENT_3D ( 'NONE', #6120, #235, #6640 ) ;
#2411 = CARTESIAN_POINT ( 'NONE',  ( 0.02999999999999998848, 0.02299999999999999961, 0.007000000000000000146 ) ) ;
#2412 = ORIENTED_EDGE ( 'NONE', *, *, #4378, .T. ) ;
#2413 = CARTESIAN_POINT ( 'NONE',  ( 0.008263035228247464503, 0.1149999999999999911, -0.02070664331622527193 ) ) ;
#2414 = DIRECTION ( 'NONE',  ( 0.000000000000000000, 0.000000000000000000, -1.000000000000000000 ) ) ;
#2415 = CARTESIAN_POINT ( 'NONE',  ( 0.05000000000000000278, 0.04796257807826604519, -0.05895034905577770795 ) ) ;
#2416 = EDGE_LOOP ( 'NONE', ( #4729, #5647, #2658, #2246 ) ) ;
#2417 = EDGE_CURVE ( 'NONE', #3865, #4722, #2577, .T. ) ;
#2418 = LINE ( 'NONE', #2385, #507 ) ;
#2419 = EDGE_CURVE ( 'NONE', #4831, #3400, #4696, .T. ) ;
#2420 = FACE_OUTER_BOUND ( 'NONE', #4465, .T. ) ;
#2421 = CARTESIAN_POINT ( 'NONE',  ( -0.01650000000000000772, 0.1054969196096476047, -0.02314905064249449251 ) ) ;
#2422 = EDGE_LOOP ( 'NONE', ( #1365, #3540, #961 ) ) ;
#2423 = LINE ( 'NONE', #6694, #177 ) ;
#2424 = LINE ( 'NONE', #5223, #6597 ) ;
#2425 = VECTOR ( 'NONE', #1568, 1.000000000000000000 ) ;
#2426 = ORIENTED_EDGE ( 'NONE', *, *, #5062, .F. ) ;
#2427 = VECTOR ( 'NONE', #4190, 1.000000000000000000 ) ;
#2428 = EDGE_CURVE ( 'NONE', #2630, #2177, #3650, .T. ) ;
#2429 = CARTESIAN_POINT ( 'NONE',  ( -0.006500000000000000569, 0.09349999999999999978, 0.007000000000000000146 ) ) ;
#2430 = CARTESIAN_POINT ( 'NONE',  ( -0.01000000000000000021, -0.09999999999999999167, -0.01370000000000000384 ) ) ;
#2431 = VERTEX_POINT ( 'NONE', #556 ) ;
#2432 = LINE ( 'NONE', #5125, #4371 ) ;
#2433 = CARTESIAN_POINT ( 'NONE',  ( 0.007500000000000000590, 0.1049999999999999822, -0.02000000000000000042 ) ) ;
#2434 = ORIENTED_EDGE ( 'NONE', *, *, #5163, .T. ) ;
#2435 = APPROVAL ( #4879, 'UNSPECIFIED' ) ;
#2436 = EDGE_CURVE ( 'NONE', #5265, #4413, #1531, .T. ) ;
#2437 = DIRECTION ( 'NONE',  ( 1.000000000000000000, -0.000000000000000000, 0.000000000000000000 ) ) ;
#2438 = CARTESIAN_POINT ( 'NONE',  ( -0.05000000000000000971, -0.09999999999999999167, 0.007000000000000000146 ) ) ;
#2439 = VECTOR ( 'NONE', #2168, 1.000000000000000000 ) ;
#2440 = CARTESIAN_POINT ( 'NONE',  ( -0.02299999999999999961, 0.000000000000000000, -0.01200000000000000025 ) ) ;
#2441 = CYLINDRICAL_SURFACE ( 'NONE', #2973, 0.001000000000000000021 ) ;
#2442 = ORIENTED_EDGE ( 'NONE', *, *, #5980, .F. ) ;
#2443 = ORIENTED_EDGE ( 'NONE', *, *, #2, .F. ) ;
#2444 = AXIS2_PLACEMENT_3D ( 'NONE', #1272, #1238, #546 ) ;
#2445 = ORIENTED_EDGE ( 'NONE', *, *, #5206, .T. ) ;
#2446 = DIRECTION ( 'NONE',  ( 1.000000000000000000, 0.000000000000000000, 0.000000000000000000 ) ) ;
#2447 = APPLICATION_CONTEXT ( 'configuration controlled 3d designs of mechanical parts and assemblies' ) ;
#2448 = DIRECTION ( 'NONE',  ( -1.000000000000000000, -0.000000000000000000, -0.000000000000000000 ) ) ;
#2449 = DIRECTION ( 'NONE',  ( 1.000000000000000000, 0.000000000000000000, -0.000000000000000000 ) ) ;
#2450 = AXIS2_PLACEMENT_3D ( 'NONE', #2889, #6253, #1463 ) ;
#2451 = ORIENTED_EDGE ( 'NONE', *, *, #1931, .F. ) ;
#2452 = DIRECTION ( 'NONE',  ( 0.000000000000000000, 0.000000000000000000, -1.000000000000000000 ) ) ;
#2453 = AXIS2_PLACEMENT_3D ( 'NONE', #1781, #6608, #4991 ) ;
#2454 = ORIENTED_EDGE ( 'NONE', *, *, #3561, .F. ) ;
#2455 = CARTESIAN_POINT ( 'NONE',  ( -0.05700000000000000205, 0.004296149561436861386, -0.009065587432989730826 ) ) ;
#2456 = CARTESIAN_POINT ( 'NONE',  ( -0.02375000000000000028, 0.1020000000000000073, 0.009000000000000001055 ) ) ;
#2457 = EDGE_CURVE ( 'NONE', #3643, #6505, #2092, .T. ) ;
#2458 = VECTOR ( 'NONE', #3049, 1.000000000000000000 ) ;
#2459 = ORIENTED_EDGE ( 'NONE', *, *, #417, .T. ) ;
#2460 = CYLINDRICAL_SURFACE ( 'NONE', #5651, 0.001000000000000000888 ) ;
#2461 = EDGE_CURVE ( 'NONE', #2097, #277, #1758, .T. ) ;
#2462 = LINE ( 'NONE', #295, #1794 ) ;
#2463 = AXIS2_PLACEMENT_3D ( 'NONE', #4748, #3, #5211 ) ;
#2464 = ORIENTED_EDGE ( 'NONE', *, *, #2976, .F. ) ;
#2465 = CARTESIAN_POINT ( 'NONE',  ( 0.000000000000000000, 0.000000000000000000, -0.07299999999999999545 ) ) ;
#2466 = CIRCLE ( 'NONE', #2357, 0.001000000000000000888 ) ;
#2467 = DIRECTION ( 'NONE',  ( 0.000000000000000000, 0.000000000000000000, -1.000000000000000000 ) ) ;
#2468 = ORIENTED_EDGE ( 'NONE', *, *, #367, .T. ) ;
#2469 = DIRECTION ( 'NONE',  ( 0.000000000000000000, 0.000000000000000000, 1.000000000000000000 ) ) ;
#2470 = EDGE_CURVE ( 'NONE', #1051, #572, #4776, .T. ) ;
#2471 = PLANE ( 'NONE',  #288 ) ;
#2472 = ORIENTED_EDGE ( 'NONE', *, *, #6532, .T. ) ;
#2473 = CARTESIAN_POINT ( 'NONE',  ( 0.01499999999999999251, -0.09799999999999998990, -0.02299999999999999961 ) ) ;
#2474 = CARTESIAN_POINT ( 'NONE',  ( 0.04200000000000000261, 0.03996257807826605196, -0.06495034905577767859 ) ) ;
#2475 = CYLINDRICAL_SURFACE ( 'NONE', #577, 0.002000000000000001776 ) ;
#2476 = DIRECTION ( 'NONE',  ( 0.000000000000000000, -1.000000000000000000, 0.000000000000000000 ) ) ;
#2477 = ORIENTED_EDGE ( 'NONE', *, *, #1276, .T. ) ;
#2478 = EDGE_LOOP ( 'NONE', ( #5571, #1159, #769, #4286 ) ) ;
#2479 = CIRCLE ( 'NONE', #5956, 0.001500000000000000465 ) ;
#2480 = CARTESIAN_POINT ( 'NONE',  ( -0.01650000000000000772, 0.1099999999999999867, 0.006999999999999995809 ) ) ;
#2481 = EDGE_CURVE ( 'NONE', #926, #1906, #5669, .T. ) ;
#2482 = ORIENTED_EDGE ( 'NONE', *, *, #4962, .T. ) ;
#2483 = CIRCLE ( 'NONE', #2157, 0.001000000000000000888 ) ;
#2484 = DIRECTION ( 'NONE',  ( -0.000000000000000000, 0.000000000000000000, 1.000000000000000000 ) ) ;
#2485 = CARTESIAN_POINT ( 'NONE',  ( -0.06000000000000000472, 0.003500000000000003109, -0.02000000000000001082 ) ) ;
#2486 = CARTESIAN_POINT ( 'NONE',  ( 0.01514682931241122937, 0.1044701251303029876, -0.02300000000000000308 ) ) ;
#2487 = ORIENTED_EDGE ( 'NONE', *, *, #5692, .T. ) ;
#2488 = VERTEX_POINT ( 'NONE', #3828 ) ;
#2489 = FACE_OUTER_BOUND ( 'NONE', #5465, .T. ) ;
#2490 = CARTESIAN_POINT ( 'NONE',  ( -0.01700000000000000816, -0.09699999999999998901, -0.002000000000000001776 ) ) ;
#2491 = ORIENTED_EDGE ( 'NONE', *, *, #1239, .F. ) ;
#2492 = VECTOR ( 'NONE', #3044, 1.000000000000000000 ) ;
#2493 = DIRECTION ( 'NONE',  ( -0.000000000000000000, 0.000000000000000000, 1.000000000000000000 ) ) ;
#2494 = CARTESIAN_POINT ( 'NONE',  ( -0.01514092089502709626, 0.1035428611430424528, -0.02399999997896181889 ) ) ;
#2495 = VERTEX_POINT ( 'NONE', #4952 ) ;
#2496 = DIRECTION ( 'NONE',  ( -1.000000000000000000, 0.000000000000000000, 0.000000000000000000 ) ) ;
#2497 = EDGE_CURVE ( 'NONE', #3752, #3971, #528, .T. ) ;
#2498 = DIRECTION ( 'NONE',  ( 0.000000000000000000, 1.000000000000000000, 0.000000000000000000 ) ) ;
#2499 = ORIENTED_EDGE ( 'NONE', *, *, #1875, .T. ) ;
#2500 = FACE_OUTER_BOUND ( 'NONE', #4682, .T. ) ;
#2501 = FACE_OUTER_BOUND ( 'NONE', #3043, .T. ) ;
#2502 = EDGE_CURVE ( 'NONE', #2073, #41, #6558, .T. ) ;
#2503 = EDGE_LOOP ( 'NONE', ( #327, #147, #6906, #6266 ) ) ;
#2504 = DIRECTION ( 'NONE',  ( -1.000000000000000000, 0.000000000000000000, 0.000000000000000000 ) ) ;
#2505 = EDGE_CURVE ( 'NONE', #5421, #5975, #2098, .T. ) ;
#2506 = VECTOR ( 'NONE', #3293, 1.000000000000000000 ) ;
#2507 = CARTESIAN_POINT ( 'NONE',  ( -0.01050000000000000239, 0.04874999999999998085, 0.007000000000000000146 ) ) ;
#2508 = DIRECTION ( 'NONE',  ( -0.000000000000000000, 0.000000000000000000, 1.000000000000000000 ) ) ;
#2509 = CARTESIAN_POINT ( 'NONE',  ( 0.006499999999999995365, 0.09349999999999999978, 0.000000000000000000 ) ) ;
#2510 = CIRCLE ( 'NONE', #954, 0.001000000000000000888 ) ;
#2511 = ORIENTED_EDGE ( 'NONE', *, *, #3163, .T. ) ;
#2512 = ORIENTED_EDGE ( 'NONE', *, *, #6038, .T. ) ;
#2513 = LINE ( 'NONE', #246, #2008 ) ;
#2514 = EDGE_CURVE ( 'NONE', #4718, #4232, #4982, .T. ) ;
#2515 = EDGE_LOOP ( 'NONE', ( #3168, #5483, #5406, #3857 ) ) ;
#2516 = EDGE_CURVE ( 'NONE', #915, #2028, #6085, .T. ) ;
#2517 = DIRECTION ( 'NONE',  ( -1.000000000000000000, -0.000000000000000000, -0.000000000000000000 ) ) ;
#2518 = AXIS2_PLACEMENT_3D ( 'NONE', #817, #2942, #4478 ) ;
#2519 = LINE ( 'NONE', #6203, #6601 ) ;
#2520 = DIRECTION ( 'NONE',  ( -0.000000000000000000, -1.000000000000000000, -0.000000000000000000 ) ) ;
#2521 = ADVANCED_FACE ( 'NONE', ( #166 ), #2758, .F. ) ;
#2522 = EDGE_LOOP ( 'NONE', ( #4932, #1321, #6396, #736 ) ) ;
#2523 = VERTEX_POINT ( 'NONE', #201 ) ;
#2524 = VERTEX_POINT ( 'NONE', #4418 ) ;
#2525 = EDGE_CURVE ( 'NONE', #672, #3717, #5550, .T. ) ;
#2526 = DIRECTION ( 'NONE',  ( 0.000000000000000000, -1.000000000000000000, -2.312964634635742957E-16 ) ) ;
#2527 = CARTESIAN_POINT ( 'NONE',  ( 0.01399999999999999856, 0.1089999999999999858, -0.02199999999999999872 ) ) ;
#2528 = ORIENTED_EDGE ( 'NONE', *, *, #6004, .T. ) ;
#2529 = CARTESIAN_POINT ( 'NONE',  ( 0.02899999999999999453, 0.01804832204050208291, 0.007000000000000000146 ) ) ;
#2530 = CYLINDRICAL_SURFACE ( 'NONE', #2568, 0.001000000000000000888 ) ;
#2531 = VERTEX_POINT ( 'NONE', #3343 ) ;
#2532 = DIRECTION ( 'NONE',  ( 0.000000000000000000, 0.000000000000000000, -1.000000000000000000 ) ) ;
#2533 = AXIS2_PLACEMENT_3D ( 'NONE', #1562, #3198, #4772 ) ;
#2534 = DIRECTION ( 'NONE',  ( 1.000000000000000000, 0.000000000000000000, 0.000000000000000000 ) ) ;
#2535 = AXIS2_PLACEMENT_3D ( 'NONE', #6117, #3275, #5981 ) ;
#2536 = ORIENTED_EDGE ( 'NONE', *, *, #801, .F. ) ;
#2537 = CARTESIAN_POINT ( 'NONE',  ( -0.05000000000000000971, 0.09199999999999999845, -0.003000000000000000062 ) ) ;
#2538 = LINE ( 'NONE', #5093, #2867 ) ;
#2539 = VECTOR ( 'NONE', #992, 1.000000000000000000 ) ;
#2540 = ORIENTED_EDGE ( 'NONE', *, *, #4021, .T. ) ;
#2541 = DIRECTION ( 'NONE',  ( 0.000000000000000000, 0.000000000000000000, -1.000000000000000000 ) ) ;
#2542 = DIRECTION ( 'NONE',  ( 0.000000000000000000, 0.000000000000000000, 1.000000000000000000 ) ) ;
#2543 = EDGE_CURVE ( 'NONE', #300, #3303, #1187, .T. ) ;
#2544 = CARTESIAN_POINT ( 'NONE',  ( 0.01663900294291058637, 0.1035428611430424528, -0.02599999999999999881 ) ) ;
#2545 = DIRECTION ( 'NONE',  ( 1.000000000000000000, 1.541976423090494647E-16, -0.000000000000000000 ) ) ;
#2546 = ORIENTED_EDGE ( 'NONE', *, *, #5385, .F. ) ;
#2547 = ORIENTED_EDGE ( 'NONE', *, *, #28, .T. ) ;
#2548 = EDGE_CURVE ( 'NONE', #3562, #6050, #3204, .T. ) ;
#2549 = CARTESIAN_POINT ( 'NONE',  ( 0.01491275750224046494, 0.1035428611430424528, -0.02398088775897145794 ) ) ;
#2550 = VERTEX_POINT ( 'NONE', #694 ) ;
#2551 = CARTESIAN_POINT ( 'NONE',  ( -0.04200000000000000261, 0.03996257807826604502, -0.06695034905577768036 ) ) ;
#2552 = DIRECTION ( 'NONE',  ( -1.000000000000000000, 0.000000000000000000, 0.000000000000000000 ) ) ;
#2553 = CARTESIAN_POINT ( 'NONE',  ( 0.01399999999999999856, 0.1059999999999999831, -0.02199999999999999872 ) ) ;
#2554 = ORIENTED_EDGE ( 'NONE', *, *, #753, .T. ) ;
#2555 = ORIENTED_EDGE ( 'NONE', *, *, #3457, .T. ) ;
#2556 = AXIS2_PLACEMENT_3D ( 'NONE', #935, #3061, #4660 ) ;
#2557 = ADVANCED_FACE ( 'NONE', ( #724 ), #232, .F. ) ;
#2558 = EDGE_CURVE ( 'NONE', #5604, #4189, #752, .T. ) ;
#2559 = ORIENTED_EDGE ( 'NONE', *, *, #1608, .T. ) ;
#2560 = DIRECTION ( 'NONE',  ( 0.000000000000000000, -2.312964634635742957E-16, 1.000000000000000000 ) ) ;
#2561 = PLANE ( 'NONE',  #1652 ) ;
#2562 = AXIS2_PLACEMENT_3D ( 'NONE', #1268, #3358, #5001 ) ;
#2563 = DIRECTION ( 'NONE',  ( 1.000000000000000000, 0.000000000000000000, -0.000000000000000000 ) ) ;
#2564 = CARTESIAN_POINT ( 'NONE',  ( -0.007499999999999999722, -0.09999999999999999167, -0.01000000000000000194 ) ) ;
#2565 = CARTESIAN_POINT ( 'NONE',  ( -0.01536994392277366700, 0.1045428611430424537, -0.02299999999999999961 ) ) ;
#2566 = ADVANCED_FACE ( 'NONE', ( #629 ), #2267, .F. ) ;
#2567 = ORIENTED_EDGE ( 'NONE', *, *, #500, .F. ) ;
#2568 = AXIS2_PLACEMENT_3D ( 'NONE', #2006, #3465, #5617 ) ;
#2569 = CARTESIAN_POINT ( 'NONE',  ( 0.01600000000000000033, 0.1059999999999999831, 0.000000000000000000 ) ) ;
#2570 = EDGE_CURVE ( 'NONE', #3518, #3648, #4384, .T. ) ;
#2571 = CARTESIAN_POINT ( 'NONE',  ( 0.01699999999999999428, -0.09999999999999999167, 0.002000000000000000042 ) ) ;
#2572 = VERTEX_POINT ( 'NONE', #3860 ) ;
#2573 = CARTESIAN_POINT ( 'NONE',  ( 0.05700000000000000899, -0.04303742192173399400, 0.007000000000000000146 ) ) ;
#2574 = PLANE ( 'NONE',  #6776 ) ;
#2575 = ORIENTED_EDGE ( 'NONE', *, *, #4587, .T. ) ;
#2576 = DIRECTION ( 'NONE',  ( 0.000000000000000000, 1.000000000000000000, 0.000000000000000000 ) ) ;
#2577 = LINE ( 'NONE', #3134, #3642 ) ;
#2578 = DIRECTION ( 'NONE',  ( -0.000000000000000000, -0.000000000000000000, 1.000000000000000000 ) ) ;
#2579 = DIRECTION ( 'NONE',  ( 0.000000000000000000, 0.000000000000000000, 1.000000000000000000 ) ) ;
#2580 = ORIENTED_EDGE ( 'NONE', *, *, #4625, .F. ) ;
#2581 = DIRECTION ( 'NONE',  ( 1.000000000000000000, 0.000000000000000000, 0.000000000000000000 ) ) ;
#2582 = ORIENTED_EDGE ( 'NONE', *, *, #245, .F. ) ;
#2583 = CARTESIAN_POINT ( 'NONE',  ( -0.05000000000000000278, 0.04796257807826604519, -0.06695034905577770812 ) ) ;
#2584 = EDGE_CURVE ( 'NONE', #1613, #6233, #1709, .T. ) ;
#2585 = CARTESIAN_POINT ( 'NONE',  ( 0.01399999999999999856, 0.1039999999999999813, -0.02199999999999999872 ) ) ;
#2586 = LINE ( 'NONE', #4707, #4358 ) ;
#2587 = VERTEX_POINT ( 'NONE', #5489 ) ;
#2588 = ORIENTED_EDGE ( 'NONE', *, *, #1773, .T. ) ;
#2589 = EDGE_LOOP ( 'NONE', ( #3325, #136, #3466, #4104 ) ) ;
#2590 = AXIS2_PLACEMENT_3D ( 'NONE', #2085, #5301, #516 ) ;
#2591 = DIRECTION ( 'NONE',  ( -0.000000000000000000, 1.000000000000000000, -0.000000000000000000 ) ) ;
#2592 = ORIENTED_EDGE ( 'NONE', *, *, #713, .F. ) ;
#2593 = LINE ( 'NONE', #1479, #4390 ) ;
#2594 = FACE_OUTER_BOUND ( 'NONE', #1716, .T. ) ;
#2595 = ADVANCED_FACE ( 'NONE', ( #2823 ), #2649, .F. ) ;
#2596 = ADVANCED_FACE ( 'NONE', ( #3926 ), #1419, .T. ) ;
#2597 = AXIS2_PLACEMENT_3D ( 'NONE', #5766, #2608, #4730 ) ;
#2598 = DIRECTION ( 'NONE',  ( 0.000000000000000000, 1.000000000000000000, 0.000000000000000000 ) ) ;
#2599 = FACE_BOUND ( 'NONE', #1838, .T. ) ;
#2600 = CARTESIAN_POINT ( 'NONE',  ( 0.01600000000000000033, 0.1089999999999999858, 0.000000000000000000 ) ) ;
#2601 = ORIENTED_EDGE ( 'NONE', *, *, #6122, .T. ) ;
#2602 = LINE ( 'NONE', #5726, #5627 ) ;
#2603 =( NAMED_UNIT ( * ) SI_UNIT ( $, .STERADIAN. ) SOLID_ANGLE_UNIT ( ) );
#2604 = EDGE_CURVE ( 'NONE', #3643, #1048, #6217, .T. ) ;
#2605 = CARTESIAN_POINT ( 'NONE',  ( 0.04200000000000000261, -0.04303742192173399400, -0.06495034905577767859 ) ) ;
#2606 = AXIS2_PLACEMENT_3D ( 'NONE', #5262, #2814, #6005 ) ;
#2607 = EDGE_LOOP ( 'NONE', ( #676, #2727, #6834, #4798 ) ) ;
#2608 = DIRECTION ( 'NONE',  ( -1.000000000000000000, 0.000000000000000000, 0.000000000000000000 ) ) ;
#2609 = CARTESIAN_POINT ( 'NONE',  ( -0.01000000000000000194, 0.1129999999999999755, -0.01499999999999999944 ) ) ;
#2610 = ORIENTED_EDGE ( 'NONE', *, *, #208, .T. ) ;
#2611 = EDGE_CURVE ( 'NONE', #3532, #4204, #894, .T. ) ;
#2612 = SECURITY_CLASSIFICATION ( '', '', #1175 ) ;
#2613 = DIRECTION ( 'NONE',  ( -0.000000000000000000, -0.000000000000000000, -1.000000000000000000 ) ) ;
#2614 = LINE ( 'NONE', #1676, #6123 ) ;
#2615 = CARTESIAN_POINT ( 'NONE',  ( 0.02375000000000000028, 0.1020000000000000073, 0.007000000000000000146 ) ) ;
#2616 = CARTESIAN_POINT ( 'NONE',  ( -0.06000000000000000472, 0.006000000000000005329, -0.01630000000000000546 ) ) ;
#2617 = ORIENTED_EDGE ( 'NONE', *, *, #1736, .T. ) ;
#2618 = FACE_OUTER_BOUND ( 'NONE', #5086, .T. ) ;
#2619 = ORIENTED_EDGE ( 'NONE', *, *, #4901, .T. ) ;
#2620 = DIRECTION ( 'NONE',  ( 0.000000000000000000, -0.000000000000000000, 1.000000000000000000 ) ) ;
#2621 = CARTESIAN_POINT ( 'NONE',  ( -0.01399999999999999856, 0.1039999999999999813, -0.02199999999999999872 ) ) ;
#2622 = VECTOR ( 'NONE', #1303, 1.000000000000000000 ) ;
#2623 = FACE_OUTER_BOUND ( 'NONE', #6212, .T. ) ;
#2624 = AXIS2_PLACEMENT_3D ( 'NONE', #2283, #3455, #3393 ) ;
#2625 = VERTEX_POINT ( 'NONE', #1942 ) ;
#2626 = VERTEX_POINT ( 'NONE', #4131 ) ;
#2627 = VERTEX_POINT ( 'NONE', #2010 ) ;
#2628 = CARTESIAN_POINT ( 'NONE',  ( -0.05700000000000000205, -0.01399999999999999856, -0.01500000000000001332 ) ) ;
#2629 = VECTOR ( 'NONE', #4158, 1.000000000000000000 ) ;
#2630 = VERTEX_POINT ( 'NONE', #1455 ) ;
#2631 = CARTESIAN_POINT ( 'NONE',  ( 0.06000000000000000472, -0.01149999999999999634, -0.02000000000000001082 ) ) ;
#2632 = CARTESIAN_POINT ( 'NONE',  ( 0.008263035228247464503, 0.1099999999999999867, -0.02070664331622527193 ) ) ;
#2633 = EDGE_CURVE ( 'NONE', #4893, #4570, #2871, .T. ) ;
#2634 = VERTEX_POINT ( 'NONE', #5157 ) ;
#2635 = DIRECTION ( 'NONE',  ( -1.000000000000000000, -0.000000000000000000, -0.000000000000000000 ) ) ;
#2636 = ORIENTED_EDGE ( 'NONE', *, *, #2497, .T. ) ;
#2637 = EDGE_CURVE ( 'NONE', #440, #5207, #1418, .T. ) ;
#2638 = DIRECTION ( 'NONE',  ( 0.000000000000000000, 0.000000000000000000, -1.000000000000000000 ) ) ;
#2639 = CARTESIAN_POINT ( 'NONE',  ( 0.01663900294291058637, 0.1052359026470933989, -0.02399092566370627025 ) ) ;
#2640 = CARTESIAN_POINT ( 'NONE',  ( -0.01700000000000000816, -0.09999999999999999167, -0.002000000000000001776 ) ) ;
#2641 = EDGE_LOOP ( 'NONE', ( #708, #383, #6409, #2680 ) ) ;
#2642 = CARTESIAN_POINT ( 'NONE',  ( 0.01663900294291058637, 0.1099999999999999867, -0.02599999999999999881 ) ) ;
#2643 = CARTESIAN_POINT ( 'NONE',  ( -0.01499999999999999944, 0.1089999999999999858, 0.000000000000000000 ) ) ;
#2644 = EDGE_CURVE ( 'NONE', #933, #2088, #785, .T. ) ;
#2645 = ADVANCED_FACE ( 'NONE', ( #404 ), #5191, .T. ) ;
#2646 = CIRCLE ( 'NONE', #526, 0.001000000000000000888 ) ;
#2647 = FACE_OUTER_BOUND ( 'NONE', #2143, .T. ) ;
#2648 = VERTEX_POINT ( 'NONE', #6736 ) ;
#2649 = TOROIDAL_SURFACE ( 'NONE', #1090, 0.002000000000000000042, 0.001000000000000000021 ) ;
#2650 = VECTOR ( 'NONE', #611, 1.000000000000000000 ) ;
#2651 = DIRECTION ( 'NONE',  ( 0.000000000000000000, 0.000000000000000000, 1.000000000000000000 ) ) ;
#2652 = DIRECTION ( 'NONE',  ( -0.000000000000000000, -0.000000000000000000, 1.000000000000000000 ) ) ;
#2653 = CARTESIAN_POINT ( 'NONE',  ( 0.05000000000000000278, -0.01399999999999999856, -0.01630000000000001240 ) ) ;
#2654 = VERTEX_POINT ( 'NONE', #2986 ) ;
#2655 = EDGE_CURVE ( 'NONE', #4291, #5300, #4058, .T. ) ;
#2656 = AXIS2_PLACEMENT_3D ( 'NONE', #2299, #6669, #5018 ) ;
#2657 = CARTESIAN_POINT ( 'NONE',  ( -0.01550000000000000683, 0.000000000000000000, -0.02393649167310370890 ) ) ;
#2658 = ORIENTED_EDGE ( 'NONE', *, *, #2723, .F. ) ;
#2659 = DIRECTION ( 'NONE',  ( 0.000000000000000000, 1.000000000000000000, 0.000000000000000000 ) ) ;
#2660 = EDGE_CURVE ( 'NONE', #1753, #4020, #6459, .T. ) ;
#2661 = CARTESIAN_POINT ( 'NONE',  ( -0.03300000000000000849, 0.09199999999999999845, 0.007000000000000000146 ) ) ;
#2662 = ORIENTED_EDGE ( 'NONE', *, *, #208, .F. ) ;
#2663 = ORIENTED_EDGE ( 'NONE', *, *, #1276, .F. ) ;
#2664 = ORIENTED_EDGE ( 'NONE', *, *, #1672, .T. ) ;
#2665 = LINE ( 'NONE', #4834, #825 ) ;
#2666 = EDGE_LOOP ( 'NONE', ( #5295, #236, #603, #4735 ) ) ;
#2667 = FACE_BOUND ( 'NONE', #2327, .T. ) ;
#2668 = DIRECTION ( 'NONE',  ( 0.000000000000000000, 1.000000000000000000, 0.000000000000000000 ) ) ;
#2669 = VECTOR ( 'NONE', #5591, 1.000000000000000000 ) ;
#2670 = VECTOR ( 'NONE', #5656, 1.000000000000000000 ) ;
#2671 = ORIENTED_EDGE ( 'NONE', *, *, #346, .F. ) ;
#2672 = DIRECTION ( 'NONE',  ( -1.000000000000000000, 0.000000000000000000, 8.673617379884035472E-16 ) ) ;
#2673 = ORIENTED_EDGE ( 'NONE', *, *, #1112, .F. ) ;
#2674 = CIRCLE ( 'NONE', #117, 0.001500000000000000465 ) ;
#2675 = PLANE ( 'NONE',  #2052 ) ;
#2676 = APPROVAL_ROLE ( '' ) ;
#2677 = DIRECTION ( 'NONE',  ( -0.000000000000000000, -0.000000000000000000, -1.000000000000000000 ) ) ;
#2678 = EDGE_CURVE ( 'NONE', #2215, #2692, #3539, .T. ) ;
#2679 = PLANE ( 'NONE',  #2444 ) ;
#2680 = ORIENTED_EDGE ( 'NONE', *, *, #2570, .T. ) ;
#2681 = CARTESIAN_POINT ( 'NONE',  ( 0.02899999999999999453, 0.01104832204050208884, 0.007000000000000000146 ) ) ;
#2682 = VECTOR ( 'NONE', #490, 1.000000000000000000 ) ;
#2683 = PLANE ( 'NONE',  #4641 ) ;
#2684 = ORIENTED_EDGE ( 'NONE', *, *, #3314, .T. ) ;
#2685 = DIRECTION ( 'NONE',  ( 1.000000000000000000, 0.000000000000000000, 0.000000000000000000 ) ) ;
#2686 = VERTEX_POINT ( 'NONE', #5587 ) ;
#2687 = FACE_OUTER_BOUND ( 'NONE', #2144, .T. ) ;
#2688 = EDGE_CURVE ( 'NONE', #5548, #3211, #857, .T. ) ;
#2689 = AXIS2_PLACEMENT_3D ( 'NONE', #5339, #4848, #4810 ) ;
#2690 = DIRECTION ( 'NONE',  ( -1.000000000000000000, 0.000000000000000000, 0.000000000000000000 ) ) ;
#2691 = DIRECTION ( 'NONE',  ( -0.000000000000000000, 1.000000000000000000, -0.000000000000000000 ) ) ;
#2692 = VERTEX_POINT ( 'NONE', #4024 ) ;
#2693 = VECTOR ( 'NONE', #4706, 1.000000000000000000 ) ;
#2694 = PLANE ( 'NONE',  #6039 ) ;
#2695 = ORIENTED_EDGE ( 'NONE', *, *, #3620, .T. ) ;
#2696 = DIRECTION ( 'NONE',  ( 0.000000000000000000, -0.000000000000000000, 1.000000000000000000 ) ) ;
#2697 = AXIS2_PLACEMENT_3D ( 'NONE', #763, #2894, #2373 ) ;
#2698 = DIRECTION ( 'NONE',  ( 0.000000000000000000, -0.000000000000000000, -1.000000000000000000 ) ) ;
#2699 = EDGE_LOOP ( 'NONE', ( #2173, #6098, #5401, #539, #598, #5741, #3041, #4275, #561, #2547, #4710, #2869, #6862, #4151 ) ) ;
#2700 = VERTEX_POINT ( 'NONE', #2915 ) ;
#2701 = ORIENTED_EDGE ( 'NONE', *, *, #753, .F. ) ;
#2702 = EDGE_CURVE ( 'NONE', #878, #2260, #3021, .T. ) ;
#2703 = DIRECTION ( 'NONE',  ( -1.000000000000000000, 0.000000000000000000, 0.000000000000000000 ) ) ;
#2704 = EDGE_LOOP ( 'NONE', ( #4376, #551, #213, #2007 ) ) ;
#2705 = FACE_OUTER_BOUND ( 'NONE', #3236, .T. ) ;
#2706 = LINE ( 'NONE', #122, #6207 ) ;
#2707 = VERTEX_POINT ( 'NONE', #3504 ) ;
#2708 = DIRECTION ( 'NONE',  ( -0.000000000000000000, 1.000000000000000000, -0.000000000000000000 ) ) ;
#2709 = VECTOR ( 'NONE', #4985, 1.000000000000000000 ) ;
#2710 = VERTEX_POINT ( 'NONE', #3468 ) ;
#2711 = AXIS2_PLACEMENT_3D ( 'NONE', #795, #3414, #3933 ) ;
#2712 = DIRECTION ( 'NONE',  ( 1.000000000000000000, 0.000000000000000000, -0.000000000000000000 ) ) ;
#2713 = DATE_TIME_ROLE ( 'creation_date' ) ;
#2714 = CIRCLE ( 'NONE', #594, 0.001000000000000000888 ) ;
#2715 = DIRECTION ( 'NONE',  ( 0.000000000000000000, 0.000000000000000000, -1.000000000000000000 ) ) ;
#2716 = ORIENTED_EDGE ( 'NONE', *, *, #4007, .F. ) ;
#2717 = CARTESIAN_POINT ( 'NONE',  ( 0.02000000000000000042, 0.03799999999999999212, -0.008999999999999999320 ) ) ;
#2718 = DIRECTION ( 'NONE',  ( -0.000000000000000000, 0.000000000000000000, 1.000000000000000000 ) ) ;
#2719 = ORIENTED_EDGE ( 'NONE', *, *, #5111, .F. ) ;
#2720 = LINE ( 'NONE', #2264, #4101 ) ;
#2721 = VERTEX_POINT ( 'NONE', #5052 ) ;
#2722 = DIRECTION ( 'NONE',  ( -1.000000000000000000, 0.000000000000000000, 0.000000000000000000 ) ) ;
#2723 = EDGE_CURVE ( 'NONE', #5783, #4250, #4519, .T. ) ;
#2724 = DIRECTION ( 'NONE',  ( 0.000000000000000000, -1.000000000000000000, 0.000000000000000000 ) ) ;
#2725 = CARTESIAN_POINT ( 'NONE',  ( -0.01399999999999999856, 0.1045428611430424537, -0.02392491604476003342 ) ) ;
#2726 = AXIS2_PLACEMENT_3D ( 'NONE', #1764, #6420, #1628 ) ;
#2727 = ORIENTED_EDGE ( 'NONE', *, *, #1306, .T. ) ;
#2728 = EDGE_CURVE ( 'NONE', #6444, #2710, #1878, .T. ) ;
#2729 = CARTESIAN_POINT ( 'NONE',  ( 0.02999999999999998848, 0.02299999999999999961, 0.007000000000000000146 ) ) ;
#2730 = EDGE_LOOP ( 'NONE', ( #4811, #2945 ) ) ;
#2731 = FACE_OUTER_BOUND ( 'NONE', #2503, .T. ) ;
#2732 = LOCAL_TIME ( 12, 42, 38.00000000000000000, #6389 ) ;
#2733 = CYLINDRICAL_SURFACE ( 'NONE', #6607, 0.002000000000000000042 ) ;
#2734 = EDGE_LOOP ( 'NONE', ( #2273, #1517, #3795, #4791 ) ) ;
#2735 = VERTEX_POINT ( 'NONE', #5089 ) ;
#2736 = ORIENTED_EDGE ( 'NONE', *, *, #4937, .T. ) ;
#2737 = EDGE_CURVE ( 'NONE', #4899, #757, #2320, .T. ) ;
#2738 = EDGE_LOOP ( 'NONE', ( #2170, #2582 ) ) ;
#2739 = CIRCLE ( 'NONE', #552, 0.0009999999999999991535 ) ;
#2740 = CARTESIAN_POINT ( 'NONE',  ( -0.05000000000000000971, 0.000000000000000000, 0.000000000000000000 ) ) ;
#2741 = CARTESIAN_POINT ( 'NONE',  ( -0.008309900245939860763, 0.1099999999999999867, -0.009194146154766909620 ) ) ;
#2742 = CIRCLE ( 'NONE', #3397, 0.001000000000000000888 ) ;
#2743 = DIRECTION ( 'NONE',  ( -0.000000000000000000, -0.000000000000000000, 1.000000000000000000 ) ) ;
#2744 = CARTESIAN_POINT ( 'NONE',  ( 0.05000000000000000278, -0.04303742192173399400, -0.05895034905577770795 ) ) ;
#2745 = ORIENTED_EDGE ( 'NONE', *, *, #3484, .F. ) ;
#2746 = AXIS2_PLACEMENT_3D ( 'NONE', #846, #1373, #2970 ) ;
#2747 = ADVANCED_FACE ( 'NONE', ( #5658 ), #5123, .F. ) ;
#2748 = CARTESIAN_POINT ( 'NONE',  ( 0.06000000000000000472, -0.01242252077633198074, -0.02101765814254362430 ) ) ;
#2749 = PERSON_AND_ORGANIZATION ( #202, #6746 ) ;
#2750 = DIRECTION ( 'NONE',  ( 1.000000000000000000, -0.000000000000000000, -0.000000000000000000 ) ) ;
#2751 = EDGE_LOOP ( 'NONE', ( #5319, #2090, #5672, #1545 ) ) ;
#2752 = CARTESIAN_POINT ( 'NONE',  ( -0.01300000000000000461, -0.09499999999999998723, -0.02500000000000000139 ) ) ;
#2753 = AXIS2_PLACEMENT_3D ( 'NONE', #5229, #3577, #3509 ) ;
#2754 = CARTESIAN_POINT ( 'NONE',  ( 0.02999999999999998848, -0.02299999999999997186, 0.000000000000000000 ) ) ;
#2755 = ORIENTED_EDGE ( 'NONE', *, *, #48, .T. ) ;
#2756 = DIRECTION ( 'NONE',  ( 0.000000000000000000, -0.000000000000000000, -1.000000000000000000 ) ) ;
#2757 = ORIENTED_EDGE ( 'NONE', *, *, #4817, .T. ) ;
#2758 = PLANE ( 'NONE',  #2971 ) ;
#2759 = CARTESIAN_POINT ( 'NONE',  ( -0.007499999999999997988, 0.1049999999999999822, -0.02000000000000000042 ) ) ;
#2760 = LINE ( 'NONE', #1083, #5353 ) ;
#2761 = ORIENTED_EDGE ( 'NONE', *, *, #1306, .F. ) ;
#2762 = DIRECTION ( 'NONE',  ( -0.000000000000000000, -0.000000000000000000, -1.000000000000000000 ) ) ;
#2763 = EDGE_CURVE ( 'NONE', #6760, #2627, #1036, .T. ) ;
#2764 = VERTEX_POINT ( 'NONE', #2571 ) ;
#2765 = CARTESIAN_POINT ( 'NONE',  ( -0.006500000000000066488, 0.04549999999999999878, 0.000000000000000000 ) ) ;
#2766 = CARTESIAN_POINT ( 'NONE',  ( -0.01650000000000000772, 0.1035428611430424528, -0.02341421356237309570 ) ) ;
#2767 = EDGE_CURVE ( 'NONE', #782, #3507, #3676, .T. ) ;
#2768 = AXIS2_PLACEMENT_3D ( 'NONE', #5841, #5308, #519 ) ;
#2769 = ORIENTED_EDGE ( 'NONE', *, *, #3065, .F. ) ;
#2770 = ORIENTED_EDGE ( 'NONE', *, *, #3281, .T. ) ;
#2771 = VECTOR ( 'NONE', #3462, 1.000000000000000000 ) ;
#2772 = DIRECTION ( 'NONE',  ( -1.734723475976807341E-16, 1.000000000000000000, 0.000000000000000000 ) ) ;
#2773 = EDGE_LOOP ( 'NONE', ( #1178, #5230, #2408, #2150 ) ) ;
#2774 = CARTESIAN_POINT ( 'NONE',  ( -0.05000000000000000278, -0.01399999999999999856, -0.01630000000000001240 ) ) ;
#2775 = DIRECTION ( 'NONE',  ( 0.000000000000000000, 0.000000000000000000, 1.000000000000000000 ) ) ;
#2776 = ADVANCED_FACE ( 'NONE', ( #2047 ), #4511, .T. ) ;
#2777 = ADVANCED_FACE ( 'NONE', ( #1106, #3711 ), #21, .F. ) ;
#2778 = CARTESIAN_POINT ( 'NONE',  ( -0.04200000000000000261, -0.04298864926096757771, -0.05895034905577770101 ) ) ;
#2779 = VERTEX_POINT ( 'NONE', #5797 ) ;
#2780 = LINE ( 'NONE', #652, #2276 ) ;
#2781 = CARTESIAN_POINT ( 'NONE',  ( 0.01499999999999999251, -0.09499999999999998723, -0.02299999999999999961 ) ) ;
#2782 = ORIENTED_EDGE ( 'NONE', *, *, #4550, .F. ) ;
#2783 = DIRECTION ( 'NONE',  ( 0.000000000000000000, -0.000000000000000000, -1.000000000000000000 ) ) ;
#2784 = CARTESIAN_POINT ( 'NONE',  ( -0.003500000000000065559, 0.04549999999999999878, 0.000000000000000000 ) ) ;
#2785 = ORIENTED_EDGE ( 'NONE', *, *, #3357, .F. ) ;
#2786 = CIRCLE ( 'NONE', #214, 0.001500000000000000465 ) ;
#2787 = ADVANCED_FACE ( 'NONE', ( #4766 ), #4237, .T. ) ;
#2788 = CARTESIAN_POINT ( 'NONE',  ( 0.01563900294291058202, 0.1048538458423359937, -0.02299999999999999961 ) ) ;
#2789 = VERTEX_POINT ( 'NONE', #1630 ) ;
#2790 = DIRECTION ( 'NONE',  ( 1.000000000000000000, 0.000000000000000000, 0.000000000000000000 ) ) ;
#2791 = CIRCLE ( 'NONE', #6250, 0.001000000000000000888 ) ;
#2792 = DIRECTION ( 'NONE',  ( -0.000000000000000000, -0.000000000000000000, -1.000000000000000000 ) ) ;
#2793 = DIRECTION ( 'NONE',  ( -0.000000000000000000, 1.000000000000000000, 0.000000000000000000 ) ) ;
#2794 = CARTESIAN_POINT ( 'NONE',  ( 0.02899999999999999453, 0.01104832204050208884, -0.003000000000000000062 ) ) ;
#2795 = EDGE_LOOP ( 'NONE', ( #3145, #4700, #3102, #1925 ) ) ;
#2796 = AXIS2_PLACEMENT_3D ( 'NONE', #3998, #758, #5024 ) ;
#2797 = LINE ( 'NONE', #3349, #4113 ) ;
#2798 = CIRCLE ( 'NONE', #5220, 0.001000000000000000888 ) ;
#2799 = VERTEX_POINT ( 'NONE', #2605 ) ;
#2800 = CARTESIAN_POINT ( 'NONE',  ( -0.01050000000000000239, 0.04874999999999998085, 0.000000000000000000 ) ) ;
#2801 = CARTESIAN_POINT ( 'NONE',  ( -0.01500000000000000638, -0.09699999999999998901, -0.02299999999999999961 ) ) ;
#2802 = ORIENTED_EDGE ( 'NONE', *, *, #346, .T. ) ;
#2803 = VERTEX_POINT ( 'NONE', #999 ) ;
#2804 = EDGE_CURVE ( 'NONE', #2209, #5626, #6279, .T. ) ;
#2805 = CARTESIAN_POINT ( 'NONE',  ( -6.591949208711865880E-18, 0.03799999999999999212, 0.007000000000000000146 ) ) ;
#2806 = EDGE_CURVE ( 'NONE', #2789, #6642, #6916, .T. ) ;
#2807 = CIRCLE ( 'NONE', #3681, 0.001000000000000000454 ) ;
#2808 = ORIENTED_EDGE ( 'NONE', *, *, #5120, .F. ) ;
#2809 = CARTESIAN_POINT ( 'NONE',  ( -0.01650000000000000772, 0.1035428611430424528, -0.02400000000000000050 ) ) ;
#2810 = CYLINDRICAL_SURFACE ( 'NONE', #5924, 0.001000000000000000888 ) ;
#2811 = EDGE_CURVE ( 'NONE', #5721, #3586, #3719, .T. ) ;
#2812 = CARTESIAN_POINT ( 'NONE',  ( -0.01550000000000000683, 0.1099999999999999867, -0.02400000000000000050 ) ) ;
#2813 = ADVANCED_FACE ( 'NONE', ( #4728 ), #4805, .F. ) ;
#2814 = DIRECTION ( 'NONE',  ( -0.000000000000000000, 0.000000000000000000, -1.000000000000000000 ) ) ;
#2815 = ORIENTED_EDGE ( 'NONE', *, *, #4642, .F. ) ;
#2816 = LINE ( 'NONE', #64, #1631 ) ;
#2817 = CARTESIAN_POINT ( 'NONE',  ( 0.01581950147145529464, 0.1058041975367217669, -0.02298357525446362987 ) ) ;
#2818 = ORIENTED_EDGE ( 'NONE', *, *, #5130, .F. ) ;
#2819 = AXIS2_PLACEMENT_3D ( 'NONE', #3896, #558, #2690 ) ;
#2820 = EDGE_CURVE ( 'NONE', #4616, #3172, #4997, .T. ) ;
#2821 = CARTESIAN_POINT ( 'NONE',  ( -0.01399999999999999856, 0.1099999999999999867, 6.062001655779398819E-18 ) ) ;
#2822 = ORIENTED_EDGE ( 'NONE', *, *, #2855, .T. ) ;
#2823 = FACE_OUTER_BOUND ( 'NONE', #1440, .T. ) ;
#2824 = FACE_OUTER_BOUND ( 'NONE', #882, .T. ) ;
#2825 = LINE ( 'NONE', #107, #6509 ) ;
#2826 = EDGE_CURVE ( 'NONE', #5056, #3483, #1980, .T. ) ;
#2827 = CARTESIAN_POINT ( 'NONE',  ( 6.950147145528759451E-05, 0.1062714305715212193, -0.02099999999999999784 ) ) ;
#2828 = ORIENTED_EDGE ( 'NONE', *, *, #5503, .F. ) ;
#2829 = DIRECTION ( 'NONE',  ( 0.000000000000000000, 0.000000000000000000, -1.000000000000000000 ) ) ;
#2830 = ORIENTED_EDGE ( 'NONE', *, *, #5082, .F. ) ;
#2831 = DIRECTION ( 'NONE',  ( -1.000000000000000000, -0.000000000000000000, -0.000000000000000000 ) ) ;
#2832 = VECTOR ( 'NONE', #5218, 1.000000000000000000 ) ;
#2833 = DIRECTION ( 'NONE',  ( 0.000000000000000000, 1.000000000000000000, 0.000000000000000000 ) ) ;
#2834 = ORIENTED_EDGE ( 'NONE', *, *, #6185, .T. ) ;
#2835 = ORIENTED_EDGE ( 'NONE', *, *, #3571, .F. ) ;
#2836 = DIRECTION ( 'NONE',  ( 1.000000000000000000, 0.000000000000000000, 0.000000000000000000 ) ) ;
#2837 = ORIENTED_EDGE ( 'NONE', *, *, #3155, .F. ) ;
#2838 = DIRECTION ( 'NONE',  ( 0.000000000000000000, -0.000000000000000000, -1.000000000000000000 ) ) ;
#2839 = DIRECTION ( 'NONE',  ( 0.000000000000000000, 0.000000000000000000, 1.000000000000000000 ) ) ;
#2840 = DIRECTION ( 'NONE',  ( 1.000000000000000000, 0.000000000000000000, 0.000000000000000000 ) ) ;
#2841 = CARTESIAN_POINT ( 'NONE',  ( -0.02899999999999999453, 0.02299999999999999961, 0.007000000000000000146 ) ) ;
#2842 = LINE ( 'NONE', #189, #2771 ) ;
#2843 = EDGE_CURVE ( 'NONE', #1212, #6, #6006, .T. ) ;
#2844 = ORIENTED_EDGE ( 'NONE', *, *, #4880, .T. ) ;
#2845 = VECTOR ( 'NONE', #6450, 1.000000000000000000 ) ;
#2846 = DIRECTION ( 'NONE',  ( 0.000000000000000000, 0.000000000000000000, 1.000000000000000000 ) ) ;
#2847 = ADVANCED_FACE ( 'NONE', ( #1729 ), #3490, .F. ) ;
#2848 = ORIENTED_EDGE ( 'NONE', *, *, #5772, .T. ) ;
#2849 = CARTESIAN_POINT ( 'NONE',  ( -0.02899999999999999453, 0.01804832204050209679, 0.000000000000000000 ) ) ;
#2850 = ORIENTED_EDGE ( 'NONE', *, *, #6571, .F. ) ;
#2851 = AXIS2_PLACEMENT_3D ( 'NONE', #1308, #3919, #6078 ) ;
#2852 = DIRECTION ( 'NONE',  ( -1.000000000000000000, 0.000000000000000000, 0.000000000000000000 ) ) ;
#2853 = CARTESIAN_POINT ( 'NONE',  ( -0.007499999999999999722, -0.09499999999999998723, -0.02000000000000000389 ) ) ;
#2854 = DIRECTION ( 'NONE',  ( 0.000000000000000000, 0.000000000000000000, -1.000000000000000000 ) ) ;
#2855 = EDGE_CURVE ( 'NONE', #1661, #363, #2225, .T. ) ;
#2856 = FACE_OUTER_BOUND ( 'NONE', #444, .T. ) ;
#2857 = ADVANCED_FACE ( 'NONE', ( #5038 ), #1700, .F. ) ;
#2858 = ORIENTED_EDGE ( 'NONE', *, *, #1673, .T. ) ;
#2859 = DIRECTION ( 'NONE',  ( 1.000000000000000000, 0.000000000000000000, 0.000000000000000000 ) ) ;
#2860 = CARTESIAN_POINT ( 'NONE',  ( -0.01500000000000000638, -0.09999999999999997780, -0.02299999999999999961 ) ) ;
#2861 = CARTESIAN_POINT ( 'NONE',  ( -0.02299999999999999961, 0.04099999999999999478, 0.000000000000000000 ) ) ;
#2862 = LINE ( 'NONE', #3416, #3868 ) ;
#2863 = EDGE_CURVE ( 'NONE', #640, #359, #6015, .T. ) ;
#2864 = ORIENTED_EDGE ( 'NONE', *, *, #2306, .T. ) ;
#2865 = VERTEX_POINT ( 'NONE', #129 ) ;
#2866 = CYLINDRICAL_SURFACE ( 'NONE', #6586, 0.001000000000000000888 ) ;
#2867 = VECTOR ( 'NONE', #1492, 1.000000000000000000 ) ;
#2868 = EDGE_CURVE ( 'NONE', #6753, #1597, #3266, .T. ) ;
#2869 = ORIENTED_EDGE ( 'NONE', *, *, #3559, .T. ) ;
#2870 = CARTESIAN_POINT ( 'NONE',  ( 0.01581950147145529464, 0.1089999999999999858, -0.02298357525446362987 ) ) ;
#2871 = CIRCLE ( 'NONE', #6782, 0.001299999999999999073 ) ;
#2872 = CIRCLE ( 'NONE', #1975, 0.001299999999999999073 ) ;
#2873 = CARTESIAN_POINT ( 'NONE',  ( -0.01650000000000000772, 0.1099999999999999867, -0.02599999999999999881 ) ) ;
#2874 = DIRECTION ( 'NONE',  ( -1.000000000000000000, -0.000000000000000000, -0.000000000000000000 ) ) ;
#2875 = VECTOR ( 'NONE', #5640, 1.000000000000000000 ) ;
#2876 = FACE_OUTER_BOUND ( 'NONE', #5074, .T. ) ;
#2877 = CARTESIAN_POINT ( 'NONE',  ( -0.01650000000000000772, 0.1060000000000000109, -0.02316189500386225605 ) ) ;
#2878 = EDGE_LOOP ( 'NONE', ( #922, #5814 ) ) ;
#2879 = FACE_OUTER_BOUND ( 'NONE', #5224, .T. ) ;
#2880 = DIRECTION ( 'NONE',  ( 0.000000000000000000, 0.000000000000000000, 1.000000000000000000 ) ) ;
#2881 = ORIENTED_EDGE ( 'NONE', *, *, #1024, .F. ) ;
#2882 = DIRECTION ( 'NONE',  ( -0.000000000000000000, 0.000000000000000000, 1.000000000000000000 ) ) ;
#2883 = ADVANCED_FACE ( 'NONE', ( #3302 ), #1665, .F. ) ;
#2884 = CARTESIAN_POINT ( 'NONE',  ( -0.02999999999999999542, 0.01104832204050209578, 0.000000000000000000 ) ) ;
#2885 = DIRECTION ( 'NONE',  ( -1.000000000000000000, 0.000000000000000000, 0.000000000000000000 ) ) ;
#2886 = PLANE ( 'NONE',  #3700 ) ;
#2887 = LINE ( 'NONE', #5524, #75 ) ;
#2888 = EDGE_LOOP ( 'NONE', ( #1468, #1332, #1650, #5247 ) ) ;
#2889 = CARTESIAN_POINT ( 'NONE',  ( -0.01399999999999999856, 0.1059999999999999831, 0.000000000000000000 ) ) ;
#2890 = EDGE_CURVE ( 'NONE', #6577, #3225, #1334, .T. ) ;
#2891 = FACE_BOUND ( 'NONE', #6228, .T. ) ;
#2892 = ADVANCED_FACE ( 'NONE', ( #4502, #284, #5607, #2902 ), #4343, .F. ) ;
#2893 = CARTESIAN_POINT ( 'NONE',  ( -0.05000000000000000278, 0.006000000000000005329, -0.01370000000000000731 ) ) ;
#2894 = DIRECTION ( 'NONE',  ( 0.000000000000000000, 1.000000000000000000, 0.000000000000000000 ) ) ;
#2895 = CARTESIAN_POINT ( 'NONE',  ( 0.01699999999999999428, -0.09699999999999998901, 0.000000000000000000 ) ) ;
#2896 = ORIENTED_EDGE ( 'NONE', *, *, #81, .F. ) ;
#2897 = ORIENTED_EDGE ( 'NONE', *, *, #1673, .F. ) ;
#2898 = CARTESIAN_POINT ( 'NONE',  ( 0.05000000000000000278, 0.003500000000000003109, -0.01000000000000000888 ) ) ;
#2899 = ORIENTED_EDGE ( 'NONE', *, *, #2688, .F. ) ;
#2900 = EDGE_CURVE ( 'NONE', #3799, #1385, #6136, .T. ) ;
#2901 = CARTESIAN_POINT ( 'NONE',  ( -0.06000000000000000472, -0.01242252077633198074, -0.02101765814254362430 ) ) ;
#2902 = FACE_OUTER_BOUND ( 'NONE', #6826, .T. ) ;
#2903 = DIRECTION ( 'NONE',  ( 0.000000000000000000, 1.000000000000000000, -0.000000000000000000 ) ) ;
#2904 = FACE_OUTER_BOUND ( 'NONE', #4964, .T. ) ;
#2905 = EDGE_CURVE ( 'NONE', #4004, #3088, #316, .T. ) ;
#2906 = VECTOR ( 'NONE', #3975, 1.000000000000000000 ) ;
#2907 = CARTESIAN_POINT ( 'NONE',  ( 0.01663900294291058984, 0.1045428611430424537, -0.02299999999999999961 ) ) ;
#2908 = CARTESIAN_POINT ( 'NONE',  ( -0.01650000000000000772, 0.1046771243444677008, -0.02400000000000000050 ) ) ;
#2909 = AXIS2_PLACEMENT_3D ( 'NONE', #2176, #4289, #6438 ) ;
#2910 = ORIENTED_EDGE ( 'NONE', *, *, #5111, .T. ) ;
#2911 = DIRECTION ( 'NONE',  ( -1.000000000000000000, 0.000000000000000000, -0.000000000000000000 ) ) ;
#2912 = CARTESIAN_POINT ( 'NONE',  ( -0.008430338243672425014, -0.1049999999999999961, -0.009294206067218903355 ) ) ;
#2913 = ORIENTED_EDGE ( 'NONE', *, *, #3531, .T. ) ;
#2914 = CARTESIAN_POINT ( 'NONE',  ( 0.05000000000000000278, -0.01399999999999999856, -0.01500000000000001332 ) ) ;
#2915 = CARTESIAN_POINT ( 'NONE',  ( 0.007500000000000000590, 0.1049999999999999822, -0.009999999999999996739 ) ) ;
#2916 = LINE ( 'NONE', #3310, #6154 ) ;
#2917 = DIRECTION ( 'NONE',  ( -0.000000000000000000, 0.000000000000000000, 1.000000000000000000 ) ) ;
#2918 = DIRECTION ( 'NONE',  ( -0.000000000000000000, -0.000000000000000000, -1.000000000000000000 ) ) ;
#2919 = ORIENTED_EDGE ( 'NONE', *, *, #5072, .F. ) ;
#2920 = VECTOR ( 'NONE', #5026, 1.000000000000000000 ) ;
#2921 = CARTESIAN_POINT ( 'NONE',  ( -0.02899999999999999453, 0.02299999999999999961, 0.007000000000000000146 ) ) ;
#2922 = CARTESIAN_POINT ( 'NONE',  ( 0.007499999999999999722, -0.09999999999999999167, -0.02000000000000000389 ) ) ;
#2923 = DIRECTION ( 'NONE',  ( 1.000000000000000000, 0.000000000000000000, 0.000000000000000000 ) ) ;
#2924 = CIRCLE ( 'NONE', #5050, 0.002000000000000000042 ) ;
#2925 = CARTESIAN_POINT ( 'NONE',  ( -0.02000000000000000042, 0.03799999999999999212, -0.008999999999999999320 ) ) ;
#2926 = CARTESIAN_POINT ( 'NONE',  ( -0.01650000000000000772, 0.1099999999999999867, 0.001000000000000000021 ) ) ;
#2927 = EDGE_LOOP ( 'NONE', ( #1688, #4852, #3151, #3251 ) ) ;
#2928 = ORIENTED_EDGE ( 'NONE', *, *, #4340, .F. ) ;
#2929 = EDGE_CURVE ( 'NONE', #359, #640, #231, .T. ) ;
#2930 = CARTESIAN_POINT ( 'NONE',  ( -0.01499999999999999944, 0.1049999999999999822, -0.001000000000000000888 ) ) ;
#2931 = ORIENTED_EDGE ( 'NONE', *, *, #5062, .T. ) ;
#2932 = CARTESIAN_POINT ( 'NONE',  ( -0.02475000000000000117, 0.1020000000000000073, 0.000000000000000000 ) ) ;
#2933 = CARTESIAN_POINT ( 'NONE',  ( 0.01006950147145528780, 0.1062714305715211499, -0.02599999999999999881 ) ) ;
#2934 = LINE ( 'NONE', #6789, #5014 ) ;
#2935 = CARTESIAN_POINT ( 'NONE',  ( 0.01663900294291058637, 0.1058088173925815223, -0.02396715050892726448 ) ) ;
#2936 = ADVANCED_FACE ( 'NONE', ( #3819, #6491 ), #1896, .F. ) ;
#2937 = EDGE_CURVE ( 'NONE', #2550, #1212, #5970, .T. ) ;
#2938 = DIRECTION ( 'NONE',  ( 1.000000000000000000, 0.000000000000000000, 0.000000000000000000 ) ) ;
#2939 = DIRECTION ( 'NONE',  ( -0.000000000000000000, -0.000000000000000000, 1.000000000000000000 ) ) ;
#2940 = VECTOR ( 'NONE', #5927, 1.000000000000000000 ) ;
#2941 = VERTEX_POINT ( 'NONE', #5936 ) ;
#2942 = DIRECTION ( 'NONE',  ( -0.000000000000000000, -0.000000000000000000, -1.000000000000000000 ) ) ;
#2943 = FACE_OUTER_BOUND ( 'NONE', #6284, .T. ) ;
#2944 = EDGE_CURVE ( 'NONE', #6642, #2954, #1141, .T. ) ;
#2945 = ORIENTED_EDGE ( 'NONE', *, *, #2505, .T. ) ;
#2946 = LINE ( 'NONE', #2429, #6355 ) ;
#2947 = AXIS2_PLACEMENT_3D ( 'NONE', #1430, #4068, #1535 ) ;
#2948 = CARTESIAN_POINT ( 'NONE',  ( -0.06000000000000000472, -0.01399999999999999856, -0.01370000000000001598 ) ) ;
#2949 = CIRCLE ( 'NONE', #4969, 0.002000000000000001776 ) ;
#2950 = VECTOR ( 'NONE', #3521, 1.000000000000000000 ) ;
#2951 = ORIENTED_EDGE ( 'NONE', *, *, #1162, .T. ) ;
#2952 = CARTESIAN_POINT ( 'NONE',  ( 0.01499999999999999944, 0.1089999999999999858, -0.001000000000000000888 ) ) ;
#2953 = DIRECTION ( 'NONE',  ( -1.000000000000000000, -1.734723475976811630E-15, 0.000000000000000000 ) ) ;
#2954 = VERTEX_POINT ( 'NONE', #355 ) ;
#2955 = AXIS2_PLACEMENT_3D ( 'NONE', #2325, #6144, #1904 ) ;
#2956 = LINE ( 'NONE', #6643, #5131 ) ;
#2957 = LINE ( 'NONE', #4137, #4888 ) ;
#2958 = LINE ( 'NONE', #3480, #4688 ) ;
#2959 = DIRECTION ( 'NONE',  ( 0.000000000000000000, 0.000000000000000000, 1.000000000000000000 ) ) ;
#2960 = ORIENTED_EDGE ( 'NONE', *, *, #3433, .F. ) ;
#2961 = ORIENTED_EDGE ( 'NONE', *, *, #1955, .T. ) ;
#2962 = TOROIDAL_SURFACE ( 'NONE', #2753, 0.002000000000000000042, 0.001000000000000000021 ) ;
#2963 = ADVANCED_FACE ( 'NONE', ( #2063 ), #4111, .F. ) ;
#2964 = LINE ( 'NONE', #3035, #2123 ) ;
#2965 = VERTEX_POINT ( 'NONE', #4075 ) ;
#2966 = DIRECTION ( 'NONE',  ( 1.000000000000000000, 1.541976423090494647E-16, -0.000000000000000000 ) ) ;
#2967 = ADVANCED_FACE ( 'NONE', ( #1506 ), #1473, .F. ) ;
#2968 = DIRECTION ( 'NONE',  ( 0.000000000000000000, 0.000000000000000000, 1.000000000000000000 ) ) ;
#2969 = DIRECTION ( 'NONE',  ( -1.052139071779383273E-16, 0.000000000000000000, 1.000000000000000000 ) ) ;
#2970 = DIRECTION ( 'NONE',  ( 1.000000000000000000, 0.000000000000000000, 0.000000000000000000 ) ) ;
#2971 = AXIS2_PLACEMENT_3D ( 'NONE', #1842, #3406, #3958 ) ;
#2972 = EDGE_LOOP ( 'NONE', ( #3549, #206, #5103, #2719 ) ) ;
#2973 = AXIS2_PLACEMENT_3D ( 'NONE', #2219, #2407, #6130 ) ;
#2974 = DIRECTION ( 'NONE',  ( 0.000000000000000000, 0.000000000000000000, -1.000000000000000000 ) ) ;
#2975 = CARTESIAN_POINT ( 'NONE',  ( -0.01650000000000000425, 0.1046771243444677008, -0.02300000000000000308 ) ) ;
#2976 = EDGE_CURVE ( 'NONE', #1086, #531, #3555, .T. ) ;
#2977 = EDGE_CURVE ( 'NONE', #5785, #41, #3593, .T. ) ;
#2978 = ORIENTED_EDGE ( 'NONE', *, *, #6832, .F. ) ;
#2979 = FACE_OUTER_BOUND ( 'NONE', #2888, .T. ) ;
#2980 = CARTESIAN_POINT ( 'NONE',  ( -0.04200000000000000261, 0.000000000000000000, 0.000000000000000000 ) ) ;
#2981 = AXIS2_PLACEMENT_3D ( 'NONE', #6169, #2381, #5070 ) ;
#2982 = VERTEX_POINT ( 'NONE', #947 ) ;
#2983 = VECTOR ( 'NONE', #6109, 1.000000000000000000 ) ;
#2984 = FACE_BOUND ( 'NONE', #1270, .T. ) ;
#2985 = ADVANCED_FACE ( 'NONE', ( #4606 ), #5780, .F. ) ;
#2986 = CARTESIAN_POINT ( 'NONE',  ( -0.02000000000000000042, -0.03200000000000001454, -0.008999999999999999320 ) ) ;
#2987 = ORIENTED_EDGE ( 'NONE', *, *, #4466, .F. ) ;
#2988 = DIRECTION ( 'NONE',  ( -0.000000000000000000, 0.000000000000000000, 1.000000000000000000 ) ) ;
#2989 = DIRECTION ( 'NONE',  ( -0.000000000000000000, -0.000000000000000000, -1.000000000000000000 ) ) ;
#2990 = ORIENTED_EDGE ( 'NONE', *, *, #4251, .F. ) ;
#2991 = EDGE_CURVE ( 'NONE', #2764, #6383, #5143, .T. ) ;
#2992 = CARTESIAN_POINT ( 'NONE',  ( -0.03300000000000000849, 0.09199999999999999845, -0.003000000000000000062 ) ) ;
#2993 = DIRECTION ( 'NONE',  ( 0.000000000000000000, -0.000000000000000000, -1.000000000000000000 ) ) ;
#2994 = AXIS2_PLACEMENT_3D ( 'NONE', #1354, #2918, #6671 ) ;
#2995 = CIRCLE ( 'NONE', #6923, 0.001000000000000000888 ) ;
#2996 = CARTESIAN_POINT ( 'NONE',  ( -0.01399999999999999856, 0.1035428611430424528, -0.02392491604476003342 ) ) ;
#2997 = PLANE ( 'NONE',  #620 ) ;
#2998 = ORIENTED_EDGE ( 'NONE', *, *, #2976, .T. ) ;
#2999 = ORIENTED_EDGE ( 'NONE', *, *, #4723, .T. ) ;
#3000 = DIRECTION ( 'NONE',  ( -1.000000000000000000, 0.000000000000000000, -0.000000000000000000 ) ) ;
#3001 = ORIENTED_EDGE ( 'NONE', *, *, #1612, .T. ) ;
#3002 = DIRECTION ( 'NONE',  ( 0.000000000000000000, 0.000000000000000000, -1.000000000000000000 ) ) ;
#3003 = DIRECTION ( 'NONE',  ( 0.000000000000000000, 0.000000000000000000, 1.000000000000000000 ) ) ;
#3004 = LINE ( 'NONE', #3458, #4223 ) ;
#3005 = EDGE_CURVE ( 'NONE', #6357, #4200, #5210, .T. ) ;
#3006 = CIRCLE ( 'NONE', #678, 0.002000000000000001776 ) ;
#3007 = ADVANCED_FACE ( 'NONE', ( #3142 ), #5144, .T. ) ;
#3008 = AXIS2_PLACEMENT_3D ( 'NONE', #6849, #6886, #2053 ) ;
#3009 = VERTEX_POINT ( 'NONE', #913 ) ;
#3010 = CARTESIAN_POINT ( 'NONE',  ( 0.02899999999999999453, 0.01804832204050208291, -0.003000000000000000062 ) ) ;
#3011 = DIRECTION ( 'NONE',  ( 0.000000000000000000, -0.000000000000000000, -1.000000000000000000 ) ) ;
#3012 = TOROIDAL_SURFACE ( 'NONE', #5484, 0.002000000000000000042, 0.001000000000000000021 ) ;
#3013 = VERTEX_POINT ( 'NONE', #4672 ) ;
#3014 = PLANE ( 'NONE',  #4863 ) ;
#3015 = CARTESIAN_POINT ( 'NONE',  ( 0.02475000000000000117, 0.1020000000000000073, 0.007000000000000000146 ) ) ;
#3016 = VECTOR ( 'NONE', #6458, 1.000000000000000000 ) ;
#3017 = ORIENTED_EDGE ( 'NONE', *, *, #1391, .T. ) ;
#3018 = EDGE_CURVE ( 'NONE', #1811, #3369, #6823, .T. ) ;
#3019 = FACE_BOUND ( 'NONE', #6615, .T. ) ;
#3020 = VECTOR ( 'NONE', #4597, 1.000000000000000000 ) ;
#3021 = LINE ( 'NONE', #2948, #422 ) ;
#3022 = EDGE_LOOP ( 'NONE', ( #2850, #5487, #5938, #1424 ) ) ;
#3023 = CARTESIAN_POINT ( 'NONE',  ( 0.01299999999999999246, -0.09799999999999998990, -0.002000000000000001776 ) ) ;
#3024 = FACE_OUTER_BOUND ( 'NONE', #3695, .T. ) ;
#3025 = ORIENTED_EDGE ( 'NONE', *, *, #3579, .F. ) ;
#3026 = ADVANCED_FACE ( 'NONE', ( #5177 ), #3659, .F. ) ;
#3027 = CARTESIAN_POINT ( 'NONE',  ( 0.02299999999999999961, 0.04099999999999999478, -0.01200000000000000025 ) ) ;
#3028 = LINE ( 'NONE', #829, #3526 ) ;
#3029 = DIRECTION ( 'NONE',  ( -0.000000000000000000, -0.000000000000000000, -1.000000000000000000 ) ) ;
#3030 = FACE_OUTER_BOUND ( 'NONE', #1601, .T. ) ;
#3031 = VECTOR ( 'NONE', #5983, 1.000000000000000000 ) ;
#3032 = ORIENTED_EDGE ( 'NONE', *, *, #81, .T. ) ;
#3033 = EDGE_LOOP ( 'NONE', ( #2142, #426 ) ) ;
#3034 = AXIS2_PLACEMENT_3D ( 'NONE', #5497, #702, #176 ) ;
#3035 = CARTESIAN_POINT ( 'NONE',  ( 0.05000000000000000971, 0.09200000000000001232, 0.007000000000000000146 ) ) ;
#3036 = EDGE_LOOP ( 'NONE', ( #5854, #2960, #191, #1280 ) ) ;
#3037 = AXIS2_PLACEMENT_3D ( 'NONE', #5446, #4273, #3232 ) ;
#3038 = CARTESIAN_POINT ( 'NONE',  ( -0.01300000000000000461, -0.09699999999999998901, -0.002000000000000001776 ) ) ;
#3039 = DIRECTION ( 'NONE',  ( -0.000000000000000000, 0.000000000000000000, 1.000000000000000000 ) ) ;
#3040 = DIRECTION ( 'NONE',  ( 0.000000000000000000, -1.000000000000000000, 0.000000000000000000 ) ) ;
#3041 = ORIENTED_EDGE ( 'NONE', *, *, #3685, .T. ) ;
#3042 = ORIENTED_EDGE ( 'NONE', *, *, #5781, .F. ) ;
#3043 = EDGE_LOOP ( 'NONE', ( #6790, #4331, #353, #951, #5284, #3666 ) ) ;
#3044 = DIRECTION ( 'NONE',  ( -1.000000000000000000, -0.000000000000000000, -0.000000000000000000 ) ) ;
#3045 = PLANE ( 'NONE',  #3978 ) ;
#3046 = ORIENTED_EDGE ( 'NONE', *, *, #6885, .T. ) ;
#3047 = CIRCLE ( 'NONE', #6853, 0.001000000000000000888 ) ;
#3048 = DIRECTION ( 'NONE',  ( -0.000000000000000000, 0.000000000000000000, 1.000000000000000000 ) ) ;
#3049 = DIRECTION ( 'NONE',  ( -0.000000000000000000, -0.000000000000000000, -1.000000000000000000 ) ) ;
#3050 = ORIENTED_EDGE ( 'NONE', *, *, #3005, .T. ) ;
#3051 = EDGE_CURVE ( 'NONE', #2088, #4703, #686, .T. ) ;
#3052 = PLANE ( 'NONE',  #3827 ) ;
#3053 = VECTOR ( 'NONE', #3183, 1.000000000000000000 ) ;
#3054 = DIRECTION ( 'NONE',  ( 0.000000000000000000, 0.000000000000000000, 1.000000000000000000 ) ) ;
#3055 = EDGE_CURVE ( 'NONE', #1872, #5583, #2519, .T. ) ;
#3056 = EDGE_LOOP ( 'NONE', ( #4253, #4039, #1720, #5907 ) ) ;
#3057 = CARTESIAN_POINT ( 'NONE',  ( 0.006499999999999995365, 0.09349999999999999978, 0.007000000000000000146 ) ) ;
#3058 = FACE_OUTER_BOUND ( 'NONE', #247, .T. ) ;
#3059 = EDGE_LOOP ( 'NONE', ( #6080, #6258 ) ) ;
#3060 = CIRCLE ( 'NONE', #1840, 0.001299999999999998206 ) ;
#3061 = DIRECTION ( 'NONE',  ( 0.000000000000000000, -1.000000000000000000, 0.000000000000000000 ) ) ;
#3062 = AXIS2_PLACEMENT_3D ( 'NONE', #6516, #610, #5403 ) ;
#3063 = PLANE ( 'NONE',  #2091 ) ;
#3064 = EDGE_CURVE ( 'NONE', #5136, #6476, #4637, .T. ) ;
#3065 = EDGE_CURVE ( 'NONE', #1753, #4831, #2807, .T. ) ;
#3066 = CARTESIAN_POINT ( 'NONE',  ( -0.01700000000000000816, -0.09799999999999998990, 0.000000000000000000 ) ) ;
#3067 = DIRECTION ( 'NONE',  ( 0.000000000000000000, -0.000000000000000000, -1.000000000000000000 ) ) ;
#3068 = VECTOR ( 'NONE', #5476, 1.000000000000000000 ) ;
#3069 = ORIENTED_EDGE ( 'NONE', *, *, #614, .F. ) ;
#3070 = ORIENTED_EDGE ( 'NONE', *, *, #3470, .F. ) ;
#3071 = CYLINDRICAL_SURFACE ( 'NONE', #3674, 0.001300000000000000808 ) ;
#3072 = ORIENTED_EDGE ( 'NONE', *, *, #5773, .T. ) ;
#3073 = DIRECTION ( 'NONE',  ( 1.000000000000000000, 0.000000000000000000, 0.000000000000000000 ) ) ;
#3074 = DIRECTION ( 'NONE',  ( 1.000000000000000000, 0.000000000000000000, 0.000000000000000000 ) ) ;
#3075 = EDGE_CURVE ( 'NONE', #5241, #4114, #2353, .T. ) ;
#3076 = DIRECTION ( 'NONE',  ( -1.000000000000000000, 0.000000000000000000, 0.000000000000000000 ) ) ;
#3077 = VECTOR ( 'NONE', #5162, 1.000000000000000000 ) ;
#3078 = ORIENTED_EDGE ( 'NONE', *, *, #2497, .F. ) ;
#3079 = VERTEX_POINT ( 'NONE', #6721 ) ;
#3080 = ORIENTED_EDGE ( 'NONE', *, *, #828, .F. ) ;
#3081 = EDGE_CURVE ( 'NONE', #5975, #5421, #4576, .T. ) ;
#3082 = ORIENTED_EDGE ( 'NONE', *, *, #2688, .T. ) ;
#3083 = CARTESIAN_POINT ( 'NONE',  ( -0.06000000000000000472, -0.01149999999999999634, -0.01000000000000001235 ) ) ;
#3084 = FACE_OUTER_BOUND ( 'NONE', #1856, .T. ) ;
#3085 = DIRECTION ( 'NONE',  ( 0.000000000000000000, 0.000000000000000000, 1.000000000000000000 ) ) ;
#3086 = DIRECTION ( 'NONE',  ( 1.000000000000000000, 0.000000000000000000, 0.000000000000000000 ) ) ;
#3087 = CARTESIAN_POINT ( 'NONE',  ( -0.01519981162730356036, 0.1035428611430424389, -0.02305546363088947087 ) ) ;
#3088 = VERTEX_POINT ( 'NONE', #4747 ) ;
#3089 = CARTESIAN_POINT ( 'NONE',  ( 0.01000000000000000021, -0.09499999999999998723, -0.01630000000000000546 ) ) ;
#3090 = DIRECTION ( 'NONE',  ( -1.000000000000000000, 0.000000000000000000, 0.000000000000000000 ) ) ;
#3091 = CIRCLE ( 'NONE', #3756, 0.001299999999999997338 ) ;
#3092 = EDGE_LOOP ( 'NONE', ( #5619, #1021, #5179, #1103 ) ) ;
#3093 = DIRECTION ( 'NONE',  ( -0.000000000000000000, 0.000000000000000000, 1.000000000000000000 ) ) ;
#3094 = CARTESIAN_POINT ( 'NONE',  ( -0.007499999999999998855, 0.1049999999999999822, -0.01000000000000000021 ) ) ;
#3095 = AXIS2_PLACEMENT_3D ( 'NONE', #2527, #957, #5184 ) ;
#3096 = EDGE_LOOP ( 'NONE', ( #3742, #74 ) ) ;
#3097 = EDGE_CURVE ( 'NONE', #4092, #933, #3796, .T. ) ;
#3098 = FACE_OUTER_BOUND ( 'NONE', #1549, .T. ) ;
#3099 = CARTESIAN_POINT ( 'NONE',  ( 0.01663900294291058637, 0.1099999999999999867, -0.02599999999999999881 ) ) ;
#3100 = CARTESIAN_POINT ( 'NONE',  ( -0.02999999999999999542, -0.02299999999999997186, 0.007000000000000000146 ) ) ;
#3101 = CYLINDRICAL_SURFACE ( 'NONE', #2947, 0.001299999999999999073 ) ;
#3102 = ORIENTED_EDGE ( 'NONE', *, *, #378, .T. ) ;
#3103 = EDGE_CURVE ( 'NONE', #6505, #6065, #5494, .T. ) ;
#3104 = EDGE_CURVE ( 'NONE', #6617, #2393, #2103, .T. ) ;
#3105 = LINE ( 'NONE', #5205, #6589 ) ;
#3106 = ORIENTED_EDGE ( 'NONE', *, *, #2763, .F. ) ;
#3107 = LINE ( 'NONE', #2551, #2950 ) ;
#3108 = DIRECTION ( 'NONE',  ( 0.000000000000000000, 1.000000000000000000, 0.000000000000000000 ) ) ;
#3109 = LINE ( 'NONE', #2141, #3245 ) ;
#3110 = ORIENTED_EDGE ( 'NONE', *, *, #3699, .F. ) ;
#3111 = ORIENTED_EDGE ( 'NONE', *, *, #2843, .T. ) ;
#3112 = ORIENTED_EDGE ( 'NONE', *, *, #5023, .F. ) ;
#3113 = AXIS2_PLACEMENT_3D ( 'NONE', #2914, #2395, #4517 ) ;
#3114 = EDGE_CURVE ( 'NONE', #1385, #855, #493, .T. ) ;
#3115 = CARTESIAN_POINT ( 'NONE',  ( 0.04200000000000000261, 0.04796257807826604519, -0.06495034905577767859 ) ) ;
#3116 = VERTEX_POINT ( 'NONE', #3694 ) ;
#3117 = CARTESIAN_POINT ( 'NONE',  ( 6.950147145528759451E-05, 0.1062714305715212193, -0.02599999999999999881 ) ) ;
#3118 = DIRECTION ( 'NONE',  ( 1.000000000000000000, 0.000000000000000000, 0.000000000000000000 ) ) ;
#3119 = AXIS2_PLACEMENT_3D ( 'NONE', #1399, #3000, #2378 ) ;
#3120 = DIRECTION ( 'NONE',  ( 0.000000000000000000, 0.000000000000000000, 1.000000000000000000 ) ) ;
#3121 = FACE_OUTER_BOUND ( 'NONE', #6417, .T. ) ;
#3122 = PLANE ( 'NONE',  #1342 ) ;
#3123 = ORIENTED_EDGE ( 'NONE', *, *, #6084, .F. ) ;
#3124 = AXIS2_PLACEMENT_3D ( 'NONE', #4065, #1850, #2504 ) ;
#3125 = VECTOR ( 'NONE', #5447, 1.000000000000000000 ) ;
#3126 = PLANE ( 'NONE',  #2606 ) ;
#3127 = CARTESIAN_POINT ( 'NONE',  ( -0.01650000000000001119, 0.1048980238243417268, -0.02400000000000000397 ) ) ;
#3128 = VERTEX_POINT ( 'NONE', #6824 ) ;
#3129 = DIRECTION ( 'NONE',  ( 1.000000000000000000, 0.000000000000000000, 0.000000000000000000 ) ) ;
#3130 = FACE_OUTER_BOUND ( 'NONE', #4808, .T. ) ;
#3131 = ORIENTED_EDGE ( 'NONE', *, *, #2900, .F. ) ;
#3132 = VECTOR ( 'NONE', #5782, 1.000000000000000000 ) ;
#3133 = LINE ( 'NONE', #1079, #6031 ) ;
#3134 = CARTESIAN_POINT ( 'NONE',  ( -0.03300000000000000849, 0.1199999999999999956, 0.000000000000000000 ) ) ;
#3135 = DIRECTION ( 'NONE',  ( 0.000000000000000000, -0.000000000000000000, -1.000000000000000000 ) ) ;
#3136 = LINE ( 'NONE', #4698, #1507 ) ;
#3137 = ORIENTED_EDGE ( 'NONE', *, *, #2383, .F. ) ;
#3138 = CARTESIAN_POINT ( 'NONE',  ( -0.007499999999999997988, 0.1149999999999999911, -0.009999999999999996739 ) ) ;
#3139 = EDGE_CURVE ( 'NONE', #6760, #1597, #5817, .T. ) ;
#3140 = ORIENTED_EDGE ( 'NONE', *, *, #1121, .F. ) ;
#3141 = DIRECTION ( 'NONE',  ( -1.000000000000000000, 0.000000000000000000, -0.000000000000000000 ) ) ;
#3142 = FACE_OUTER_BOUND ( 'NONE', #607, .T. ) ;
#3143 = DIRECTION ( 'NONE',  ( 1.000000000000000000, 0.000000000000000000, 0.000000000000000000 ) ) ;
#3144 = ADVANCED_FACE ( 'NONE', ( #2623 ), #5850, .T. ) ;
#3145 = ORIENTED_EDGE ( 'NONE', *, *, #1153, .F. ) ;
#3146 = ORIENTED_EDGE ( 'NONE', *, *, #6084, .T. ) ;
#3147 = VERTEX_POINT ( 'NONE', #4788 ) ;
#3148 = AXIS2_PLACEMENT_3D ( 'NONE', #1603, #486, #3723 ) ;
#3149 = CARTESIAN_POINT ( 'NONE',  ( 0.06000000000000000472, 0.006000000000000005329, -0.01630000000000000546 ) ) ;
#3150 = VECTOR ( 'NONE', #3284, 1.000000000000000000 ) ;
#3151 = ORIENTED_EDGE ( 'NONE', *, *, #5860, .F. ) ;
#3152 = CARTESIAN_POINT ( 'NONE',  ( 0.01000000000000000021, -0.09999999999999999167, -0.01500000000000000638 ) ) ;
#3153 = CARTESIAN_POINT ( 'NONE',  ( 0.01600000000000000033, 0.1089999999999999858, -0.001000000000000000888 ) ) ;
#3154 = EDGE_CURVE ( 'NONE', #6440, #4703, #6263, .T. ) ;
#3155 = EDGE_CURVE ( 'NONE', #1890, #3631, #3109, .T. ) ;
#3156 = ORIENTED_EDGE ( 'NONE', *, *, #3655, .T. ) ;
#3157 = CARTESIAN_POINT ( 'NONE',  ( 0.000000000000000000, 0.000000000000000000, -0.02299999999999999961 ) ) ;
#3158 = ORIENTED_EDGE ( 'NONE', *, *, #169, .T. ) ;
#3159 = CYLINDRICAL_SURFACE ( 'NONE', #5917, 0.001000000000000000888 ) ;
#3160 = DIRECTION ( 'NONE',  ( -0.000000000000000000, -0.000000000000000000, 1.000000000000000000 ) ) ;
#3161 = AXIS2_PLACEMENT_3D ( 'NONE', #96, #3365, #3496 ) ;
#3162 = CARTESIAN_POINT ( 'NONE',  ( 0.04200000000000000261, -0.04303742192173399400, -0.05895034905577770101 ) ) ;
#3163 = EDGE_CURVE ( 'NONE', #3128, #4620, #1019, .T. ) ;
#3164 = ORIENTED_EDGE ( 'NONE', *, *, #1532, .F. ) ;
#3165 = CARTESIAN_POINT ( 'NONE',  ( -0.02475000000000000117, 0.1110000000000000014, 0.009000000000000001055 ) ) ;
#3166 = DIRECTION ( 'NONE',  ( -0.000000000000000000, -0.000000000000000000, -1.000000000000000000 ) ) ;
#3167 = VERTEX_POINT ( 'NONE', #3178 ) ;
#3168 = ORIENTED_EDGE ( 'NONE', *, *, #5208, .T. ) ;
#3169 = CARTESIAN_POINT ( 'NONE',  ( 0.01499999999999999944, 0.1099999999999999867, -0.02299999999999999961 ) ) ;
#3170 = FACE_BOUND ( 'NONE', #4302, .T. ) ;
#3171 = DIRECTION ( 'NONE',  ( -0.000000000000000000, 0.000000000000000000, -1.000000000000000000 ) ) ;
#3172 = VERTEX_POINT ( 'NONE', #5281 ) ;
#3173 = DIRECTION ( 'NONE',  ( 0.000000000000000000, -1.000000000000000000, 0.000000000000000000 ) ) ;
#3174 = ORIENTED_EDGE ( 'NONE', *, *, #4119, .T. ) ;
#3175 = CARTESIAN_POINT ( 'NONE',  ( -0.06000000000000000472, 0.003500000000000003109, -0.01000000000000000888 ) ) ;
#3176 = DIRECTION ( 'NONE',  ( 1.000000000000000000, 0.000000000000000000, 0.000000000000000000 ) ) ;
#3177 = CIRCLE ( 'NONE', #6759, 0.001000000000000000021 ) ;
#3178 = CARTESIAN_POINT ( 'NONE',  ( 0.06000000000000000472, -0.01242252077633198074, -0.009065587432989727357 ) ) ;
#3179 = ORIENTED_EDGE ( 'NONE', *, *, #1584, .F. ) ;
#3180 = EDGE_CURVE ( 'NONE', #6444, #2700, #494, .T. ) ;
#3181 = ORIENTED_EDGE ( 'NONE', *, *, #3877, .F. ) ;
#3182 = ORIENTED_EDGE ( 'NONE', *, *, #6666, .T. ) ;
#3183 = DIRECTION ( 'NONE',  ( 0.000000000000000000, 0.000000000000000000, -1.000000000000000000 ) ) ;
#3184 = EDGE_CURVE ( 'NONE', #572, #3261, #1508, .T. ) ;
#3185 = EDGE_LOOP ( 'NONE', ( #6779, #5022, #6573, #4750 ) ) ;
#3186 = DIRECTION ( 'NONE',  ( -0.000000000000000000, -0.000000000000000000, -1.000000000000000000 ) ) ;
#3187 = LINE ( 'NONE', #4796, #2506 ) ;
#3188 = ORIENTED_EDGE ( 'NONE', *, *, #4311, .F. ) ;
#3189 = CARTESIAN_POINT ( 'NONE',  ( -0.01600000000000000033, 0.1089999999999999858, 0.000000000000000000 ) ) ;
#3190 = ORIENTED_EDGE ( 'NONE', *, *, #3243, .F. ) ;
#3191 = EDGE_CURVE ( 'NONE', #5715, #3595, #2104, .T. ) ;
#3192 = CARTESIAN_POINT ( 'NONE',  ( 0.05700000000000000899, -0.04303742192173399400, 0.007000000000000000146 ) ) ;
#3193 = DATE_AND_TIME ( #3746, #6523 ) ;
#3194 = DIRECTION ( 'NONE',  ( -1.000000000000000000, 0.000000000000000000, 0.000000000000000000 ) ) ;
#3195 = DIRECTION ( 'NONE',  ( -1.000000000000000000, 0.000000000000000000, 0.000000000000000000 ) ) ;
#3196 = ORIENTED_EDGE ( 'NONE', *, *, #762, .T. ) ;
#3197 = DIRECTION ( 'NONE',  ( 0.000000000000000000, -1.000000000000000000, 0.000000000000000000 ) ) ;
#3198 = DIRECTION ( 'NONE',  ( -0.000000000000000000, -1.000000000000000000, 0.000000000000000000 ) ) ;
#3199 = ORIENTED_EDGE ( 'NONE', *, *, #4510, .F. ) ;
#3200 = VECTOR ( 'NONE', #481, 1.000000000000000000 ) ;
#3201 = ADVANCED_FACE ( 'NONE', ( #5316 ), #5885, .T. ) ;
#3202 = DIRECTION ( 'NONE',  ( 1.000000000000000000, 0.000000000000000000, 0.000000000000000000 ) ) ;
#3203 = ORIENTED_EDGE ( 'NONE', *, *, #1636, .F. ) ;
#3204 = CIRCLE ( 'NONE', #1537, 0.002000000000000000042 ) ;
#3205 = CARTESIAN_POINT ( 'NONE',  ( 0.01049999999999999892, 0.000000000000000000, 0.007000000000000000146 ) ) ;
#3206 = DIRECTION ( 'NONE',  ( 0.000000000000000000, 0.000000000000000000, 1.000000000000000000 ) ) ;
#3207 = LINE ( 'NONE', #632, #4214 ) ;
#3208 = ORIENTED_EDGE ( 'NONE', *, *, #5279, .F. ) ;
#3209 = AXIS2_PLACEMENT_3D ( 'NONE', #334, #61, #5226 ) ;
#3210 = CYLINDRICAL_SURFACE ( 'NONE', #5588, 0.001000000000000000021 ) ;
#3211 = VERTEX_POINT ( 'NONE', #949 ) ;
#3212 = DIRECTION ( 'NONE',  ( 1.000000000000000000, -0.000000000000000000, -0.000000000000000000 ) ) ;
#3213 = CARTESIAN_POINT ( 'NONE',  ( 0.06000000000000000472, -0.01149999999999999634, -0.01000000000000001235 ) ) ;
#3214 = EDGE_LOOP ( 'NONE', ( #6884, #1675 ) ) ;
#3215 = VERTEX_POINT ( 'NONE', #984 ) ;
#3216 = VERTEX_POINT ( 'NONE', #1579 ) ;
#3217 = LINE ( 'NONE', #2108, #3053 ) ;
#3218 = ORIENTED_EDGE ( 'NONE', *, *, #787, .F. ) ;
#3219 = PLANE ( 'NONE',  #3391 ) ;
#3220 = PLANE ( 'NONE',  #5533 ) ;
#3221 = EDGE_CURVE ( 'NONE', #6155, #1086, #1056, .T. ) ;
#3222 = AXIS2_PLACEMENT_3D ( 'NONE', #1114, #1737, #1148 ) ;
#3223 = ORIENTED_EDGE ( 'NONE', *, *, #4857, .T. ) ;
#3224 = DIRECTION ( 'NONE',  ( 1.000000000000000000, 0.000000000000000000, 0.000000000000000000 ) ) ;
#3225 = VERTEX_POINT ( 'NONE', #2661 ) ;
#3226 = VECTOR ( 'NONE', #5997, 1.000000000000000000 ) ;
#3227 = LINE ( 'NONE', #6552, #5520 ) ;
#3228 = EDGE_CURVE ( 'NONE', #4732, #1475, #3731, .T. ) ;
#3229 = DATE_TIME_ROLE ( 'classification_date' ) ;
#3230 = DIRECTION ( 'NONE',  ( 0.000000000000000000, 0.000000000000000000, -1.000000000000000000 ) ) ;
#3231 = ORIENTED_EDGE ( 'NONE', *, *, #4983, .F. ) ;
#3232 = DIRECTION ( 'NONE',  ( 0.000000000000000000, 0.000000000000000000, 1.000000000000000000 ) ) ;
#3233 = CIRCLE ( 'NONE', #2450, 0.002000000000000000042 ) ;
#3234 = ADVANCED_FACE ( 'NONE', ( #459 ), #565, .F. ) ;
#3235 = LINE ( 'NONE', #1599, #3525 ) ;
#3236 = EDGE_LOOP ( 'NONE', ( #4095, #2442, #1946, #6077 ) ) ;
#3237 = DIRECTION ( 'NONE',  ( 1.000000000000000000, 0.000000000000000000, 0.000000000000000000 ) ) ;
#3238 = EDGE_LOOP ( 'NONE', ( #5305, #4073, #3550, #4631, #627, #4185, #4240, #6583, #6750, #2757, #3688, #2021, #4786 ) ) ;
#3239 = DIRECTION ( 'NONE',  ( 0.000000000000000000, 0.000000000000000000, -1.000000000000000000 ) ) ;
#3240 = FACE_OUTER_BOUND ( 'NONE', #1787, .T. ) ;
#3241 = EDGE_CURVE ( 'NONE', #4250, #1891, #900, .T. ) ;
#3242 = DIRECTION ( 'NONE',  ( 1.000000000000000000, 0.000000000000000000, 0.000000000000000000 ) ) ;
#3243 = EDGE_CURVE ( 'NONE', #3752, #2097, #4673, .T. ) ;
#3244 = ORIENTED_EDGE ( 'NONE', *, *, #4161, .T. ) ;
#3245 = VECTOR ( 'NONE', #3627, 1.000000000000000000 ) ;
#3246 = CYLINDRICAL_SURFACE ( 'NONE', #5481, 0.001000000000000000888 ) ;
#3247 = ORIENTED_EDGE ( 'NONE', *, *, #2002, .T. ) ;
#3248 = CARTESIAN_POINT ( 'NONE',  ( -0.01575000000000000358, 0.1089999999999999858, -0.02296824583655185381 ) ) ;
#3249 = CARTESIAN_POINT ( 'NONE',  ( 0.01600000000000000033, 0.1099999999999999867, -0.001000000000000000888 ) ) ;
#3250 = EDGE_CURVE ( 'NONE', #5370, #1512, #2586, .T. ) ;
#3251 = ORIENTED_EDGE ( 'NONE', *, *, #2034, .F. ) ;
#3252 = ORIENTED_EDGE ( 'NONE', *, *, #4007, .T. ) ;
#3253 = VERTEX_POINT ( 'NONE', #4184 ) ;
#3254 = CARTESIAN_POINT ( 'NONE',  ( -0.02000000000000000042, -0.03200000000000001454, 0.000000000000000000 ) ) ;
#3255 = ORIENTED_EDGE ( 'NONE', *, *, #971, .F. ) ;
#3256 = CARTESIAN_POINT ( 'NONE',  ( -0.01399999999999999856, 0.1059999999999999831, -0.02199999999999999872 ) ) ;
#3257 = CARTESIAN_POINT ( 'NONE',  ( 0.04999999999999999584, 0.000000000000000000, 0.007000000000000000146 ) ) ;
#3258 = DIRECTION ( 'NONE',  ( 0.000000000000000000, 0.000000000000000000, -1.000000000000000000 ) ) ;
#3259 = LINE ( 'NONE', #4908, #282 ) ;
#3260 = VECTOR ( 'NONE', #1353, 1.000000000000000000 ) ;
#3261 = VERTEX_POINT ( 'NONE', #6334 ) ;
#3262 = VECTOR ( 'NONE', #5461, 1.000000000000000000 ) ;
#3263 = CARTESIAN_POINT ( 'NONE',  ( 0.01699999999999999428, -0.09799999999999998990, 0.000000000000000000 ) ) ;
#3264 = PERSON_AND_ORGANIZATION ( #202, #6746 ) ;
#3265 = CIRCLE ( 'NONE', #2597, 0.002000000000000000042 ) ;
#3266 = LINE ( 'NONE', #1861, #1763 ) ;
#3267 = EDGE_LOOP ( 'NONE', ( #2445, #5894, #4364, #4357 ) ) ;
#3268 = LINE ( 'NONE', #2752, #3737 ) ;
#3269 = CARTESIAN_POINT ( 'NONE',  ( -0.008930498528544713460, 0.1062714305715212193, -0.02099999999999999784 ) ) ;
#3270 = ORIENTED_EDGE ( 'NONE', *, *, #4110, .T. ) ;
#3271 = EDGE_CURVE ( 'NONE', #5216, #1748, #5475, .T. ) ;
#3272 = CARTESIAN_POINT ( 'NONE',  ( 0.01699999999999999428, -0.09299999999999998546, 0.000000000000000000 ) ) ;
#3273 = ORIENTED_EDGE ( 'NONE', *, *, #1910, .F. ) ;
#3274 = EDGE_CURVE ( 'NONE', #4433, #1514, #2015, .T. ) ;
#3275 = DIRECTION ( 'NONE',  ( -1.000000000000000000, 0.000000000000000000, -0.000000000000000000 ) ) ;
#3276 = CARTESIAN_POINT ( 'NONE',  ( -0.01423745866215611958, 0.1042714305715212314, -0.02296245802238002301 ) ) ;
#3277 = CARTESIAN_POINT ( 'NONE',  ( -0.01600000000000000033, 0.1089999999999999858, 0.001000000000000000021 ) ) ;
#3278 = AXIS2_PLACEMENT_3D ( 'NONE', #2286, #683, #543 ) ;
#3279 = VERTEX_POINT ( 'NONE', #1647 ) ;
#3280 = DIRECTION ( 'NONE',  ( 0.000000000000000000, 0.000000000000000000, 1.000000000000000000 ) ) ;
#3281 = EDGE_CURVE ( 'NONE', #6131, #1753, #2308, .T. ) ;
#3282 = ORIENTED_EDGE ( 'NONE', *, *, #1318, .T. ) ;
#3283 = ADVANCED_FACE ( 'NONE', ( #1127 ), #3353, .F. ) ;
#3284 = DIRECTION ( 'NONE',  ( -0.000000000000000000, -0.000000000000000000, -1.000000000000000000 ) ) ;
#3285 = VECTOR ( 'NONE', #1515, 1.000000000000000000 ) ;
#3286 = CARTESIAN_POINT ( 'NONE',  ( -0.01650000000000000772, 0.1035428611430424528, -0.02400000000000000050 ) ) ;
#3287 = ORIENTED_EDGE ( 'NONE', *, *, #6029, .F. ) ;
#3288 = ORIENTED_EDGE ( 'NONE', *, *, #5297, .F. ) ;
#3289 = FACE_OUTER_BOUND ( 'NONE', #1031, .T. ) ;
#3290 = VERTEX_POINT ( 'NONE', #4324 ) ;
#3291 = VECTOR ( 'NONE', #1679, 1.000000000000000000 ) ;
#3292 = CYLINDRICAL_SURFACE ( 'NONE', #5525, 0.002000000000000000042 ) ;
#3293 = DIRECTION ( 'NONE',  ( 0.000000000000000000, 1.000000000000000000, -0.000000000000000000 ) ) ;
#3294 = AXIS2_PLACEMENT_3D ( 'NONE', #741, #6658, #4406 ) ;
#3295 = VECTOR ( 'NONE', #218, 1.000000000000000000 ) ;
#3296 = CARTESIAN_POINT ( 'NONE',  ( 0.04200000000000000261, -0.04303742192173399400, -0.06695034905577768036 ) ) ;
#3297 = ADVANCED_FACE ( 'NONE', ( #1685 ), #4963, .T. ) ;
#3298 = VERTEX_POINT ( 'NONE', #5955 ) ;
#3299 = VECTOR ( 'NONE', #2708, 1.000000000000000000 ) ;
#3300 = LINE ( 'NONE', #2191, #4605 ) ;
#3301 = DATE_AND_TIME ( #2192, #6193 ) ;
#3302 = FACE_OUTER_BOUND ( 'NONE', #5469, .T. ) ;
#3303 = VERTEX_POINT ( 'NONE', #2801 ) ;
#3304 = CARTESIAN_POINT ( 'NONE',  ( -0.007499999999999997988, 0.1149999999999999911, -0.009999999999999996739 ) ) ;
#3305 = VECTOR ( 'NONE', #5767, 1.000000000000000000 ) ;
#3306 = EDGE_LOOP ( 'NONE', ( #4781, #2464, #5888, #6405 ) ) ;
#3307 = CARTESIAN_POINT ( 'NONE',  ( -0.02575000000000000205, 0.1020000000000000073, 0.000000000000000000 ) ) ;
#3308 = ORIENTED_EDGE ( 'NONE', *, *, #6226, .T. ) ;
#3309 = CARTESIAN_POINT ( 'NONE',  ( 0.02000000000000000042, -0.03200000000000001454, 0.007000000000000000146 ) ) ;
#3310 = CARTESIAN_POINT ( 'NONE',  ( 0.007499999999999999722, -0.09499999999999998723, -0.02000000000000000389 ) ) ;
#3311 = LINE ( 'NONE', #3863, #1812 ) ;
#3312 = CARTESIAN_POINT ( 'NONE',  ( -0.01050000000000000239, 0.09024999999999998301, 0.007000000000000000146 ) ) ;
#3313 = ORIENTED_EDGE ( 'NONE', *, *, #2457, .T. ) ;
#3314 = EDGE_CURVE ( 'NONE', #150, #4775, #4927, .T. ) ;
#3315 = PLANE ( 'NONE',  #5929 ) ;
#3316 = ORIENTED_EDGE ( 'NONE', *, *, #4669, .T. ) ;
#3317 = LINE ( 'NONE', #6059, #3262 ) ;
#3318 = DIRECTION ( 'NONE',  ( -0.000000000000000000, 1.000000000000000000, 0.000000000000000000 ) ) ;
#3319 = VECTOR ( 'NONE', #137, 1.000000000000000000 ) ;
#3320 = ORIENTED_EDGE ( 'NONE', *, *, #5329, .T. ) ;
#3321 = ORIENTED_EDGE ( 'NONE', *, *, #2457, .F. ) ;
#3322 = ADVANCED_FACE ( 'NONE', ( #704 ), #2733, .T. ) ;
#3323 = VECTOR ( 'NONE', #6240, 1.000000000000000000 ) ;
#3324 = LINE ( 'NONE', #1754, #1556 ) ;
#3325 = ORIENTED_EDGE ( 'NONE', *, *, #5297, .T. ) ;
#3326 = CARTESIAN_POINT ( 'NONE',  ( -0.02575000000000000205, 0.1110000000000000014, 0.009000000000000001055 ) ) ;
#3327 = LINE ( 'NONE', #680, #5472 ) ;
#3328 = LINE ( 'NONE', #1828, #395 ) ;
#3329 = ADVANCED_FACE ( 'NONE', ( #5429, #6545 ), #733, .T. ) ;
#3330 = EDGE_CURVE ( 'NONE', #4516, #5350, #4864, .T. ) ;
#3331 = EDGE_CURVE ( 'NONE', #5171, #482, #2140, .T. ) ;
#3332 = LINE ( 'NONE', #6454, #6519 ) ;
#3333 = CIRCLE ( 'NONE', #5466, 0.001000000000000000888 ) ;
#3334 = AXIS2_PLACEMENT_3D ( 'NONE', #5486, #4920, #722 ) ;
#3335 = DIRECTION ( 'NONE',  ( 0.000000000000000000, -0.000000000000000000, -1.000000000000000000 ) ) ;
#3336 = EDGE_LOOP ( 'NONE', ( #2546, #5182, #3082, #3032 ) ) ;
#3337 = CARTESIAN_POINT ( 'NONE',  ( 0.01399999999999999856, 0.1059999999999999831, -0.001000000000000000888 ) ) ;
#3338 = CARTESIAN_POINT ( 'NONE',  ( -0.008309900245939860763, 0.1149999999999999911, -0.02070664331622527193 ) ) ;
#3339 = ORIENTED_EDGE ( 'NONE', *, *, #1826, .T. ) ;
#3340 = AXIS2_PLACEMENT_3D ( 'NONE', #4970, #5868, #1073 ) ;
#3341 = DIRECTION ( 'NONE',  ( 0.000000000000000000, -1.000000000000000000, 0.000000000000000000 ) ) ;
#3342 = VERTEX_POINT ( 'NONE', #2245 ) ;
#3343 = CARTESIAN_POINT ( 'NONE',  ( -0.01650000000000000772, 0.1089999999999999858, -0.02599999999999999881 ) ) ;
#3344 = AXIS2_PLACEMENT_3D ( 'NONE', #4958, #3836, #3869 ) ;
#3345 = DIRECTION ( 'NONE',  ( 0.000000000000000000, 1.000000000000000000, 0.000000000000000000 ) ) ;
#3346 = DIRECTION ( 'NONE',  ( 1.000000000000000000, 0.000000000000000000, 0.000000000000000000 ) ) ;
#3347 = DIRECTION ( 'NONE',  ( -0.000000000000000000, 0.000000000000000000, 1.000000000000000000 ) ) ;
#3348 = ORIENTED_EDGE ( 'NONE', *, *, #3005, .F. ) ;
#3349 = CARTESIAN_POINT ( 'NONE',  ( 0.01663900294291058984, 0.1045428611430424537, -0.02299999999999999961 ) ) ;
#3350 = VECTOR ( 'NONE', #3166, 1.000000000000000000 ) ;
#3351 = ORIENTED_EDGE ( 'NONE', *, *, #2383, .T. ) ;
#3352 = DIRECTION ( 'NONE',  ( 0.000000000000000000, 0.000000000000000000, 1.000000000000000000 ) ) ;
#3353 = CYLINDRICAL_SURFACE ( 'NONE', #5937, 0.001000000000000000021 ) ;
#3354 = VECTOR ( 'NONE', #1089, 1.000000000000000000 ) ;
#3355 = ORIENTED_EDGE ( 'NONE', *, *, #5342, .F. ) ;
#3356 = ORIENTED_EDGE ( 'NONE', *, *, #3570, .F. ) ;
#3357 = EDGE_CURVE ( 'NONE', #4703, #1791, #6575, .T. ) ;
#3358 = DIRECTION ( 'NONE',  ( -0.000000000000000000, 0.000000000000000000, 1.000000000000000000 ) ) ;
#3359 = VECTOR ( 'NONE', #6711, 1.000000000000000000 ) ;
#3360 = ORIENTED_EDGE ( 'NONE', *, *, #3964, .F. ) ;
#3361 = LINE ( 'NONE', #5505, #66 ) ;
#3362 = ADVANCED_FACE ( 'NONE', ( #5994 ), #1263, .T. ) ;
#3363 = DIRECTION ( 'NONE',  ( -0.000000000000000000, 1.000000000000000000, -0.000000000000000000 ) ) ;
#3364 = DIRECTION ( 'NONE',  ( 0.000000000000000000, 0.000000000000000000, -1.000000000000000000 ) ) ;
#3365 = DIRECTION ( 'NONE',  ( -0.000000000000000000, 0.000000000000000000, 1.000000000000000000 ) ) ;
#3366 = LINE ( 'NONE', #849, #307 ) ;
#3367 = EDGE_CURVE ( 'NONE', #1932, #1801, #3872, .T. ) ;
#3368 = EDGE_CURVE ( 'NONE', #4871, #926, #1785, .T. ) ;
#3369 = VERTEX_POINT ( 'NONE', #2861 ) ;
#3370 = CARTESIAN_POINT ( 'NONE',  ( -0.02999999999999999542, 0.01804832204050209679, 0.007000000000000000146 ) ) ;
#3371 = DIRECTION ( 'NONE',  ( 0.000000000000000000, 0.000000000000000000, 1.000000000000000000 ) ) ;
#3372 = VECTOR ( 'NONE', #6127, 1.000000000000000000 ) ;
#3373 = EDGE_LOOP ( 'NONE', ( #5918, #1064 ) ) ;
#3374 = CIRCLE ( 'NONE', #3148, 0.001299999999999999073 ) ;
#3375 = LINE ( 'NONE', #2164, #880 ) ;
#3376 = ORIENTED_EDGE ( 'NONE', *, *, #1189, .F. ) ;
#3377 = DIRECTION ( 'NONE',  ( -0.000000000000000000, 0.000000000000000000, 1.000000000000000000 ) ) ;
#3378 = LINE ( 'NONE', #5454, #124 ) ;
#3379 = CARTESIAN_POINT ( 'NONE',  ( 0.007499999999999999722, -0.1049999999999999961, -0.01000000000000000194 ) ) ;
#3380 = CARTESIAN_POINT ( 'NONE',  ( 0.009999999999999998473, 0.1049999999999999822, -0.01499999999999999598 ) ) ;
#3381 = ORIENTED_EDGE ( 'NONE', *, *, #3841, .T. ) ;
#3382 = EDGE_CURVE ( 'NONE', #819, #4250, #5943, .T. ) ;
#3383 = LINE ( 'NONE', #1260, #4567 ) ;
#3384 = CARTESIAN_POINT ( 'NONE',  ( 0.001069501471455287832, 0.1062714305715212193, -0.02099999999999999784 ) ) ;
#3385 = VECTOR ( 'NONE', #4153, 1.000000000000000000 ) ;
#3386 = CARTESIAN_POINT ( 'NONE',  ( -0.003500000000000065559, 0.04549999999999999878, 0.007000000000000000146 ) ) ;
#3387 = DIRECTION ( 'NONE',  ( 0.000000000000000000, 1.000000000000000000, 0.000000000000000000 ) ) ;
#3388 = ORIENTED_EDGE ( 'NONE', *, *, #2820, .F. ) ;
#3389 = VERTEX_POINT ( 'NONE', #5920 ) ;
#3390 = DIRECTION ( 'NONE',  ( 1.000000000000000000, 0.000000000000000000, 0.000000000000000000 ) ) ;
#3391 = AXIS2_PLACEMENT_3D ( 'NONE', #13, #5963, #5365 ) ;
#3392 = ORIENTED_EDGE ( 'NONE', *, *, #3475, .T. ) ;
#3393 = DIRECTION ( 'NONE',  ( 1.000000000000000000, 0.000000000000000000, 0.000000000000000000 ) ) ;
#3394 = DIRECTION ( 'NONE',  ( -0.000000000000000000, 1.000000000000000000, -0.000000000000000000 ) ) ;
#3395 = CARTESIAN_POINT ( 'NONE',  ( 0.01663900294291058637, 0.1048538458423359937, -0.02400000000000000050 ) ) ;
#3396 = EDGE_CURVE ( 'NONE', #575, #1613, #6828, .T. ) ;
#3397 = AXIS2_PLACEMENT_3D ( 'NONE', #2932, #4936, #2315 ) ;
#3398 = CARTESIAN_POINT ( 'NONE',  ( 0.01600000000000000033, 0.1089999999999999858, -0.02199999999999999872 ) ) ;
#3399 = LINE ( 'NONE', #1244, #2983 ) ;
#3400 = VERTEX_POINT ( 'NONE', #4528 ) ;
#3401 = VECTOR ( 'NONE', #3425, 1.000000000000000000 ) ;
#3402 = DIRECTION ( 'NONE',  ( 1.000000000000000000, 0.000000000000000000, 0.000000000000000000 ) ) ;
#3403 = EDGE_LOOP ( 'NONE', ( #2619, #6367, #2068, #1093 ) ) ;
#3404 = ADVANCED_FACE ( 'NONE', ( #868 ), #4563, .F. ) ;
#3405 = FACE_BOUND ( 'NONE', #1337, .T. ) ;
#3406 = DIRECTION ( 'NONE',  ( 1.000000000000000000, 0.000000000000000000, 0.000000000000000000 ) ) ;
#3407 = DIRECTION ( 'NONE',  ( -0.000000000000000000, -0.000000000000000000, -1.000000000000000000 ) ) ;
#3408 = FACE_OUTER_BOUND ( 'NONE', #5431, .T. ) ;
#3409 = DIRECTION ( 'NONE',  ( -1.000000000000000000, 0.000000000000000000, -0.000000000000000000 ) ) ;
#3410 = ORIENTED_EDGE ( 'NONE', *, *, #2543, .T. ) ;
#3411 = EDGE_CURVE ( 'NONE', #2634, #2626, #2958, .T. ) ;
#3412 = DIRECTION ( 'NONE',  ( -0.000000000000000000, 1.000000000000000000, 0.000000000000000000 ) ) ;
#3413 = DIRECTION ( 'NONE',  ( 0.000000000000000000, 1.000000000000000000, 0.000000000000000000 ) ) ;
#3414 = DIRECTION ( 'NONE',  ( 0.000000000000000000, 1.000000000000000000, -0.000000000000000000 ) ) ;
#3415 = CARTESIAN_POINT ( 'NONE',  ( 0.01299999999999999246, 0.000000000000000000, -0.02299999999999999961 ) ) ;
#3416 = CARTESIAN_POINT ( 'NONE',  ( 0.009069501471455288649, 0.1062714305715211499, -0.02099999999999999784 ) ) ;
#3417 = EDGE_LOOP ( 'NONE', ( #1132, #1020, #1015, #303 ) ) ;
#3418 = ORIENTED_EDGE ( 'NONE', *, *, #199, .F. ) ;
#3419 = CARTESIAN_POINT ( 'NONE',  ( -0.01536994392277366700, 0.1035428611430424528, -0.02400000000000000050 ) ) ;
#3420 = EDGE_LOOP ( 'NONE', ( #3527, #5031, #5910, #6291 ) ) ;
#3421 = DIRECTION ( 'NONE',  ( -0.000000000000000000, 0.000000000000000000, 1.000000000000000000 ) ) ;
#3422 = VECTOR ( 'NONE', #33, 1.000000000000000000 ) ;
#3423 = LINE ( 'NONE', #5145, #5362 ) ;
#3424 = AXIS2_PLACEMENT_3D ( 'NONE', #695, #6566, #3895 ) ;
#3425 = DIRECTION ( 'NONE',  ( 1.000000000000000000, -1.541976423090494401E-16, -0.000000000000000000 ) ) ;
#3426 = VECTOR ( 'NONE', #1909, 1.000000000000000000 ) ;
#3427 = CYLINDRICAL_SURFACE ( 'NONE', #3489, 0.001000000000000000021 ) ;
#3428 = CYLINDRICAL_SURFACE ( 'NONE', #95, 0.001000000000000000888 ) ;
#3429 = ORIENTED_EDGE ( 'NONE', *, *, #3097, .T. ) ;
#3430 = PLANE ( 'NONE',  #513 ) ;
#3431 = CARTESIAN_POINT ( 'NONE',  ( 0.01581950147145529464, 0.1059999999999999831, -0.02298357525446362987 ) ) ;
#3432 = ORIENTED_EDGE ( 'NONE', *, *, #3228, .F. ) ;
#3433 = EDGE_CURVE ( 'NONE', #4399, #4004, #1295, .T. ) ;
#3434 = CARTESIAN_POINT ( 'NONE',  ( -0.03099999999999999631, 0.01804832204050209679, -0.003000000000000000062 ) ) ;
#3435 = CARTESIAN_POINT ( 'NONE',  ( 0.000000000000000000, 0.1042714305715212175, -0.02296245802238001607 ) ) ;
#3436 = EDGE_CURVE ( 'NONE', #1906, #926, #6386, .T. ) ;
#3437 = CARTESIAN_POINT ( 'NONE',  ( 0.02475000000000000117, 0.1110000000000000014, 0.009000000000000001055 ) ) ;
#3438 = CARTESIAN_POINT ( 'NONE',  ( -0.03300000000000000849, 0.1199999999999999956, 0.000000000000000000 ) ) ;
#3439 = AXIS2_PLACEMENT_3D ( 'NONE', #750, #2882, #5015 ) ;
#3440 = DIRECTION ( 'NONE',  ( -0.000000000000000000, -0.000000000000000000, -1.000000000000000000 ) ) ;
#3441 = VERTEX_POINT ( 'NONE', #6747 ) ;
#3442 = CARTESIAN_POINT ( 'NONE',  ( 0.03300000000000000849, 0.09200000000000001232, 0.007000000000000000146 ) ) ;
#3443 = VECTOR ( 'NONE', #2120, 1.000000000000000000 ) ;
#3444 = DIRECTION ( 'NONE',  ( -0.000000000000000000, 0.000000000000000000, -1.000000000000000000 ) ) ;
#3445 = CARTESIAN_POINT ( 'NONE',  ( -0.008430338243672425014, -0.09999999999999999167, -0.009294206067218903355 ) ) ;
#3446 = ADVANCED_FACE ( 'NONE', ( #6678 ), #5632, .F. ) ;
#3447 = CARTESIAN_POINT ( 'NONE',  ( -0.04200000000000000261, 0.04796257807826606601, -0.06095034905577773054 ) ) ;
#3448 = PLANE ( 'NONE',  #195 ) ;
#3449 = ORIENTED_EDGE ( 'NONE', *, *, #6385, .F. ) ;
#3450 = ORIENTED_EDGE ( 'NONE', *, *, #5654, .T. ) ;
#3451 = AXIS2_PLACEMENT_3D ( 'NONE', #3544, #6774, #5594 ) ;
#3452 = AXIS2_PLACEMENT_3D ( 'NONE', #329, #4582, #1519 ) ;
#3453 = CARTESIAN_POINT ( 'NONE',  ( 0.01650000000000000772, 0.1099999999999999867, 0.006999999999999995809 ) ) ;
#3454 = ORIENTED_EDGE ( 'NONE', *, *, #2428, .T. ) ;
#3455 = DIRECTION ( 'NONE',  ( -0.000000000000000000, 0.000000000000000000, 1.000000000000000000 ) ) ;
#3456 = CARTESIAN_POINT ( 'NONE',  ( 0.01049999999999999892, 0.000000000000000000, 0.000000000000000000 ) ) ;
#3457 = EDGE_CURVE ( 'NONE', #4181, #1656, #2466, .T. ) ;
#3458 = CARTESIAN_POINT ( 'NONE',  ( 0.06000000000000000472, 0.004296149561436859651, -0.009065587432989727357 ) ) ;
#3459 = ORIENTED_EDGE ( 'NONE', *, *, #1049, .T. ) ;
#3460 = CARTESIAN_POINT ( 'NONE',  ( 0.006499999999999929445, 0.04549999999999997102, 0.007000000000000000146 ) ) ;
#3461 = CARTESIAN_POINT ( 'NONE',  ( 0.000000000000000000, -0.09799999999999998990, 0.000000000000000000 ) ) ;
#3462 = DIRECTION ( 'NONE',  ( 0.000000000000000000, 0.000000000000000000, -1.000000000000000000 ) ) ;
#3463 = EDGE_LOOP ( 'NONE', ( #120, #2011, #1635, #6313 ) ) ;
#3464 = DIRECTION ( 'NONE',  ( 1.000000000000000000, 0.000000000000000000, 0.000000000000000000 ) ) ;
#3465 = DIRECTION ( 'NONE',  ( 0.000000000000000000, 0.000000000000000000, -1.000000000000000000 ) ) ;
#3466 = ORIENTED_EDGE ( 'NONE', *, *, #4355, .F. ) ;
#3467 = CARTESIAN_POINT ( 'NONE',  ( -0.02999999999999999542, -0.02299999999999997186, 0.000000000000000000 ) ) ;
#3468 = CARTESIAN_POINT ( 'NONE',  ( 0.007500000000000000590, 0.1149999999999999911, -0.02000000000000000042 ) ) ;
#3469 = EDGE_LOOP ( 'NONE', ( #6912, #6866, #1298, #4246 ) ) ;
#3470 = EDGE_CURVE ( 'NONE', #4215, #1811, #210, .T. ) ;
#3471 = PLANE ( 'NONE',  #917 ) ;
#3472 = LINE ( 'NONE', #1319, #962 ) ;
#3473 = EDGE_LOOP ( 'NONE', ( #3835, #6475, #745, #2998, #5857, #6043, #3223, #2243, #498, #2324, #6576, #4477, #1026, #2684, #1500, #3683, #839, #698, #1483, #429, #985, #6164, #115, #175, #5045, #6028, #1501, #4887 ) ) ;
#3474 = AXIS2_PLACEMENT_3D ( 'NONE', #4854, #1640, #3206 ) ;
#3475 = EDGE_CURVE ( 'NONE', #5288, #1546, #1919, .T. ) ;
#3476 = AXIS2_PLACEMENT_3D ( 'NONE', #525, #1160, #5392 ) ;
#3477 = DIRECTION ( 'NONE',  ( -0.9682458365518555876, 1.679638783183304844E-15, -0.2499999999999951428 ) ) ;
#3478 = LINE ( 'NONE', #4100, #6673 ) ;
#3479 = AXIS2_PLACEMENT_3D ( 'NONE', #2227, #4915, #5973 ) ;
#3480 = CARTESIAN_POINT ( 'NONE',  ( 0.06000000000000000472, 0.004296149561436859651, -0.02101765814254362430 ) ) ;
#3481 = LINE ( 'NONE', #310, #4425 ) ;
#3482 = ORIENTED_EDGE ( 'NONE', *, *, #6833, .T. ) ;
#3483 = VERTEX_POINT ( 'NONE', #4034 ) ;
#3484 = EDGE_CURVE ( 'NONE', #6925, #2799, #1888, .T. ) ;
#3485 = EDGE_CURVE ( 'NONE', #2101, #6020, #5665, .T. ) ;
#3486 = DIRECTION ( 'NONE',  ( -0.000000000000000000, -0.000000000000000000, -1.000000000000000000 ) ) ;
#3487 = ORIENTED_EDGE ( 'NONE', *, *, #3883, .T. ) ;
#3488 = CARTESIAN_POINT ( 'NONE',  ( -0.05000000000000000278, -0.04298864926096757771, -0.06695034905577768036 ) ) ;
#3489 = AXIS2_PLACEMENT_3D ( 'NONE', #1243, #5577, #1304 ) ;
#3490 = CYLINDRICAL_SURFACE ( 'NONE', #4652, 0.001299999999999999073 ) ;
#3491 = DIRECTION ( 'NONE',  ( 0.000000000000000000, 0.000000000000000000, 1.000000000000000000 ) ) ;
#3492 = ORIENTED_EDGE ( 'NONE', *, *, #939, .T. ) ;
#3493 = DIRECTION ( 'NONE',  ( 1.000000000000000000, 0.000000000000000000, -0.000000000000000000 ) ) ;
#3494 = APPROVAL_PERSON_ORGANIZATION ( #3264, #1924, #2676 ) ;
#3495 = VERTEX_POINT ( 'NONE', #6194 ) ;
#3496 = DIRECTION ( 'NONE',  ( 1.000000000000000000, 0.000000000000000000, 0.000000000000000000 ) ) ;
#3497 = CARTESIAN_POINT ( 'NONE',  ( -0.01555463889296232471, 0.1048492206277656796, -0.02299999999999999961 ) ) ;
#3498 = EDGE_CURVE ( 'NONE', #3520, #2036, #6160, .T. ) ;
#3499 = ORIENTED_EDGE ( 'NONE', *, *, #1461, .T. ) ;
#3500 = DIRECTION ( 'NONE',  ( -0.000000000000000000, -0.000000000000000000, -1.000000000000000000 ) ) ;
#3501 = CARTESIAN_POINT ( 'NONE',  ( 0.02575000000000000205, 0.1110000000000000014, 0.000000000000000000 ) ) ;
#3502 = ORIENTED_EDGE ( 'NONE', *, *, #3996, .T. ) ;
#3503 = DIRECTION ( 'NONE',  ( -0.000000000000000000, 0.000000000000000000, 1.000000000000000000 ) ) ;
#3504 = CARTESIAN_POINT ( 'NONE',  ( 0.05699999999999999512, 0.04796257807826604519, 0.007000000000000000146 ) ) ;
#3505 = VECTOR ( 'NONE', #4876, 1.000000000000000000 ) ;
#3506 = VECTOR ( 'NONE', #2184, 1.000000000000000000 ) ;
#3507 = VERTEX_POINT ( 'NONE', #2996 ) ;
#3508 = DIRECTION ( 'NONE',  ( 1.000000000000000000, 0.000000000000000000, 0.000000000000000000 ) ) ;
#3509 = DIRECTION ( 'NONE',  ( 1.000000000000000000, 0.000000000000000000, 0.000000000000000000 ) ) ;
#3510 = VERTEX_POINT ( 'NONE', #4461 ) ;
#3511 = AXIS2_PLACEMENT_3D ( 'NONE', #259, #6111, #192 ) ;
#3512 = CARTESIAN_POINT ( 'NONE',  ( 0.01299999999999999246, -0.09999999999999999167, -0.02500000000000000139 ) ) ;
#3513 = CARTESIAN_POINT ( 'NONE',  ( 0.06000000000000000472, -0.01399999999999999856, -0.01630000000000001240 ) ) ;
#3514 = DIRECTION ( 'NONE',  ( 1.000000000000000000, 0.000000000000000000, 0.000000000000000000 ) ) ;
#3515 = ADVANCED_FACE ( 'NONE', ( #5133 ), #2475, .T. ) ;
#3516 = CARTESIAN_POINT ( 'NONE',  ( 0.000000000000000000, 0.000000000000000000, -0.01200000000000000025 ) ) ;
#3517 = EDGE_LOOP ( 'NONE', ( #5159, #6132, #2511, #1730 ) ) ;
#3518 = VERTEX_POINT ( 'NONE', #3968 ) ;
#3519 = LINE ( 'NONE', #5671, #1446 ) ;
#3520 = VERTEX_POINT ( 'NONE', #5563 ) ;
#3521 = DIRECTION ( 'NONE',  ( 0.000000000000000000, -1.000000000000000000, 0.000000000000000000 ) ) ;
#3522 = CARTESIAN_POINT ( 'NONE',  ( -0.06000000000000000472, 0.004296149561436859651, -0.009065587432989727357 ) ) ;
#3523 = DIRECTION ( 'NONE',  ( 0.000000000000000000, 0.000000000000000000, -1.000000000000000000 ) ) ;
#3524 = EDGE_CURVE ( 'NONE', #2789, #6383, #5716, .T. ) ;
#3525 = VECTOR ( 'NONE', #6462, 1.000000000000000000 ) ;
#3526 = VECTOR ( 'NONE', #411, 1.000000000000000000 ) ;
#3527 = ORIENTED_EDGE ( 'NONE', *, *, #3331, .T. ) ;
#3528 = FACE_OUTER_BOUND ( 'NONE', #3543, .T. ) ;
#3529 = CARTESIAN_POINT ( 'NONE',  ( 0.05700000000000000205, 0.004296149561436858784, -0.009065587432989727357 ) ) ;
#3530 = EDGE_CURVE ( 'NONE', #2654, #3342, #4493, .T. ) ;
#3531 = EDGE_CURVE ( 'NONE', #5350, #5604, #1325, .T. ) ;
#3532 = VERTEX_POINT ( 'NONE', #2925 ) ;
#3533 = CARTESIAN_POINT ( 'NONE',  ( -0.04200000000000000261, 0.04796257807826605213, -0.06495034905577770634 ) ) ;
#3534 = DIRECTION ( 'NONE',  ( 1.000000000000000000, 0.000000000000000000, 0.000000000000000000 ) ) ;
#3535 = AXIS2_PLACEMENT_3D ( 'NONE', #4586, #2467, #4655 ) ;
#3536 = EDGE_LOOP ( 'NONE', ( #3734, #2412, #1806, #116 ) ) ;
#3537 = CIRCLE ( 'NONE', #3095, 0.001000000000000000888 ) ;
#3538 = CARTESIAN_POINT ( 'NONE',  ( 0.02999999999999999542, 0.01804832204050208291, 0.007000000000000000146 ) ) ;
#3539 = LINE ( 'NONE', #6806, #6788 ) ;
#3540 = ORIENTED_EDGE ( 'NONE', *, *, #2213, .T. ) ;
#3541 = DIRECTION ( 'NONE',  ( -0.000000000000000000, -0.000000000000000000, -1.000000000000000000 ) ) ;
#3542 = CARTESIAN_POINT ( 'NONE',  ( 0.05000000000000000278, -0.01399999999999999856, -0.01500000000000001332 ) ) ;
#3543 = EDGE_LOOP ( 'NONE', ( #1615, #5036, #987, #5083 ) ) ;
#3544 = CARTESIAN_POINT ( 'NONE',  ( -0.02999999999999999542, 0.01804832204050209679, -0.003000000000000000062 ) ) ;
#3545 = DIRECTION ( 'NONE',  ( 0.000000000000000000, 0.000000000000000000, -1.000000000000000000 ) ) ;
#3546 = VECTOR ( 'NONE', #2691, 1.000000000000000000 ) ;
#3547 = DIRECTION ( 'NONE',  ( 0.000000000000000000, 0.000000000000000000, 1.000000000000000000 ) ) ;
#3548 = PLANE ( 'NONE',  #6097 ) ;
#3549 = ORIENTED_EDGE ( 'NONE', *, *, #5324, .F. ) ;
#3550 = ORIENTED_EDGE ( 'NONE', *, *, #4071, .T. ) ;
#3551 = VECTOR ( 'NONE', #707, 1.000000000000000000 ) ;
#3552 = FACE_OUTER_BOUND ( 'NONE', #6854, .T. ) ;
#3553 = EDGE_LOOP ( 'NONE', ( #3078, #6242, #6374, #6801 ) ) ;
#3554 = DIRECTION ( 'NONE',  ( -0.000000000000000000, -0.000000000000000000, -1.000000000000000000 ) ) ;
#3555 = LINE ( 'NONE', #4147, #1462 ) ;
#3556 = LINE ( 'NONE', #5608, #6478 ) ;
#3557 = VECTOR ( 'NONE', #1322, 1.000000000000000000 ) ;
#3558 = ORIENTED_EDGE ( 'NONE', *, *, #4868, .F. ) ;
#3559 = EDGE_CURVE ( 'NONE', #2686, #4142, #5061, .T. ) ;
#3560 = ORIENTED_EDGE ( 'NONE', *, *, #2655, .T. ) ;
#3561 = EDGE_CURVE ( 'NONE', #6252, #3596, #533, .T. ) ;
#3562 = VERTEX_POINT ( 'NONE', #3066 ) ;
#3563 = DIRECTION ( 'NONE',  ( 1.000000000000000000, 0.000000000000000000, 0.000000000000000000 ) ) ;
#3564 = CARTESIAN_POINT ( 'NONE',  ( -0.007499999999999999722, -0.09999999999999999167, -0.01000000000000000194 ) ) ;
#3565 = ORIENTED_EDGE ( 'NONE', *, *, #6421, .F. ) ;
#3566 = CARTESIAN_POINT ( 'NONE',  ( 0.04200000000000000261, 0.04796257807826604519, -0.05895034905577770101 ) ) ;
#3567 = CARTESIAN_POINT ( 'NONE',  ( 0.04999999999999999584, -0.04303742192173399400, 0.007000000000000000146 ) ) ;
#3568 = AXIS2_PLACEMENT_3D ( 'NONE', #1927, #4043, #1403 ) ;
#3569 = ORIENTED_EDGE ( 'NONE', *, *, #3433, .T. ) ;
#3570 = EDGE_CURVE ( 'NONE', #6515, #1990, #4777, .T. ) ;
#3571 = EDGE_CURVE ( 'NONE', #2648, #3116, #6288, .T. ) ;
#3572 = CYLINDRICAL_SURFACE ( 'NONE', #437, 0.001000000000000000888 ) ;
#3573 = VECTOR ( 'NONE', #1950, 1.000000000000000000 ) ;
#3574 = CARTESIAN_POINT ( 'NONE',  ( 0.009999999999999998473, 0.1099999999999999867, -0.01499999999999999598 ) ) ;
#3575 = EDGE_LOOP ( 'NONE', ( #4824, #2951, #4653, #425 ) ) ;
#3576 = LINE ( 'NONE', #3644, #6840 ) ;
#3577 = DIRECTION ( 'NONE',  ( -0.000000000000000000, 0.000000000000000000, 1.000000000000000000 ) ) ;
#3578 = ORIENTED_EDGE ( 'NONE', *, *, #4937, .F. ) ;
#3579 = EDGE_CURVE ( 'NONE', #4866, #5821, #1035, .T. ) ;
#3580 = CARTESIAN_POINT ( 'NONE',  ( -0.06000000000000000472, 0.003500000000000003109, -0.01000000000000000888 ) ) ;
#3581 = CARTESIAN_POINT ( 'NONE',  ( 0.05700000000000000205, -0.01242252077633198074, -0.009065587432989727357 ) ) ;
#3582 = CARTESIAN_POINT ( 'NONE',  ( 0.009999999999999998473, 0.1129999999999999755, -0.01629999999999999505 ) ) ;
#3583 = EDGE_CURVE ( 'NONE', #1939, #1411, #2018, .T. ) ;
#3584 = CARTESIAN_POINT ( 'NONE',  ( -0.06000000000000000472, -0.01399999999999999856, -0.01630000000000001240 ) ) ;
#3585 = AXIS2_PLACEMENT_3D ( 'NONE', #139, #2300, #4420 ) ;
#3586 = VERTEX_POINT ( 'NONE', #1465 ) ;
#3587 = EDGE_LOOP ( 'NONE', ( #3025, #2443 ) ) ;
#3588 = VECTOR ( 'NONE', #5562, 1.000000000000000000 ) ;
#3589 = CARTESIAN_POINT ( 'NONE',  ( -0.01572416509856520983, 0.1055502488444422793, -0.02297355928971562405 ) ) ;
#3590 = ORIENTED_EDGE ( 'NONE', *, *, #6875, .T. ) ;
#3591 = AXIS2_PLACEMENT_3D ( 'NONE', #2049, #2122, #6249 ) ;
#3592 = FACE_BOUND ( 'NONE', #1804, .T. ) ;
#3593 = LINE ( 'NONE', #5747, #5599 ) ;
#3594 = CARTESIAN_POINT ( 'NONE',  ( -0.06000000000000000472, -0.01149999999999999634, -0.02000000000000001082 ) ) ;
#3595 = VERTEX_POINT ( 'NONE', #1570 ) ;
#3596 = VERTEX_POINT ( 'NONE', #3686 ) ;
#3597 = ORIENTED_EDGE ( 'NONE', *, *, #4771, .F. ) ;
#3598 = CARTESIAN_POINT ( 'NONE',  ( -0.01399999999999999856, 0.1099999999999999867, -0.001000000000000000888 ) ) ;
#3599 = CARTESIAN_POINT ( 'NONE',  ( 0.05000000000000000278, -0.01149999999999999634, -0.01000000000000001235 ) ) ;
#3600 = ORIENTED_EDGE ( 'NONE', *, *, #560, .F. ) ;
#3601 = DIRECTION ( 'NONE',  ( -1.000000000000000000, -0.000000000000000000, -3.673940397442059868E-16 ) ) ;
#3602 = EDGE_CURVE ( 'NONE', #3009, #5557, #362, .T. ) ;
#3603 = DIRECTION ( 'NONE',  ( 0.000000000000000000, -1.000000000000000000, 0.000000000000000000 ) ) ;
#3604 = ORIENTED_EDGE ( 'NONE', *, *, #3956, .F. ) ;
#3605 = DIRECTION ( 'NONE',  ( -1.000000000000000000, 0.000000000000000000, -0.000000000000000000 ) ) ;
#3606 = VECTOR ( 'NONE', #2591, 1.000000000000000000 ) ;
#3607 = CARTESIAN_POINT ( 'NONE',  ( 0.01499999999999999251, -0.09799999999999998990, -0.02500000000000000139 ) ) ;
#3608 = ORIENTED_EDGE ( 'NONE', *, *, #2094, .F. ) ;
#3609 = CARTESIAN_POINT ( 'NONE',  ( -0.01399999999999999856, 0.1049999999999999822, -0.02199999999999999872 ) ) ;
#3610 = EDGE_CURVE ( 'NONE', #4570, #668, #4138, .T. ) ;
#3611 = CARTESIAN_POINT ( 'NONE',  ( 0.01399999999999999856, 0.1035428611430424528, -0.02392491604476003342 ) ) ;
#3612 = VERTEX_POINT ( 'NONE', #2615 ) ;
#3613 = CIRCLE ( 'NONE', #3946, 0.001299999999999997338 ) ;
#3614 = LINE ( 'NONE', #5804, #335 ) ;
#3615 = VECTOR ( 'NONE', #3911, 1.000000000000000000 ) ;
#3616 = CARTESIAN_POINT ( 'NONE',  ( 0.03300000000000000849, 0.09200000000000001232, 0.000000000000000000 ) ) ;
#3617 = DIRECTION ( 'NONE',  ( 0.000000000000000000, 1.000000000000000000, 0.000000000000000000 ) ) ;
#3618 = EDGE_CURVE ( 'NONE', #2764, #3870, #1594, .T. ) ;
#3619 = DIRECTION ( 'NONE',  ( -0.000000000000000000, 0.000000000000000000, 1.000000000000000000 ) ) ;
#3620 = EDGE_CURVE ( 'NONE', #3595, #6476, #5774, .T. ) ;
#3621 = VECTOR ( 'NONE', #56, 1.000000000000000000 ) ;
#3622 = ORIENTED_EDGE ( 'NONE', *, *, #1928, .T. ) ;
#3623 = DIRECTION ( 'NONE',  ( -1.000000000000000000, 0.000000000000000000, 0.000000000000000000 ) ) ;
#3624 = ORIENTED_EDGE ( 'NONE', *, *, #1994, .F. ) ;
#3625 = DIRECTION ( 'NONE',  ( 0.000000000000000000, 1.000000000000000000, 0.000000000000000000 ) ) ;
#3626 = CARTESIAN_POINT ( 'NONE',  ( -0.005000000000000066024, 0.04549999999999999878, 0.007000000000000000146 ) ) ;
#3627 = DIRECTION ( 'NONE',  ( 1.000000000000000000, 0.000000000000000000, -8.673617379884035472E-16 ) ) ;
#3628 = VECTOR ( 'NONE', #4487, 1.000000000000000000 ) ;
#3629 = ORIENTED_EDGE ( 'NONE', *, *, #5019, .T. ) ;
#3630 = ORIENTED_EDGE ( 'NONE', *, *, #2977, .F. ) ;
#3631 = VERTEX_POINT ( 'NONE', #1045 ) ;
#3632 =( NAMED_UNIT ( * ) PLANE_ANGLE_UNIT ( ) SI_UNIT ( $, .RADIAN. ) );
#3633 = ORIENTED_EDGE ( 'NONE', *, *, #1112, .T. ) ;
#3634 = CARTESIAN_POINT ( 'NONE',  ( -0.01300000000000000461, -0.09499999999999998723, -0.002000000000000001776 ) ) ;
#3635 = DIRECTION ( 'NONE',  ( -1.541976423090494647E-16, -1.000000000000000000, 0.000000000000000000 ) ) ;
#3636 = ORIENTED_EDGE ( 'NONE', *, *, #800, .T. ) ;
#3637 = FACE_OUTER_BOUND ( 'NONE', #4566, .T. ) ;
#3638 = CARTESIAN_POINT ( 'NONE',  ( 0.03300000000000000849, 0.09200000000000001232, 0.007000000000000000146 ) ) ;
#3639 = EDGE_LOOP ( 'NONE', ( #3636, #3907, #4499, #462 ) ) ;
#3640 = DIRECTION ( 'NONE',  ( -1.000000000000000000, 0.000000000000000000, 0.000000000000000000 ) ) ;
#3641 = CARTESIAN_POINT ( 'NONE',  ( 0.01581950147138048643, 0.1057874439495695429, -0.02298357525444990127 ) ) ;
#3642 = VECTOR ( 'NONE', #5877, 1.000000000000000000 ) ;
#3643 = VERTEX_POINT ( 'NONE', #6929 ) ;
#3644 = CARTESIAN_POINT ( 'NONE',  ( 0.01049999999999999892, 0.000000000000000000, 0.007000000000000000146 ) ) ;
#3645 = DIRECTION ( 'NONE',  ( 0.000000000000000000, 0.000000000000000000, -1.000000000000000000 ) ) ;
#3646 = CIRCLE ( 'NONE', #5791, 0.001000000000000000888 ) ;
#3647 = ADVANCED_FACE ( 'NONE', ( #2056, #3170, #3651, #6399 ), #4102, .F. ) ;
#3648 = VERTEX_POINT ( 'NONE', #5271 ) ;
#3649 = EDGE_CURVE ( 'NONE', #5288, #5785, #1984, .T. ) ;
#3650 = LINE ( 'NONE', #6850, #2425 ) ;
#3651 = FACE_BOUND ( 'NONE', #5430, .T. ) ;
#3652 = CARTESIAN_POINT ( 'NONE',  ( 0.05700000000000000205, 0.006000000000000005329, -0.01500000000000000638 ) ) ;
#3653 = VERTEX_POINT ( 'NONE', #4248 ) ;
#3654 = CARTESIAN_POINT ( 'NONE',  ( 0.01426196751513360804, 0.1035428611430424667, -0.02316792777984853433 ) ) ;
#3655 = EDGE_CURVE ( 'NONE', #6716, #2260, #3374, .T. ) ;
#3656 = ORIENTED_EDGE ( 'NONE', *, *, #6917, .F. ) ;
#3657 = EDGE_CURVE ( 'NONE', #1441, #3520, #5738, .T. ) ;
#3658 = DIRECTION ( 'NONE',  ( 0.000000000000000000, 0.000000000000000000, -1.000000000000000000 ) ) ;
#3659 = CYLINDRICAL_SURFACE ( 'NONE', #2249, 0.001500000000000000465 ) ;
#3660 = DIRECTION ( 'NONE',  ( -1.000000000000000000, 0.000000000000000000, 0.000000000000000000 ) ) ;
#3661 = VERTEX_POINT ( 'NONE', #5235 ) ;
#3662 = EDGE_LOOP ( 'NONE', ( #3252, #1038, #4978, #2491 ) ) ;
#3663 = ORIENTED_EDGE ( 'NONE', *, *, #1161, .T. ) ;
#3664 = AXIS2_PLACEMENT_3D ( 'NONE', #2081, #474, #2496 ) ;
#3665 = LINE ( 'NONE', #5320, #2281 ) ;
#3666 = ORIENTED_EDGE ( 'NONE', *, *, #3154, .T. ) ;
#3667 = EDGE_CURVE ( 'NONE', #5328, #6050, #4663, .T. ) ;
#3668 = FACE_OUTER_BOUND ( 'NONE', #1752, .T. ) ;
#3669 = LINE ( 'NONE', #1934, #1538 ) ;
#3670 = VECTOR ( 'NONE', #3486, 1.000000000000000000 ) ;
#3671 = DIRECTION ( 'NONE',  ( -1.000000000000000000, 0.000000000000000000, -0.000000000000000000 ) ) ;
#3672 = FACE_OUTER_BOUND ( 'NONE', #54, .T. ) ;
#3673 = ORIENTED_EDGE ( 'NONE', *, *, #6068, .F. ) ;
#3674 = AXIS2_PLACEMENT_3D ( 'NONE', #6818, #3726, #5777 ) ;
#3675 = FACE_OUTER_BOUND ( 'NONE', #5847, .T. ) ;
#3676 = LINE ( 'NONE', #5867, #864 ) ;
#3677 = ORIENTED_EDGE ( 'NONE', *, *, #171, .T. ) ;
#3678 = LINE ( 'NONE', #2642, #6285 ) ;
#3679 = CARTESIAN_POINT ( 'NONE',  ( -0.06000000000000000472, -0.01242252077633198074, -0.009065587432989727357 ) ) ;
#3680 = EDGE_LOOP ( 'NONE', ( #790, #4272, #5752, #4313 ) ) ;
#3681 = AXIS2_PLACEMENT_3D ( 'NONE', #6859, #1992, #4183 ) ;
#3682 = DIRECTION ( 'NONE',  ( 0.000000000000000000, 0.000000000000000000, -1.000000000000000000 ) ) ;
#3683 = ORIENTED_EDGE ( 'NONE', *, *, #3602, .F. ) ;
#3684 = PLANE ( 'NONE',  #194 ) ;
#3685 = EDGE_CURVE ( 'NONE', #809, #5359, #5168, .T. ) ;
#3686 = CARTESIAN_POINT ( 'NONE',  ( -0.03099999999999999631, -0.02299999999999997186, 0.007000000000000000146 ) ) ;
#3687 = CYLINDRICAL_SURFACE ( 'NONE', #2994, 0.0009999999999999991535 ) ;
#3688 = ORIENTED_EDGE ( 'NONE', *, *, #4549, .T. ) ;
#3689 = EDGE_CURVE ( 'NONE', #2941, #5864, #586, .T. ) ;
#3690 = CARTESIAN_POINT ( 'NONE',  ( 0.01445628712234811597, 0.1035428611430424528, -0.02394229117726353814 ) ) ;
#3691 = ORIENTED_EDGE ( 'NONE', *, *, #390, .F. ) ;
#3692 = LINE ( 'NONE', #1610, #1150 ) ;
#3693 = CARTESIAN_POINT ( 'NONE',  ( 0.04999999999999999584, -0.09799999999999998990, 0.002000000000000000042 ) ) ;
#3694 = CARTESIAN_POINT ( 'NONE',  ( 0.02375000000000000028, 0.1110000000000000014, 0.000000000000000000 ) ) ;
#3695 = EDGE_LOOP ( 'NONE', ( #3313, #4319, #6410, #4187, #4382 ) ) ;
#3696 = ORIENTED_EDGE ( 'NONE', *, *, #2944, .T. ) ;
#3697 = VERTEX_POINT ( 'NONE', #168 ) ;
#3698 = EDGE_CURVE ( 'NONE', #799, #5875, #6431, .T. ) ;
#3699 = EDGE_CURVE ( 'NONE', #4895, #1890, #6534, .T. ) ;
#3700 = AXIS2_PLACEMENT_3D ( 'NONE', #6186, #4522, #234 ) ;
#3701 = DIRECTION ( 'NONE',  ( 0.000000000000000000, 0.000000000000000000, -1.000000000000000000 ) ) ;
#3702 = ORIENTED_EDGE ( 'NONE', *, *, #496, .F. ) ;
#3703 = CARTESIAN_POINT ( 'NONE',  ( 0.02000000000000000042, 0.03799999999999999212, -0.008999999999999999320 ) ) ;
#3704 = FACE_OUTER_BOUND ( 'NONE', #5580, .T. ) ;
#3705 = ORIENTED_EDGE ( 'NONE', *, *, #2937, .F. ) ;
#3706 = LINE ( 'NONE', #3296, #3505 ) ;
#3707 = ORIENTED_EDGE ( 'NONE', *, *, #684, .F. ) ;
#3708 = DIRECTION ( 'NONE',  ( 0.000000000000000000, 0.000000000000000000, -1.000000000000000000 ) ) ;
#3709 = PERSON_AND_ORGANIZATION ( #202, #6746 ) ;
#3710 = EDGE_CURVE ( 'NONE', #3216, #1661, #592, .T. ) ;
#3711 = FACE_OUTER_BOUND ( 'NONE', #1128, .T. ) ;
#3712 = AXIS2_PLACEMENT_3D ( 'NONE', #5789, #4679, #6830 ) ;
#3713 = CARTESIAN_POINT ( 'NONE',  ( -0.01536994392277366700, 0.1035428611430424528, -0.02400000000000000050 ) ) ;
#3714 = ORIENTED_EDGE ( 'NONE', *, *, #2470, .F. ) ;
#3715 = CARTESIAN_POINT ( 'NONE',  ( -0.02299999999999999961, -0.03500000000000001721, -0.01200000000000000025 ) ) ;
#3716 = CARTESIAN_POINT ( 'NONE',  ( -0.02000000000000000042, 0.03799999999999999212, 0.007000000000000000146 ) ) ;
#3717 = VERTEX_POINT ( 'NONE', #2759 ) ;
#3718 = LOCAL_TIME ( 12, 42, 38.00000000000000000, #6490 ) ;
#3719 = B_SPLINE_CURVE_WITH_KNOTS ( 'NONE', 3,
 ( #4270, #3127, #2119, #5264, #6390, #1595 ),
 .UNSPECIFIED., .F., .F.,
 ( 4, 2, 4 ),
 ( 0.000000000000000000, 0.0006621143047052077853, 0.001324228609410415571 ),
 .UNSPECIFIED. ) ;
#3720 = CARTESIAN_POINT ( 'NONE',  ( -0.01300000000000000461, -0.09999999999999997780, -0.02500000000000000139 ) ) ;
#3721 = ORIENTED_EDGE ( 'NONE', *, *, #3729, .F. ) ;
#3722 = CARTESIAN_POINT ( 'NONE',  ( -0.008430338243672425014, -0.1049999999999999961, -0.009294206067218903355 ) ) ;
#3723 = DIRECTION ( 'NONE',  ( 0.000000000000000000, 0.000000000000000000, -1.000000000000000000 ) ) ;
#3724 = CARTESIAN_POINT ( 'NONE',  ( -0.01300000000000000461, -0.09299999999999998546, -0.002000000000000000042 ) ) ;
#3725 = ORIENTED_EDGE ( 'NONE', *, *, #891, .F. ) ;
#3726 = DIRECTION ( 'NONE',  ( -0.000000000000000000, 1.000000000000000000, -0.000000000000000000 ) ) ;
#3727 = ORIENTED_EDGE ( 'NONE', *, *, #2804, .T. ) ;
#3728 = CARTESIAN_POINT ( 'NONE',  ( 0.03299999999999999462, 0.1199999999999999956, 0.000000000000000000 ) ) ;
#3729 = EDGE_CURVE ( 'NONE', #5383, #2587, #2825, .T. ) ;
#3730 = AXIS2_PLACEMENT_3D ( 'NONE', #3157, #328, #5151 ) ;
#3731 = LINE ( 'NONE', #3213, #1017 ) ;
#3732 = EDGE_LOOP ( 'NONE', ( #6697, #5897 ) ) ;
#3733 = ORIENTED_EDGE ( 'NONE', *, *, #4948, .F. ) ;
#3734 = ORIENTED_EDGE ( 'NONE', *, *, #1407, .F. ) ;
#3735 = ADVANCED_FACE ( 'NONE', ( #2237 ), #4924, .F. ) ;
#3736 = DIRECTION ( 'NONE',  ( 1.000000000000000000, -0.000000000000000000, 2.628368902995163997E-16 ) ) ;
#3737 = VECTOR ( 'NONE', #6494, 1.000000000000000000 ) ;
#3738 = ORIENTED_EDGE ( 'NONE', *, *, #5279, .T. ) ;
#3739 = FACE_BOUND ( 'NONE', #1185, .T. ) ;
#3740 = PLANE ( 'NONE',  #5987 ) ;
#3741 = EDGE_CURVE ( 'NONE', #2648, #5010, #3917, .T. ) ;
#3742 = ORIENTED_EDGE ( 'NONE', *, *, #2003, .T. ) ;
#3743 = DIRECTION ( 'NONE',  ( 0.000000000000000000, 1.000000000000000000, -0.000000000000000000 ) ) ;
#3744 = ORIENTED_EDGE ( 'NONE', *, *, #341, .F. ) ;
#3745 = FACE_OUTER_BOUND ( 'NONE', #1097, .T. ) ;
#3746 = CALENDAR_DATE ( 2026, 12, 8 ) ;
#3747 = ADVANCED_FACE ( 'NONE', ( #6054 ), #1776, .F. ) ;
#3748 = DIRECTION ( 'NONE',  ( 0.000000000000000000, -0.000000000000000000, -1.000000000000000000 ) ) ;
#3749 = VERTEX_POINT ( 'NONE', #696 ) ;
#3750 = DIRECTION ( 'NONE',  ( 1.000000000000000000, 0.000000000000000000, 0.000000000000000000 ) ) ;
#3751 = DIRECTION ( 'NONE',  ( 1.000000000000000000, -0.000000000000000000, 0.000000000000000000 ) ) ;
#3752 = VERTEX_POINT ( 'NONE', #5912 ) ;
#3753 = AXIS2_PLACEMENT_3D ( 'NONE', #4557, #6705, #6321 ) ;
#3754 = CARTESIAN_POINT ( 'NONE',  ( 0.01006950147145528780, 0.1062714305715211499, -0.02099999999999999784 ) ) ;
#3755 = ORIENTED_EDGE ( 'NONE', *, *, #322, .T. ) ;
#3756 = AXIS2_PLACEMENT_3D ( 'NONE', #6157, #972, #867 ) ;
#3757 = PLANE ( 'NONE',  #5451 ) ;
#3758 = CYLINDRICAL_SURFACE ( 'NONE', #4260, 0.001500000000000000465 ) ;
#3759 = CARTESIAN_POINT ( 'NONE',  ( 0.05700000000000000899, -0.04303742192173399400, -0.07299999999999999545 ) ) ;
#3760 = ORIENTED_EDGE ( 'NONE', *, *, #6107, .F. ) ;
#3761 = VECTOR ( 'NONE', #3160, 1.000000000000000000 ) ;
#3762 = CARTESIAN_POINT ( 'NONE',  ( 0.01536994392277366873, 0.1035428611430424389, -0.02299999999999999961 ) ) ;
#3763 = ORIENTED_EDGE ( 'NONE', *, *, #1564, .F. ) ;
#3764 = CARTESIAN_POINT ( 'NONE',  ( -0.01399999999999999856, 0.1059999999999999831, -0.02199999999999999872 ) ) ;
#3765 = DIRECTION ( 'NONE',  ( -1.000000000000000000, 0.000000000000000000, 1.224646799147353207E-16 ) ) ;
#3766 = ORIENTED_EDGE ( 'NONE', *, *, #3583, .T. ) ;
#3767 = ORIENTED_EDGE ( 'NONE', *, *, #4078, .T. ) ;
#3768 = EDGE_LOOP ( 'NONE', ( #3879, #3348, #717, #2358 ) ) ;
#3769 = FACE_OUTER_BOUND ( 'NONE', #1124, .T. ) ;
#3770 = ORIENTED_EDGE ( 'NONE', *, *, #2548, .F. ) ;
#3771 = CARTESIAN_POINT ( 'NONE',  ( -0.007499999999999998855, 0.1129999999999999755, -0.01000000000000000021 ) ) ;
#3772 = CARTESIAN_POINT ( 'NONE',  ( 0.02999999999999998848, 0.02299999999999999961, 0.000000000000000000 ) ) ;
#3773 = ADVANCED_FACE ( 'NONE', ( #4819 ), #5455, .F. ) ;
#3774 = AXIS2_PLACEMENT_3D ( 'NONE', #4687, #2638, #2117 ) ;
#3775 = ORIENTED_EDGE ( 'NONE', *, *, #5800, .T. ) ;
#3776 = DIRECTION ( 'NONE',  ( 1.052139071779383273E-16, 0.000000000000000000, -1.000000000000000000 ) ) ;
#3777 = ORIENTED_EDGE ( 'NONE', *, *, #3396, .T. ) ;
#3778 = ADVANCED_FACE ( 'NONE', ( #3240 ), #2201, .F. ) ;
#3779 = AXIS2_PLACEMENT_3D ( 'NONE', #5712, #6105, #808 ) ;
#3780 = CARTESIAN_POINT ( 'NONE',  ( 0.01499999999999999944, 0.1059999999999999831, -0.02299999999999999961 ) ) ;
#3781 = PERSON_AND_ORGANIZATION_ROLE ( 'classification_officer' ) ;
#3782 = DIRECTION ( 'NONE',  ( 0.000000000000000000, 0.000000000000000000, -1.000000000000000000 ) ) ;
#3783 = ORIENTED_EDGE ( 'NONE', *, *, #171, .F. ) ;
#3784 = CYLINDRICAL_SURFACE ( 'NONE', #6625, 0.001000000000000000888 ) ;
#3785 = AXIS2_PLACEMENT_3D ( 'NONE', #4426, #6572, #4457 ) ;
#3786 = CARTESIAN_POINT ( 'NONE',  ( -0.02299999999999999961, -0.03500000000000001721, -0.008999999999999999320 ) ) ;
#3787 = ORIENTED_EDGE ( 'NONE', *, *, #3411, .F. ) ;
#3788 = ADVANCED_FACE ( 'NONE', ( #6467 ), #3758, .F. ) ;
#3789 = EDGE_CURVE ( 'NONE', #2431, #5950, #475, .T. ) ;
#3790 = FACE_OUTER_BOUND ( 'NONE', #2271, .T. ) ;
#3791 = VERTEX_POINT ( 'NONE', #2167 ) ;
#3792 = CARTESIAN_POINT ( 'NONE',  ( 0.01499999999999999251, -0.09999999999999999167, -0.02500000000000000139 ) ) ;
#3793 = CARTESIAN_POINT ( 'NONE',  ( -0.01514689255223560654, 0.1044701457466698652, -0.02299999999999999961 ) ) ;
#3794 = DIRECTION ( 'NONE',  ( -0.000000000000000000, -0.000000000000000000, 1.000000000000000000 ) ) ;
#3795 = ORIENTED_EDGE ( 'NONE', *, *, #6307, .T. ) ;
#3796 = CIRCLE ( 'NONE', #784, 0.001000000000000000888 ) ;
#3797 = EDGE_CURVE ( 'NONE', #3013, #933, #5657, .T. ) ;
#3798 = DIRECTION ( 'NONE',  ( 0.000000000000000000, 0.000000000000000000, 1.000000000000000000 ) ) ;
#3799 = VERTEX_POINT ( 'NONE', #5419 ) ;
#3800 = CARTESIAN_POINT ( 'NONE',  ( -0.05000000000000000971, 0.04796257807826604519, -0.07299999999999999545 ) ) ;
#3801 =( BOUNDED_CURVE ( )  B_SPLINE_CURVE ( 3, ( #3902, #2340, #3871, #2372 ),
 .UNSPECIFIED., .F., .T. ) 
 B_SPLINE_CURVE_WITH_KNOTS ( ( 4, 4 ),
 ( 0.000000000000000000, 1.570796326794896558 ),
 .UNSPECIFIED. ) 
 CURVE ( )  GEOMETRIC_REPRESENTATION_ITEM ( )  RATIONAL_B_SPLINE_CURVE ( ( 1.000000000000000000, 0.8047378541243649375, 0.8047378541243649375, 1.000000000000000000 ) ) 
 REPRESENTATION_ITEM ( '' )  );
#3802 = EDGE_CURVE ( 'NONE', #4732, #6357, #3311, .T. ) ;
#3803 = CARTESIAN_POINT ( 'NONE',  ( -0.01550000000000000683, 0.1045428611430424537, -0.02299999999999999961 ) ) ;
#3804 = EDGE_LOOP ( 'NONE', ( #5213, #4186, #5835, #2367, #2059, #738, #3991, #584, #1164, #4029, #1581, #4017, #1882 ) ) ;
#3805 = ORIENTED_EDGE ( 'NONE', *, *, #3913, .T. ) ;
#3806 = ORIENTED_EDGE ( 'NONE', *, *, #1054, .T. ) ;
#3807 = PLANE ( 'NONE',  #2236 ) ;
#3808 = VERTEX_POINT ( 'NONE', #6503 ) ;
#3809 = FACE_BOUND ( 'NONE', #69, .T. ) ;
#3810 = CARTESIAN_POINT ( 'NONE',  ( 0.05000000000000000278, 0.003500000000000003109, -0.02000000000000001082 ) ) ;
#3811 = CARTESIAN_POINT ( 'NONE',  ( -0.01000000000000000194, 0.1049999999999999822, -0.01629999999999999852 ) ) ;
#3812 = CARTESIAN_POINT ( 'NONE',  ( 0.02899999999999998759, 0.02299999999999999961, 0.000000000000000000 ) ) ;
#3813 = CIRCLE ( 'NONE', #5156, 0.001000000000000000888 ) ;
#3814 = EDGE_LOOP ( 'NONE', ( #336, #6090, #5091, #4861 ) ) ;
#3815 = VECTOR ( 'NONE', #1087, 1.000000000000000000 ) ;
#3816 = EDGE_CURVE ( 'NONE', #6577, #3865, #1710, .T. ) ;
#3817 = CARTESIAN_POINT ( 'NONE',  ( -0.05000000000000000278, -0.04303742192173399400, 0.007000000000000000146 ) ) ;
#3818 = CIRCLE ( 'NONE', #483, 0.001000000000000000888 ) ;
#3819 = FACE_OUTER_BOUND ( 'NONE', #2607, .T. ) ;
#3820 = EDGE_CURVE ( 'NONE', #654, #2700, #662, .T. ) ;
#3821 = VERTEX_POINT ( 'NONE', #3961 ) ;
#3822 = DIRECTION ( 'NONE',  ( 1.000000000000000000, 0.000000000000000000, 0.000000000000000000 ) ) ;
#3823 = LINE ( 'NONE', #3679, #6376 ) ;
#3824 = EDGE_LOOP ( 'NONE', ( #5768, #4230, #3565, #1022, #5457, #2163 ) ) ;
#3825 = CARTESIAN_POINT ( 'NONE',  ( -0.0009304985285447126431, 0.1062714305715212193, -0.02099999999999999784 ) ) ;
#3826 = VERTEX_POINT ( 'NONE', #266 ) ;
#3827 = AXIS2_PLACEMENT_3D ( 'NONE', #6277, #1488, #3605 ) ;
#3828 = CARTESIAN_POINT ( 'NONE',  ( -0.02575000000000000205, 0.1110000000000000014, 0.000000000000000000 ) ) ;
#3829 = EDGE_CURVE ( 'NONE', #3826, #2495, #823, .T. ) ;
#3830 = ADVANCED_FACE ( 'NONE', ( #5624 ), #2886, .T. ) ;
#3831 = CARTESIAN_POINT ( 'NONE',  ( -0.008430338243672425014, -0.09999999999999999167, -0.009294206067218903355 ) ) ;
#3832 = CARTESIAN_POINT ( 'NONE',  ( -0.03300000000000000849, 0.000000000000000000, 0.000000000000000000 ) ) ;
#3833 = DIRECTION ( 'NONE',  ( -0.000000000000000000, -0.000000000000000000, -1.000000000000000000 ) ) ;
#3834 = CIRCLE ( 'NONE', #6083, 0.001299999999999998206 ) ;
#3835 = ORIENTED_EDGE ( 'NONE', *, *, #6744, .T. ) ;
#3836 = DIRECTION ( 'NONE',  ( 0.000000000000000000, -1.000000000000000000, -0.000000000000000000 ) ) ;
#3837 = VERTEX_POINT ( 'NONE', #2952 ) ;
#3838 = CARTESIAN_POINT ( 'NONE',  ( -0.01650000000000000772, 0.1199999999999999956, 0.007000000000000000146 ) ) ;
#3839 = VECTOR ( 'NONE', #1550, 1.000000000000000000 ) ;
#3840 = EDGE_CURVE ( 'NONE', #4398, #495, #6087, .T. ) ;
#3841 = EDGE_CURVE ( 'NONE', #396, #5694, #2432, .T. ) ;
#3842 = DIRECTION ( 'NONE',  ( 0.000000000000000000, -0.000000000000000000, 1.000000000000000000 ) ) ;
#3843 = ORIENTED_EDGE ( 'NONE', *, *, #713, .T. ) ;
#3844 = ORIENTED_EDGE ( 'NONE', *, *, #4387, .F. ) ;
#3845 = CARTESIAN_POINT ( 'NONE',  ( -0.008430338243672425014, -0.09999999999999999167, -0.009294206067218903355 ) ) ;
#3846 = EDGE_LOOP ( 'NONE', ( #2881, #6634 ) ) ;
#3847 = DIRECTION ( 'NONE',  ( 1.541976423090494647E-16, 1.000000000000000000, 0.000000000000000000 ) ) ;
#3848 = AXIS2_PLACEMENT_3D ( 'NONE', #3980, #4472, #2285 ) ;
#3849 = CIRCLE ( 'NONE', #416, 0.002000000000000001776 ) ;
#3850 = DIRECTION ( 'NONE',  ( 0.000000000000000000, 0.000000000000000000, 1.000000000000000000 ) ) ;
#3851 = CARTESIAN_POINT ( 'NONE',  ( -0.06000000000000000472, 0.003500000000000003542, -0.01000000000000000888 ) ) ;
#3852 = CYLINDRICAL_SURFACE ( 'NONE', #3278, 0.0009999999999999991535 ) ;
#3853 = DIRECTION ( 'NONE',  ( 1.000000000000000000, 0.000000000000000000, -0.000000000000000000 ) ) ;
#3854 = ORIENTED_EDGE ( 'NONE', *, *, #5033, .F. ) ;
#3855 = DIRECTION ( 'NONE',  ( 0.000000000000000000, -0.000000000000000000, -1.000000000000000000 ) ) ;
#3856 = CARTESIAN_POINT ( 'NONE',  ( -0.01452789173772615211, 0.1035428611430424528, -0.02315482341953684770 ) ) ;
#3857 = ORIENTED_EDGE ( 'NONE', *, *, #1481, .T. ) ;
#3858 = CARTESIAN_POINT ( 'NONE',  ( -0.06000000000000000472, 0.004296149561436859651, -0.009065587432989727357 ) ) ;
#3859 = ORIENTED_EDGE ( 'NONE', *, *, #245, .T. ) ;
#3860 = CARTESIAN_POINT ( 'NONE',  ( 0.01499999999999999251, -0.09699999999999998901, -0.002000000000000001776 ) ) ;
#3861 = CARTESIAN_POINT ( 'NONE',  ( 0.01563900294291058896, 0.1059999999999999831, -0.02396715050892726101 ) ) ;
#3862 = EDGE_CURVE ( 'NONE', #1891, #3791, #703, .T. ) ;
#3863 = CARTESIAN_POINT ( 'NONE',  ( 0.06000000000000000472, 0.003500000000000003542, -0.01000000000000000888 ) ) ;
#3864 = DIRECTION ( 'NONE',  ( -0.000000000000000000, -0.000000000000000000, -1.000000000000000000 ) ) ;
#3865 = VERTEX_POINT ( 'NONE', #3438 ) ;
#3866 = EDGE_CURVE ( 'NONE', #6337, #148, #2483, .T. ) ;
#3867 = AXIS2_PLACEMENT_3D ( 'NONE', #4889, #106, #2235 ) ;
#3868 = VECTOR ( 'NONE', #1694, 1.000000000000000000 ) ;
#3869 = DIRECTION ( 'NONE',  ( 0.000000000000000000, 0.000000000000000000, -1.000000000000000000 ) ) ;
#3870 = VERTEX_POINT ( 'NONE', #1386 ) ;
#3871 = CARTESIAN_POINT ( 'NONE',  ( 0.01499999999999999251, -0.09582842712474617941, -0.02417157287525380921 ) ) ;
#3872 = LINE ( 'NONE', #6026, #2019 ) ;
#3873 = AXIS2_PLACEMENT_3D ( 'NONE', #5105, #3335, #4913 ) ;
#3874 = VERTEX_POINT ( 'NONE', #6639 ) ;
#3875 = ORIENTED_EDGE ( 'NONE', *, *, #2737, .F. ) ;
#3876 = ADVANCED_FACE ( 'NONE', ( #2333, #4454, #6152, #3408 ), #3471, .F. ) ;
#3877 = EDGE_CURVE ( 'NONE', #1872, #3510, #5054, .T. ) ;
#3878 = DIRECTION ( 'NONE',  ( 0.000000000000000000, 0.000000000000000000, -1.000000000000000000 ) ) ;
#3879 = ORIENTED_EDGE ( 'NONE', *, *, #6781, .F. ) ;
#3880 = CARTESIAN_POINT ( 'NONE',  ( -0.01550000000000000683, 0.1089999999999999858, -0.02599999999999999881 ) ) ;
#3881 = DIRECTION ( 'NONE',  ( 1.000000000000000000, 0.000000000000000000, 0.000000000000000000 ) ) ;
#3882 = CARTESIAN_POINT ( 'NONE',  ( 0.01299999999999999073, -0.09299999999999998546, 0.000000000000000000 ) ) ;
#3883 = EDGE_CURVE ( 'NONE', #6, #5758, #861, .T. ) ;
#3884 = DIRECTION ( 'NONE',  ( 0.000000000000000000, 0.000000000000000000, 1.000000000000000000 ) ) ;
#3885 = CARTESIAN_POINT ( 'NONE',  ( -0.01575000000000000011, 0.1059999999999999831, -0.02296824583655188851 ) ) ;
#3886 = VECTOR ( 'NONE', #5388, 1.000000000000000000 ) ;
#3887 = EDGE_CURVE ( 'NONE', #2721, #3128, #3813, .T. ) ;
#3888 = ORIENTED_EDGE ( 'NONE', *, *, #134, .F. ) ;
#3889 = DIRECTION ( 'NONE',  ( 0.000000000000000000, -0.000000000000000000, -1.000000000000000000 ) ) ;
#3890 = CARTESIAN_POINT ( 'NONE',  ( -0.01400000000000000203, 0.1035428611430424528, -0.02316792777977875334 ) ) ;
#3891 = VERTEX_POINT ( 'NONE', #5020 ) ;
#3892 = AXIS2_PLACEMENT_3D ( 'NONE', #2214, #1722, #149 ) ;
#3893 = LINE ( 'NONE', #3272, #4784 ) ;
#3894 = ORIENTED_EDGE ( 'NONE', *, *, #684, .T. ) ;
#3895 = DIRECTION ( 'NONE',  ( 1.000000000000000000, 0.000000000000000000, -0.000000000000000000 ) ) ;
#3896 = CARTESIAN_POINT ( 'NONE',  ( 0.02999999999999998848, -0.02299999999999997186, 0.007000000000000000146 ) ) ;
#3897 = CARTESIAN_POINT ( 'NONE',  ( 0.03300000000000000849, 0.09200000000000001232, -0.003000000000000000062 ) ) ;
#3898 = EDGE_LOOP ( 'NONE', ( #4160, #5714, #2536, #5802 ) ) ;
#3899 = AXIS2_PLACEMENT_3D ( 'NONE', #2125, #5344, #554 ) ;
#3900 = PLANE ( 'NONE',  #3344 ) ;
#3901 = AXIS2_PLACEMENT_3D ( 'NONE', #2609, #2087, #6883 ) ;
#3902 = CARTESIAN_POINT ( 'NONE',  ( 0.01299999999999999246, -0.09499999999999998723, -0.02500000000000000139 ) ) ;
#3903 = DIRECTION ( 'NONE',  ( 0.000000000000000000, 0.000000000000000000, -1.000000000000000000 ) ) ;
#3904 = EDGE_CURVE ( 'NONE', #3009, #3562, #6119, .T. ) ;
#3905 = AXIS2_PLACEMENT_3D ( 'NONE', #2066, #4828, #6371 ) ;
#3906 = EDGE_LOOP ( 'NONE', ( #578, #4846, #6894, #4115 ) ) ;
#3907 = ORIENTED_EDGE ( 'NONE', *, *, #4155, .F. ) ;
#3908 = CARTESIAN_POINT ( 'NONE',  ( 0.04999999999999999584, 0.04796257807826604519, 0.000000000000000000 ) ) ;
#3909 = VECTOR ( 'NONE', #1429, 1.000000000000000000 ) ;
#3910 = ORIENTED_EDGE ( 'NONE', *, *, #981, .F. ) ;
#3911 = DIRECTION ( 'NONE',  ( -0.000000000000000000, 1.000000000000000000, -0.000000000000000000 ) ) ;
#3912 = CARTESIAN_POINT ( 'NONE',  ( -0.01000000000000000194, 0.1099999999999999867, -0.01629999999999999852 ) ) ;
#3913 = EDGE_CURVE ( 'NONE', #2282, #5265, #1809, .T. ) ;
#3914 = CARTESIAN_POINT ( 'NONE',  ( -0.05000000000000000278, 0.006000000000000005329, -0.01500000000000000638 ) ) ;
#3915 = DIRECTION ( 'NONE',  ( 0.000000000000000000, 0.000000000000000000, 1.000000000000000000 ) ) ;
#3916 = CYLINDRICAL_SURFACE ( 'NONE', #4538, 0.002000000000000000042 ) ;
#3917 = CIRCLE ( 'NONE', #3585, 0.001000000000000000888 ) ;
#3918 = EDGE_LOOP ( 'NONE', ( #4789, #6373, #3783, #6163 ) ) ;
#3919 = DIRECTION ( 'NONE',  ( 0.000000000000000000, 1.000000000000000000, 0.000000000000000000 ) ) ;
#3920 = LINE ( 'NONE', #193, #4458 ) ;
#3921 = AXIS2_PLACEMENT_3D ( 'NONE', #3764, #5919, #4254 ) ;
#3922 = EDGE_LOOP ( 'NONE', ( #3767, #3182, #1721, #1943 ) ) ;
#3923 = CIRCLE ( 'NONE', #37, 0.0009999999999999991535 ) ;
#3924 = DIRECTION ( 'NONE',  ( 0.000000000000000000, -0.000000000000000000, -1.000000000000000000 ) ) ;
#3925 = ORIENTED_EDGE ( 'NONE', *, *, #3064, .F. ) ;
#3926 = FACE_OUTER_BOUND ( 'NONE', #908, .T. ) ;
#3927 = LINE ( 'NONE', #4923, #866 ) ;
#3928 = DIRECTION ( 'NONE',  ( -1.000000000000000000, 0.000000000000000000, 0.000000000000000000 ) ) ;
#3929 = CARTESIAN_POINT ( 'NONE',  ( 0.01650000000000000772, 0.1089999999999999858, 0.000000000000000000 ) ) ;
#3930 = ORIENTED_EDGE ( 'NONE', *, *, #3904, .F. ) ;
#3931 = PLANE ( 'NONE',  #3785 ) ;
#3932 = DIRECTION ( 'NONE',  ( 1.000000000000000000, 0.000000000000000000, 0.000000000000000000 ) ) ;
#3933 = DIRECTION ( 'NONE',  ( 0.000000000000000000, 0.000000000000000000, -1.000000000000000000 ) ) ;
#3934 = AXIS2_PLACEMENT_3D ( 'NONE', #5761, #963, #5796 ) ;
#3935 = DIRECTION ( 'NONE',  ( 0.000000000000000000, 1.000000000000000000, 0.000000000000000000 ) ) ;
#3936 = DIRECTION ( 'NONE',  ( 0.000000000000000000, 0.000000000000000000, -1.000000000000000000 ) ) ;
#3937 = ORIENTED_EDGE ( 'NONE', *, *, #409, .F. ) ;
#3938 = ORIENTED_EDGE ( 'NONE', *, *, #5501, .F. ) ;
#3939 = LINE ( 'NONE', #1790, #5584 ) ;
#3940 = AXIS2_PLACEMENT_3D ( 'NONE', #3771, #759, #87 ) ;
#3941 = ORIENTED_EDGE ( 'NONE', *, *, #3250, .T. ) ;
#3942 = LINE ( 'NONE', #4009, #2293 ) ;
#3943 = CARTESIAN_POINT ( 'NONE',  ( 0.01600000000000000033, 0.1089999999999999858, 0.001000000000000000021 ) ) ;
#3944 = EDGE_CURVE ( 'NONE', #2069, #1987, #2152, .T. ) ;
#3945 = FACE_OUTER_BOUND ( 'NONE', #3336, .T. ) ;
#3946 = AXIS2_PLACEMENT_3D ( 'NONE', #4741, #6748, #4103 ) ;
#3947 = EDGE_CURVE ( 'NONE', #2627, #4531, #4061, .T. ) ;
#3948 = CIRCLE ( 'NONE', #950, 0.001000000000000000888 ) ;
#3949 = FACE_OUTER_BOUND ( 'NONE', #4222, .T. ) ;
#3950 = DIRECTION ( 'NONE',  ( -1.000000000000000000, 0.000000000000000000, 0.000000000000000000 ) ) ;
#3951 = ORIENTED_EDGE ( 'NONE', *, *, #304, .T. ) ;
#3952 = VECTOR ( 'NONE', #2672, 1.000000000000000000 ) ;
#3953 = CARTESIAN_POINT ( 'NONE',  ( -0.05000000000000000971, 0.04796257807826604519, -0.07299999999999999545 ) ) ;
#3954 = CARTESIAN_POINT ( 'NONE',  ( 0.01600000000000000033, 0.1089999999999999858, -0.001000000000000000888 ) ) ;
#3955 = ORIENTED_EDGE ( 'NONE', *, *, #1800, .T. ) ;
#3956 = EDGE_CURVE ( 'NONE', #2177, #2101, #5590, .T. ) ;
#3957 = FACE_BOUND ( 'NONE', #2079, .T. ) ;
#3958 = DIRECTION ( 'NONE',  ( 0.000000000000000000, 0.000000000000000000, -1.000000000000000000 ) ) ;
#3959 = AXIS2_PLACEMENT_3D ( 'NONE', #6019, #3864, #1810 ) ;
#3960 = PLANE ( 'NONE',  #2321 ) ;
#3961 = CARTESIAN_POINT ( 'NONE',  ( 0.02899999999999999453, 0.01804832204050208291, 0.000000000000000000 ) ) ;
#3962 = CARTESIAN_POINT ( 'NONE',  ( -0.04200000000000000261, 0.04796257807826604519, -0.06695034905577770812 ) ) ;
#3963 = ORIENTED_EDGE ( 'NONE', *, *, #6623, .F. ) ;
#3964 = EDGE_CURVE ( 'NONE', #1514, #4433, #1147, .T. ) ;
#3965 = FACE_OUTER_BOUND ( 'NONE', #5853, .T. ) ;
#3966 = FACE_OUTER_BOUND ( 'NONE', #1745, .T. ) ;
#3967 = CARTESIAN_POINT ( 'NONE',  ( 0.01536994392277366700, 0.1045428611430424537, -0.02299999999999999961 ) ) ;
#3968 = CARTESIAN_POINT ( 'NONE',  ( 0.05000000000000000278, 0.04796257807826604519, -0.06695034905577768036 ) ) ;
#3969 = CARTESIAN_POINT ( 'NONE',  ( -0.05000000000000000971, 0.04796257807826604519, -0.06095034905577773054 ) ) ;
#3970 = ORIENTED_EDGE ( 'NONE', *, *, #6076, .F. ) ;
#3971 = VERTEX_POINT ( 'NONE', #966 ) ;
#3972 = DIRECTION ( 'NONE',  ( -0.000000000000000000, -0.000000000000000000, 1.000000000000000000 ) ) ;
#3973 = EDGE_LOOP ( 'NONE', ( #2257, #6934, #5795, #436 ) ) ;
#3974 = CARTESIAN_POINT ( 'NONE',  ( 0.02000000000000000042, 0.03799999999999999212, 0.000000000000000000 ) ) ;
#3975 = DIRECTION ( 'NONE',  ( -0.000000000000000000, -0.000000000000000000, 1.000000000000000000 ) ) ;
#3976 = VECTOR ( 'NONE', #6192, 1.000000000000000000 ) ;
#3977 = DIRECTION ( 'NONE',  ( 0.000000000000000000, 0.000000000000000000, -1.000000000000000000 ) ) ;
#3978 = AXIS2_PLACEMENT_3D ( 'NONE', #6868, #4154, #5790 ) ;
#3979 = ORIENTED_EDGE ( 'NONE', *, *, #378, .F. ) ;
#3980 = CARTESIAN_POINT ( 'NONE',  ( -0.01000000000000000021, -0.09999999999999999167, -0.01500000000000000291 ) ) ;
#3981 = DIRECTION ( 'NONE',  ( 1.000000000000000000, 0.000000000000000000, 0.000000000000000000 ) ) ;
#3982 = CARTESIAN_POINT ( 'NONE',  ( -0.01575000000005514350, 0.1057417118539604045, -0.02296824583656612712 ) ) ;
#3983 = EDGE_CURVE ( 'NONE', #2735, #3891, #5228, .T. ) ;
#3984 = EDGE_LOOP ( 'NONE', ( #5593, #6901 ) ) ;
#3985 = DIRECTION ( 'NONE',  ( 0.000000000000000000, 0.000000000000000000, 1.000000000000000000 ) ) ;
#3986 = EDGE_CURVE ( 'NONE', #4399, #3298, #3576, .T. ) ;
#3987 = CARTESIAN_POINT ( 'NONE',  ( 0.01569168353018534495, 0.1050413520669081224, -0.02299999999999999961 ) ) ;
#3988 = ORIENTED_EDGE ( 'NONE', *, *, #4584, .F. ) ;
#3989 = CARTESIAN_POINT ( 'NONE',  ( 0.02299999999999999961, -0.03500000000000001721, 0.000000000000000000 ) ) ;
#3990 = CARTESIAN_POINT ( 'NONE',  ( -0.01499999999999999944, 0.1089999999999999858, -0.02299999999999999961 ) ) ;
#3991 = ORIENTED_EDGE ( 'NONE', *, *, #2900, .T. ) ;
#3992 = DIRECTION ( 'NONE',  ( -0.000000000000000000, -1.000000000000000000, 0.000000000000000000 ) ) ;
#3993 = VECTOR ( 'NONE', #1416, 1.000000000000000000 ) ;
#3994 = ADVANCED_FACE ( 'NONE', ( #6808 ), #4096, .T. ) ;
#3995 = CARTESIAN_POINT ( 'NONE',  ( -0.02999999999999999542, 0.01804832204050209679, 0.000000000000000000 ) ) ;
#3996 = EDGE_CURVE ( 'NONE', #4082, #5288, #3678, .T. ) ;
#3997 = ORIENTED_EDGE ( 'NONE', *, *, #6185, .F. ) ;
#3998 = CARTESIAN_POINT ( 'NONE',  ( 0.01563900294291058549, 0.1089999999999999858, -0.02396715050892726101 ) ) ;
#3999 = AXIS2_PLACEMENT_3D ( 'NONE', #1897, #2520, #3977 ) ;
#4000 = LINE ( 'NONE', #6745, #3976 ) ;
#4001 = CARTESIAN_POINT ( 'NONE',  ( -0.007499999999999999722, -0.1049999999999999961, -0.01000000000000000194 ) ) ;
#4002 = DIRECTION ( 'NONE',  ( 1.000000000000000000, 0.000000000000000000, 0.000000000000000000 ) ) ;
#4003 = ORIENTED_EDGE ( 'NONE', *, *, #3104, .T. ) ;
#4004 = VERTEX_POINT ( 'NONE', #6920 ) ;
#4005 = AXIS2_PLACEMENT_3D ( 'NONE', #1356, #793, #5663 ) ;
#4006 = LINE ( 'NONE', #5743, #1002 ) ;
#4007 = EDGE_CURVE ( 'NONE', #4344, #6725, #3818, .T. ) ;
#4008 = VERTEX_POINT ( 'NONE', #2573 ) ;
#4009 = CARTESIAN_POINT ( 'NONE',  ( 0.04200000000000000261, 0.04796257807826604519, -0.05895034905577770101 ) ) ;
#4010 = CARTESIAN_POINT ( 'NONE',  ( -0.06000000000000000472, 4.625929269271483595E-19, 0.000000000000000000 ) ) ;
#4011 = CARTESIAN_POINT ( 'NONE',  ( -0.01445706384611575128, 0.1035428611430424667, -0.02394235624197628767 ) ) ;
#4012 = ORIENTED_EDGE ( 'NONE', *, *, #2213, .F. ) ;
#4013 = CARTESIAN_POINT ( 'NONE',  ( -0.007499999999999997988, 0.1049999999999999822, -0.02000000000000000042 ) ) ;
#4014 = AXIS2_PLACEMENT_3D ( 'NONE', #6474, #6510, #601 ) ;
#4015 = DIRECTION ( 'NONE',  ( 0.000000000000000000, -0.000000000000000000, -1.000000000000000000 ) ) ;
#4016 = CYLINDRICAL_SURFACE ( 'NONE', #4773, 0.001000000000000000888 ) ;
#4017 = ORIENTED_EDGE ( 'NONE', *, *, #1246, .T. ) ;
#4018 = LINE ( 'NONE', #6178, #2072 ) ;
#4019 = LINE ( 'NONE', #365, #5250 ) ;
#4020 = VERTEX_POINT ( 'NONE', #1001 ) ;
#4021 = EDGE_CURVE ( 'NONE', #3167, #2524, #4770, .T. ) ;
#4022 = LINE ( 'NONE', #3434, #6579 ) ;
#4023 = EDGE_CURVE ( 'NONE', #3483, #216, #1039, .T. ) ;
#4024 = CARTESIAN_POINT ( 'NONE',  ( -0.02000000000000000042, -0.03200000000000001454, 0.000000000000000000 ) ) ;
#4025 = ORIENTED_EDGE ( 'NONE', *, *, #3064, .T. ) ;
#4026 = CARTESIAN_POINT ( 'NONE',  ( 0.007500000000000000590, 0.1049999999999999822, -0.02000000000000000042 ) ) ;
#4027 = DIRECTION ( 'NONE',  ( 1.000000000000000000, -1.541976423090494647E-16, 0.000000000000000000 ) ) ;
#4028 = ADVANCED_FACE ( 'NONE', ( #2500 ), #6882, .T. ) ;
#4029 = ORIENTED_EDGE ( 'NONE', *, *, #1713, .T. ) ;
#4030 = VECTOR ( 'NONE', #2093, 1.000000000000000000 ) ;
#4031 = DIRECTION ( 'NONE',  ( 0.000000000000000000, 0.000000000000000000, -1.000000000000000000 ) ) ;
#4032 = ADVANCED_FACE ( 'NONE', ( #5194 ), #5836, .F. ) ;
#4033 = CARTESIAN_POINT ( 'NONE',  ( 0.01650000000000000772, 0.1199999999999999956, 0.006999999999999995809 ) ) ;
#4034 = CARTESIAN_POINT ( 'NONE',  ( 0.006499999999999995365, 0.09349999999999999978, 0.007000000000000000146 ) ) ;
#4035 = FACE_OUTER_BOUND ( 'NONE', #5535, .T. ) ;
#4036 = EDGE_LOOP ( 'NONE', ( #5788, #6419, #5150, #5869 ) ) ;
#4037 = ORIENTED_EDGE ( 'NONE', *, *, #3331, .F. ) ;
#4038 = FACE_OUTER_BOUND ( 'NONE', #4865, .T. ) ;
#4039 = ORIENTED_EDGE ( 'NONE', *, *, #6275, .F. ) ;
#4040 = ADVANCED_FACE ( 'NONE', ( #4201 ), #2012, .F. ) ;
#4041 = CARTESIAN_POINT ( 'NONE',  ( 0.01399999999999999856, 0.1059999999999999831, -0.02299999999999999961 ) ) ;
#4042 = TOROIDAL_SURFACE ( 'NONE', #1936, 0.002000000000000000042, 0.001000000000000000021 ) ;
#4043 = DIRECTION ( 'NONE',  ( 0.000000000000000000, 0.000000000000000000, -1.000000000000000000 ) ) ;
#4044 = FACE_BOUND ( 'NONE', #6763, .T. ) ;
#4045 = ORIENTED_EDGE ( 'NONE', *, *, #1833, .T. ) ;
#4046 = DIRECTION ( 'NONE',  ( 0.000000000000000000, -0.000000000000000000, -1.000000000000000000 ) ) ;
#4047 = EDGE_CURVE ( 'NONE', #3870, #2789, #4833, .T. ) ;
#4048 = AXIS2_PLACEMENT_3D ( 'NONE', #2922, #5058, #3444 ) ;
#4049 = ORIENTED_EDGE ( 'NONE', *, *, #3655, .F. ) ;
#4050 = DIRECTION ( 'NONE',  ( 1.000000000000000000, -1.541976423090494647E-16, 0.000000000000000000 ) ) ;
#4051 = DIRECTION ( 'NONE',  ( -0.000000000000000000, -0.000000000000000000, -1.000000000000000000 ) ) ;
#4052 = ORIENTED_EDGE ( 'NONE', *, *, #2347, .F. ) ;
#4053 = DIRECTION ( 'NONE',  ( 0.000000000000000000, 0.000000000000000000, -1.000000000000000000 ) ) ;
#4054 = CARTESIAN_POINT ( 'NONE',  ( 0.01299999999999999246, -0.09999999999999999167, 0.007000000000000000146 ) ) ;
#4055 = ORIENTED_EDGE ( 'NONE', *, *, #4079, .T. ) ;
#4056 = UNCERTAINTY_MEASURE_WITH_UNIT (LENGTH_MEASURE( 1.000000000000000082E-05 ), #2033, 'distance_accuracy_value', 'NONE');
#4057 = PLANE ( 'NONE',  #5467 ) ;
#4058 = LINE ( 'NONE', #1351, #5676 ) ;
#4059 = VECTOR ( 'NONE', #3743, 1.000000000000000000 ) ;
#4060 = ORIENTED_EDGE ( 'NONE', *, *, #5684, .T. ) ;
#4061 = LINE ( 'NONE', #1256, #248 ) ;
#4062 = FACE_OUTER_BOUND ( 'NONE', #5164, .T. ) ;
#4063 = ORIENTED_EDGE ( 'NONE', *, *, #2311, .T. ) ;
#4064 = VECTOR ( 'NONE', #1598, 1.000000000000000000 ) ;
#4065 = CARTESIAN_POINT ( 'NONE',  ( 0.004999999999999928980, 0.04549999999999997102, 0.007000000000000000146 ) ) ;
#4066 = LINE ( 'NONE', #5629, #1871 ) ;
#4067 = CARTESIAN_POINT ( 'NONE',  ( 0.02475000000000000117, 0.1110000000000000014, 0.009000000000000001055 ) ) ;
#4068 = DIRECTION ( 'NONE',  ( -0.000000000000000000, -1.000000000000000000, -0.000000000000000000 ) ) ;
#4069 = EDGE_LOOP ( 'NONE', ( #6817, #2221, #3321, #5180, #6349, #6363, #3558, #2802, #1203, #4635 ) ) ;
#4070 = ORIENTED_EDGE ( 'NONE', *, *, #4724, .T. ) ;
#4071 = EDGE_CURVE ( 'NONE', #1048, #2965, #6771, .T. ) ;
#4072 = LINE ( 'NONE', #2930, #6698 ) ;
#4073 = ORIENTED_EDGE ( 'NONE', *, *, #6327, .T. ) ;
#4074 = CARTESIAN_POINT ( 'NONE',  ( -0.05000000000000000278, -0.04298864926096757771, -0.06495034905577767859 ) ) ;
#4075 = CARTESIAN_POINT ( 'NONE',  ( 0.04999999999999999584, -0.04303742192173399400, 0.000000000000000000 ) ) ;
#4076 = CARTESIAN_POINT ( 'NONE',  ( -0.003499999999999999639, 0.09349999999999999978, 0.007000000000000000146 ) ) ;
#4077 = ORIENTED_EDGE ( 'NONE', *, *, #2044, .T. ) ;
#4078 = EDGE_CURVE ( 'NONE', #4565, #5758, #406, .T. ) ;
#4079 = EDGE_CURVE ( 'NONE', #4570, #4893, #2039, .T. ) ;
#4080 = CIRCLE ( 'NONE', #6554, 0.001500000000000000465 ) ;
#4081 = VECTOR ( 'NONE', #4451, 1.000000000000000000 ) ;
#4082 = VERTEX_POINT ( 'NONE', #480 ) ;
#4083 = AXIS2_PLACEMENT_3D ( 'NONE', #1326, #6485, #4529 ) ;
#4084 = LINE ( 'NONE', #3010, #3285 ) ;
#4085 = CARTESIAN_POINT ( 'NONE',  ( -0.008309900245939860763, 0.1149999999999999911, -0.009194146154766909620 ) ) ;
#4086 = CC_DESIGN_PERSON_AND_ORGANIZATION_ASSIGNMENT ( #2749, #5866, ( #6166 ) ) ;
#4087 = ORIENTED_EDGE ( 'NONE', *, *, #2, .T. ) ;
#4088 = DIRECTION ( 'NONE',  ( 0.000000000000000000, 0.000000000000000000, -1.000000000000000000 ) ) ;
#4089 = CARTESIAN_POINT ( 'NONE',  ( 0.05000000000000000278, -0.01149999999999999634, -0.02000000000000001082 ) ) ;
#4090 = VECTOR ( 'NONE', #265, 1.000000000000000000 ) ;
#4091 = ADVANCED_FACE ( 'NONE', ( #4133 ), #441, .T. ) ;
#4092 = VERTEX_POINT ( 'NONE', #3609 ) ;
#4093 = DIRECTION ( 'NONE',  ( 0.000000000000000000, 1.000000000000000000, 2.312964634635742957E-16 ) ) ;
#4094 = DIRECTION ( 'NONE',  ( 0.000000000000000000, 1.000000000000000000, 0.000000000000000000 ) ) ;
#4095 = ORIENTED_EDGE ( 'NONE', *, *, #2128, .T. ) ;
#4096 = PLANE ( 'NONE',  #2590 ) ;
#4097 = LINE ( 'NONE', #5732, #3077 ) ;
#4098 = ORIENTED_EDGE ( 'NONE', *, *, #2723, .T. ) ;
#4099 = DIRECTION ( 'NONE',  ( 0.000000000000000000, 1.000000000000000000, 0.000000000000000000 ) ) ;
#4100 = CARTESIAN_POINT ( 'NONE',  ( 0.04999999999999999584, 0.000000000000000000, 0.000000000000000000 ) ) ;
#4101 = VECTOR ( 'NONE', #4851, 1.000000000000000000 ) ;
#4102 = PLANE ( 'NONE',  #6176 ) ;
#4103 = DIRECTION ( 'NONE',  ( 0.000000000000000000, -1.000000000000000000, 0.000000000000000000 ) ) ;
#4104 = ORIENTED_EDGE ( 'NONE', *, *, #3498, .T. ) ;
#4105 = ORIENTED_EDGE ( 'NONE', *, *, #831, .F. ) ;
#4106 = CIRCLE ( 'NONE', #3892, 0.001500000000000000465 ) ;
#4107 = FACE_OUTER_BOUND ( 'NONE', #5193, .T. ) ;
#4108 = ORIENTED_EDGE ( 'NONE', *, *, #3498, .F. ) ;
#4109 = CARTESIAN_POINT ( 'NONE',  ( -0.02299999999999999961, 0.04099999999999999478, -0.01200000000000000025 ) ) ;
#4110 = EDGE_CURVE ( 'NONE', #969, #2735, #3265, .T. ) ;
#4111 = PLANE ( 'NONE',  #1242 ) ;
#4112 = CARTESIAN_POINT ( 'NONE',  ( -0.01599999999999999686, 0.1089999999999999858, -0.02199999999999999872 ) ) ;
#4113 = VECTOR ( 'NONE', #1814, 1.000000000000000000 ) ;
#4114 = VERTEX_POINT ( 'NONE', #5412 ) ;
#4115 = ORIENTED_EDGE ( 'NONE', *, *, #2525, .F. ) ;
#4116 = ORIENTED_EDGE ( 'NONE', *, *, #4306, .T. ) ;
#4117 = DIRECTION ( 'NONE',  ( 0.000000000000000000, 0.000000000000000000, 1.000000000000000000 ) ) ;
#4118 = CARTESIAN_POINT ( 'NONE',  ( 0.05700000000000000205, -0.01399999999999999856, -0.01630000000000001240 ) ) ;
#4119 = EDGE_CURVE ( 'NONE', #2572, #2393, #2924, .T. ) ;
#4120 = ADVANCED_FACE ( 'NONE', ( #5939 ), #6009, .F. ) ;
#4121 = ORIENTED_EDGE ( 'NONE', *, *, #5503, .T. ) ;
#4122 = CARTESIAN_POINT ( 'NONE',  ( -0.01093049852854471177, 0.1062714305715212193, -0.02599999999999999881 ) ) ;
#4123 = B_SPLINE_CURVE_WITH_KNOTS ( 'NONE', 3,
 ( #5173, #385, #3589, #872, #5140, #1858 ),
 .UNSPECIFIED., .F., .F.,
 ( 4, 2, 4 ),
 ( 0.000000000000000000, 0.0006735850678777543978, 0.001347170135755508796 ),
 .UNSPECIFIED. ) ;
#4124 = DIRECTION ( 'NONE',  ( -0.000000000000000000, -0.000000000000000000, -1.000000000000000000 ) ) ;
#4125 = VECTOR ( 'NONE', #5748, 1.000000000000000000 ) ;
#4126 = ORIENTED_EDGE ( 'NONE', *, *, #6542, .F. ) ;
#4127 = DIRECTION ( 'NONE',  ( 0.000000000000000000, -0.000000000000000000, -1.000000000000000000 ) ) ;
#4128 = EDGE_CURVE ( 'NONE', #1935, #5368, #5400, .T. ) ;
#4129 = AXIS2_PLACEMENT_3D ( 'NONE', #114, #80, #178 ) ;
#4130 = ADVANCED_FACE ( 'NONE', ( #1144 ), #3784, .F. ) ;
#4131 = CARTESIAN_POINT ( 'NONE',  ( 0.06000000000000000472, -0.01242252077633198074, -0.02101765814254362430 ) ) ;
#4132 = ORIENTED_EDGE ( 'NONE', *, *, #800, .F. ) ;
#4133 = FACE_OUTER_BOUND ( 'NONE', #5634, .T. ) ;
#4134 = CARTESIAN_POINT ( 'NONE',  ( 0.01000000000000000021, -0.09999999999999999167, -0.01370000000000000558 ) ) ;
#4135 = ORIENTED_EDGE ( 'NONE', *, *, #5908, .T. ) ;
#4136 = CARTESIAN_POINT ( 'NONE',  ( -0.05000000000000000278, 0.006000000000000005329, -0.01500000000000000638 ) ) ;
#4137 = CARTESIAN_POINT ( 'NONE',  ( -0.06000000000000000472, 0.003500000000000003542, -0.01000000000000000888 ) ) ;
#4138 = LINE ( 'NONE', #3582, #1262 ) ;
#4139 = DIRECTION ( 'NONE',  ( -1.000000000000000000, 0.000000000000000000, 0.000000000000000000 ) ) ;
#4140 = VECTOR ( 'NONE', #5523, 1.000000000000000000 ) ;
#4141 = ORIENTED_EDGE ( 'NONE', *, *, #648, .T. ) ;
#4142 = VERTEX_POINT ( 'NONE', #1180 ) ;
#4143 = VECTOR ( 'NONE', #4571, 1.000000000000000000 ) ;
#4144 = CARTESIAN_POINT ( 'NONE',  ( 0.01427229055157652922, 0.1042714305714668027, -0.02296245802239537531 ) ) ;
#4145 = EDGE_LOOP ( 'NONE', ( #4292, #4141, #6402, #1708 ) ) ;
#4146 = LINE ( 'NONE', #5709, #4143 ) ;
#4147 = CARTESIAN_POINT ( 'NONE',  ( 0.01650000000000000772, 0.1089999999999999858, 0.000000000000000000 ) ) ;
#4148 = CARTESIAN_POINT ( 'NONE',  ( 0.02899999999999998759, 0.02299999999999999961, 0.007000000000000000146 ) ) ;
#4149 = ORIENTED_EDGE ( 'NONE', *, *, #3649, .F. ) ;
#4150 = VERTEX_POINT ( 'NONE', #3304 ) ;
#4151 = ORIENTED_EDGE ( 'NONE', *, *, #2419, .T. ) ;
#4152 = ORIENTED_EDGE ( 'NONE', *, *, #3154, .F. ) ;
#4153 = DIRECTION ( 'NONE',  ( -0.000000000000000000, -0.000000000000000000, -1.000000000000000000 ) ) ;
#4154 = DIRECTION ( 'NONE',  ( 0.000000000000000000, 1.000000000000000000, 0.000000000000000000 ) ) ;
#4155 = EDGE_CURVE ( 'NONE', #3837, #6146, #131, .T. ) ;
#4156 = ORIENTED_EDGE ( 'NONE', *, *, #4778, .T. ) ;
#4157 = AXIS2_PLACEMENT_3D ( 'NONE', #6521, #128, #3884 ) ;
#4158 = DIRECTION ( 'NONE',  ( 1.000000000000000000, -0.000000000000000000, -0.000000000000000000 ) ) ;
#4159 = DIRECTION ( 'NONE',  ( -1.000000000000000000, 0.000000000000000000, 0.000000000000000000 ) ) ;
#4160 = ORIENTED_EDGE ( 'NONE', *, *, #4510, .T. ) ;
#4161 = EDGE_CURVE ( 'NONE', #690, #5883, #3923, .T. ) ;
#4162 = DIRECTION ( 'NONE',  ( 0.000000000000000000, -1.000000000000000000, 0.000000000000000000 ) ) ;
#4163 = AXIS2_PLACEMENT_3D ( 'NONE', #10, #4793, #2703 ) ;
#4164 = CARTESIAN_POINT ( 'NONE',  ( 0.01663900294291058637, 0.1048538458423359937, -0.02400000000000000050 ) ) ;
#4165 = VERTEX_POINT ( 'NONE', #655 ) ;
#4166 = CARTESIAN_POINT ( 'NONE',  ( 0.009999999999999998473, 0.1099999999999999867, -0.01499999999999999598 ) ) ;
#4167 = DIRECTION ( 'NONE',  ( 0.000000000000000000, 0.000000000000000000, 1.000000000000000000 ) ) ;
#4168 = ORIENTED_EDGE ( 'NONE', *, *, #4473, .F. ) ;
#4169 = ADVANCED_FACE ( 'NONE', ( #548 ), #2258, .F. ) ;
#4170 = VECTOR ( 'NONE', #6930, 1.000000000000000000 ) ;
#4171 = FACE_OUTER_BOUND ( 'NONE', #2927, .T. ) ;
#4172 = AXIS2_PLACEMENT_3D ( 'NONE', #153, #5539, #6037 ) ;
#4173 = VECTOR ( 'NONE', #3073, 1.000000000000000000 ) ;
#4174 = LINE ( 'NONE', #447, #5558 ) ;
#4175 = DIRECTION ( 'NONE',  ( -0.000000000000000000, -1.000000000000000000, -0.000000000000000000 ) ) ;
#4176 = DIRECTION ( 'NONE',  ( 1.000000000000000000, -0.000000000000000000, -0.000000000000000000 ) ) ;
#4177 = VECTOR ( 'NONE', #994, 1.000000000000000000 ) ;
#4178 = ORIENTED_EDGE ( 'NONE', *, *, #2147, .T. ) ;
#4179 = EDGE_CURVE ( 'NONE', #4620, #3661, #1156, .T. ) ;
#4180 = CARTESIAN_POINT ( 'NONE',  ( 0.01536994392277366700, 0.1035428611430424528, -0.02400000000000000050 ) ) ;
#4181 = VERTEX_POINT ( 'NONE', #2681 ) ;
#4182 = FACE_OUTER_BOUND ( 'NONE', #3824, .T. ) ;
#4183 = DIRECTION ( 'NONE',  ( 0.1804985285447056054, 0.000000000000000000, 0.9835752544636306993 ) ) ;
#4184 = CARTESIAN_POINT ( 'NONE',  ( 0.009069501471455288649, 0.1062714305715211499, -0.02099999999999999784 ) ) ;
#4185 = ORIENTED_EDGE ( 'NONE', *, *, #3699, .T. ) ;
#4186 = ORIENTED_EDGE ( 'NONE', *, *, #599, .T. ) ;
#4187 = ORIENTED_EDGE ( 'NONE', *, *, #4071, .F. ) ;
#4188 = CARTESIAN_POINT ( 'NONE',  ( 0.01622478938053749029, 0.1039570747054155558, -0.02299999999999999961 ) ) ;
#4189 = VERTEX_POINT ( 'NONE', #1667 ) ;
#4190 = DIRECTION ( 'NONE',  ( 0.000000000000000000, 0.000000000000000000, -1.000000000000000000 ) ) ;
#4191 = VERTEX_POINT ( 'NONE', #1108 ) ;
#4192 = DIRECTION ( 'NONE',  ( 1.000000000000000000, 0.000000000000000000, 0.000000000000000000 ) ) ;
#4193 = ORIENTED_EDGE ( 'NONE', *, *, #6115, .F. ) ;
#4194 = EDGE_CURVE ( 'NONE', #6146, #1791, #2714, .T. ) ;
#4195 = PLANE ( 'NONE',  #2112 ) ;
#4196 = APPROVAL_STATUS ( 'not_yet_approved' ) ;
#4197 = DIRECTION ( 'NONE',  ( 0.000000000000000000, -1.000000000000000000, 0.000000000000000000 ) ) ;
#4198 = ADVANCED_FACE ( 'NONE', ( #4809 ), #5378, .T. ) ;
#4199 = VECTOR ( 'NONE', #5096, 1.000000000000000000 ) ;
#4200 = VERTEX_POINT ( 'NONE', #688 ) ;
#4201 = FACE_OUTER_BOUND ( 'NONE', #3092, .T. ) ;
#4202 = LINE ( 'NONE', #5837, #3350 ) ;
#4203 = CIRCLE ( 'NONE', #2099, 0.001000000000000000888 ) ;
#4204 = VERTEX_POINT ( 'NONE', #2717 ) ;
#4205 = DIRECTION ( 'NONE',  ( -1.000000000000000000, 0.000000000000000000, 0.000000000000000000 ) ) ;
#4206 = ORIENTED_EDGE ( 'NONE', *, *, #537, .T. ) ;
#4207 = DIRECTION ( 'NONE',  ( -1.000000000000000000, 0.000000000000000000, -0.000000000000000000 ) ) ;
#4208 = EDGE_CURVE ( 'NONE', #575, #3697, #2816, .T. ) ;
#4209 = EDGE_CURVE ( 'NONE', #3648, #5355, #4241, .T. ) ;
#4210 = DIRECTION ( 'NONE',  ( 0.000000000000000000, -0.000000000000000000, -1.000000000000000000 ) ) ;
#4211 = LINE ( 'NONE', #5984, #3546 ) ;
#4212 = ORIENTED_EDGE ( 'NONE', *, *, #2678, .F. ) ;
#4213 = CARTESIAN_POINT ( 'NONE',  ( 0.01514087043645496490, 0.1035428611430424528, -0.02399999997858762169 ) ) ;
#4214 = VECTOR ( 'NONE', #5879, 1.000000000000000000 ) ;
#4215 = VERTEX_POINT ( 'NONE', #3715 ) ;
#4216 = LINE ( 'NONE', #4746, #477 ) ;
#4217 = CARTESIAN_POINT ( 'NONE',  ( 0.05000000000000000278, 0.04796257807826604519, -0.06095034905577770279 ) ) ;
#4218 = ADVANCED_FACE ( 'NONE', ( #5870 ), #6461, .F. ) ;
#4219 = CARTESIAN_POINT ( 'NONE',  ( -0.06000000000000000472, 0.004296149561436859651, -0.009065587432989727357 ) ) ;
#4220 = ORIENTED_EDGE ( 'NONE', *, *, #6075, .T. ) ;
#4221 = ORIENTED_EDGE ( 'NONE', *, *, #5605, .T. ) ;
#4222 = EDGE_LOOP ( 'NONE', ( #5972, #1963, #3963, #6138 ) ) ;
#4223 = VECTOR ( 'NONE', #3523, 1.000000000000000000 ) ;
#4224 = EDGE_CURVE ( 'NONE', #5300, #6617, #3268, .T. ) ;
#4225 = LINE ( 'NONE', #2181, #5181 ) ;
#4226 = ORIENTED_EDGE ( 'NONE', *, *, #2136, .F. ) ;
#4227 = PLANE ( 'NONE',  #2055 ) ;
#4228 = CARTESIAN_POINT ( 'NONE',  ( 0.04200000000000000261, 0.03996257807826605196, -0.06495034905577767859 ) ) ;
#4229 = AXIS2_PLACEMENT_3D ( 'NONE', #5198, #6924, #3202 ) ;
#4230 = ORIENTED_EDGE ( 'NONE', *, *, #5343, .T. ) ;
#4231 = DIRECTION ( 'NONE',  ( -1.000000000000000000, -0.000000000000000000, -0.000000000000000000 ) ) ;
#4232 = VERTEX_POINT ( 'NONE', #4883 ) ;
#4233 = AXIS2_PLACEMENT_3D ( 'NONE', #4136, #2685, #1530 ) ;
#4234 = AXIS2_PLACEMENT_3D ( 'NONE', #6664, #1870, #1181 ) ;
#4235 = DIRECTION ( 'NONE',  ( 0.000000000000000000, 1.000000000000000000, -0.000000000000000000 ) ) ;
#4236 = CALENDAR_DATE ( 2026, 12, 8 ) ;
#4237 = PLANE ( 'NONE',  #1096 ) ;
#4238 = AXIS2_PLACEMENT_3D ( 'NONE', #3693, #5849, #6896 ) ;
#4239 = CARTESIAN_POINT ( 'NONE',  ( 0.06000000000000000472, -0.01242252077633198074, -0.009065587432989727357 ) ) ;
#4240 = ORIENTED_EDGE ( 'NONE', *, *, #3155, .T. ) ;
#4241 = LINE ( 'NONE', #2195, #4064 ) ;
#4242 = DIRECTION ( 'NONE',  ( 0.000000000000000000, 0.000000000000000000, 1.000000000000000000 ) ) ;
#4243 = ADVANCED_FACE ( 'NONE', ( #100 ), #1281, .T. ) ;
#4244 = VECTOR ( 'NONE', #5529, 1.000000000000000000 ) ;
#4245 = DIRECTION ( 'NONE',  ( 0.000000000000000000, 0.000000000000000000, 1.000000000000000000 ) ) ;
#4246 = ORIENTED_EDGE ( 'NONE', *, *, #2644, .F. ) ;
#4247 = DIRECTION ( 'NONE',  ( 1.000000000000000000, 0.000000000000000000, 0.000000000000000000 ) ) ;
#4248 = CARTESIAN_POINT ( 'NONE',  ( -0.006500000000000066488, 0.04549999999999999878, 0.007000000000000000146 ) ) ;
#4249 = LINE ( 'NONE', #1155, #4783 ) ;
#4250 = VERTEX_POINT ( 'NONE', #5084 ) ;
#4251 = EDGE_CURVE ( 'NONE', #148, #6337, #6544, .T. ) ;
#4252 = FACE_OUTER_BOUND ( 'NONE', #2704, .T. ) ;
#4253 = ORIENTED_EDGE ( 'NONE', *, *, #5120, .T. ) ;
#4254 = DIRECTION ( 'NONE',  ( 1.000000000000000000, 0.000000000000000000, 0.000000000000000000 ) ) ;
#4255 = DIRECTION ( 'NONE',  ( -0.000000000000000000, 1.000000000000000000, -0.000000000000000000 ) ) ;
#4256 = VECTOR ( 'NONE', #2831, 1.000000000000000000 ) ;
#4257 = ORIENTED_EDGE ( 'NONE', *, *, #4518, .F. ) ;
#4258 = ORIENTED_EDGE ( 'NONE', *, *, #3368, .T. ) ;
#4259 = ORIENTED_EDGE ( 'NONE', *, *, #5595, .T. ) ;
#4260 = AXIS2_PLACEMENT_3D ( 'NONE', #5387, #6018, #5347 ) ;
#4261 = ADVANCED_FACE ( 'NONE', ( #2979 ), #853, .F. ) ;
#4262 = PLANE ( 'NONE',  #937 ) ;
#4263 = EDGE_LOOP ( 'NONE', ( #5124, #1004, #3733, #2499, #4711, #6465 ) ) ;
#4264 = DIRECTION ( 'NONE',  ( -0.000000000000000000, 0.000000000000000000, 1.000000000000000000 ) ) ;
#4265 = CARTESIAN_POINT ( 'NONE',  ( -0.05000000000000000278, 0.003500000000000003109, -0.01000000000000001062 ) ) ;
#4266 = ORIENTED_EDGE ( 'NONE', *, *, #1447, .F. ) ;
#4267 = LINE ( 'NONE', #6418, #1179 ) ;
#4268 = ORIENTED_EDGE ( 'NONE', *, *, #5163, .F. ) ;
#4269 = CARTESIAN_POINT ( 'NONE',  ( 0.05700000000000000899, -0.04303742192173399400, -0.07299999999999999545 ) ) ;
#4270 = CARTESIAN_POINT ( 'NONE',  ( -0.01650000000000000772, 0.1046771243444677008, -0.02400000000000000050 ) ) ;
#4271 = VECTOR ( 'NONE', #6489, 1.000000000000000000 ) ;
#4272 = ORIENTED_EDGE ( 'NONE', *, *, #39, .F. ) ;
#4273 = DIRECTION ( 'NONE',  ( -0.000000000000000000, 1.000000000000000000, 0.000000000000000000 ) ) ;
#4274 = LINE ( 'NONE', #1634, #3200 ) ;
#4275 = ORIENTED_EDGE ( 'NONE', *, *, #2394, .T. ) ;
#4276 = VECTOR ( 'NONE', #5252, 1.000000000000000000 ) ;
#4277 = CARTESIAN_POINT ( 'NONE',  ( -0.005000000000000000104, 0.09349999999999999978, 0.007000000000000000146 ) ) ;
#4278 = VERTEX_POINT ( 'NONE', #746 ) ;
#4279 = DIRECTION ( 'NONE',  ( 0.000000000000000000, -0.000000000000000000, -1.000000000000000000 ) ) ;
#4280 = DIRECTION ( 'NONE',  ( 1.000000000000000000, -0.000000000000000000, 0.000000000000000000 ) ) ;
#4281 = CARTESIAN_POINT ( 'NONE',  ( -0.05700000000000000205, -0.01242252077633197727, -0.02101765814254362430 ) ) ;
#4282 = ORIENTED_EDGE ( 'NONE', *, *, #6276, .F. ) ;
#4283 = AXIS2_PLACEMENT_3D ( 'NONE', #3880, #4470, #2380 ) ;
#4284 = CARTESIAN_POINT ( 'NONE',  ( 0.000000000000000000, 0.1089999999999999858, 0.001000000000000000021 ) ) ;
#4285 = EDGE_CURVE ( 'NONE', #1266, #5705, #4445, .T. ) ;
#4286 = ORIENTED_EDGE ( 'NONE', *, *, #3436, .T. ) ;
#4287 = CARTESIAN_POINT ( 'NONE',  ( -0.05700000000000000205, -0.01242252077633198074, -0.009065587432989727357 ) ) ;
#4288 = VECTOR ( 'NONE', #5294, 1.000000000000000000 ) ;
#4289 = DIRECTION ( 'NONE',  ( -0.000000000000000000, 0.000000000000000000, 1.000000000000000000 ) ) ;
#4290 = EDGE_CURVE ( 'NONE', #5204, #1939, #718, .T. ) ;
#4291 = VERTEX_POINT ( 'NONE', #1802 ) ;
#4292 = ORIENTED_EDGE ( 'NONE', *, *, #4633, .F. ) ;
#4293 = ORIENTED_EDGE ( 'NONE', *, *, #3956, .T. ) ;
#4294 = CYLINDRICAL_SURFACE ( 'NONE', #4163, 0.001000000000000000888 ) ;
#4295 = ORIENTED_EDGE ( 'NONE', *, *, #5957, .T. ) ;
#4296 = FACE_BOUND ( 'NONE', #5680, .T. ) ;
#4297 = CYLINDRICAL_SURFACE ( 'NONE', #624, 0.001000000000000000888 ) ;
#4298 = ADVANCED_FACE ( 'NONE', ( #2879 ), #1960, .T. ) ;
#4299 = ADVANCED_FACE ( 'NONE', ( #5115 ), #4976, .F. ) ;
#4300 = CARTESIAN_POINT ( 'NONE',  ( -0.05000000000000000971, 0.04796257807826604519, 0.007000000000000000146 ) ) ;
#4301 = DIRECTION ( 'NONE',  ( -1.000000000000000000, -1.541976423090494401E-16, 0.000000000000000000 ) ) ;
#4302 = EDGE_LOOP ( 'NONE', ( #312, #3854, #6846, #1381 ) ) ;
#4303 = DIRECTION ( 'NONE',  ( 1.000000000000000000, -0.000000000000000000, -0.000000000000000000 ) ) ;
#4304 = DATE_AND_TIME ( #4236, #1723 ) ;
#4305 = DIRECTION ( 'NONE',  ( 1.000000000000000000, 0.000000000000000000, 0.000000000000000000 ) ) ;
#4306 = EDGE_CURVE ( 'NONE', #1801, #2282, #6632, .T. ) ;
#4307 = EDGE_LOOP ( 'NONE', ( #497, #5246, #3131, #5862 ) ) ;
#4308 = DIRECTION ( 'NONE',  ( -1.000000000000000000, 0.000000000000000000, 0.000000000000000000 ) ) ;
#4309 = CARTESIAN_POINT ( 'NONE',  ( -0.05700000000000000205, 0.006000000000000005329, -0.01630000000000000546 ) ) ;
#4310 = ORIENTED_EDGE ( 'NONE', *, *, #6150, .F. ) ;
#4311 = EDGE_CURVE ( 'NONE', #2865, #2495, #1739, .T. ) ;
#4312 = CARTESIAN_POINT ( 'NONE',  ( -0.01650000000000000772, 0.1199999999999999956, 6.062001655779398819E-18 ) ) ;
#4313 = ORIENTED_EDGE ( 'NONE', *, *, #2728, .F. ) ;
#4314 = AXIS2_PLACEMENT_3D ( 'NONE', #3099, #271, #6813 ) ;
#4315 = CARTESIAN_POINT ( 'NONE',  ( -0.01550000000000000856, 0.1046771243444677008, -0.02299999999999999961 ) ) ;
#4316 = VECTOR ( 'NONE', #920, 1.000000000000000000 ) ;
#4317 = DIRECTION ( 'NONE',  ( 1.000000000000000000, 1.734723475976807094E-16, 0.000000000000000000 ) ) ;
#4318 = LINE ( 'NONE', #108, #6352 ) ;
#4319 = ORIENTED_EDGE ( 'NONE', *, *, #3103, .T. ) ;
#4320 = AXIS2_PLACEMENT_3D ( 'NONE', #2083, #4197, #3748 ) ;
#4321 = DIRECTION ( 'NONE',  ( -1.000000000000000000, 0.000000000000000000, 0.000000000000000000 ) ) ;
#4322 = ORIENTED_EDGE ( 'NONE', *, *, #5670, .T. ) ;
#4323 = CARTESIAN_POINT ( 'NONE',  ( 0.01600000000000000033, 0.1099999999999999867, -0.001000000000000000888 ) ) ;
#4324 = CARTESIAN_POINT ( 'NONE',  ( 0.05000000000000000278, 0.04796257807826604519, -0.05895034905577770795 ) ) ;
#4325 = ORIENTED_EDGE ( 'NONE', *, *, #4194, .T. ) ;
#4326 = EDGE_LOOP ( 'NONE', ( #2146, #3725, #1327, #6811 ) ) ;
#4327 = ORIENTED_EDGE ( 'NONE', *, *, #649, .F. ) ;
#4328 = ADVANCED_FACE ( 'NONE', ( #5514 ), #4545, .F. ) ;
#4329 = CARTESIAN_POINT ( 'NONE',  ( 0.000000000000000000, -0.09799999999999998990, 0.002000000000000000042 ) ) ;
#4330 = ADVANCED_FACE ( 'NONE', ( #5011 ), #227, .F. ) ;
#4331 = ORIENTED_EDGE ( 'NONE', *, *, #4994, .T. ) ;
#4332 = DIRECTION ( 'NONE',  ( -0.000000000000000000, 0.000000000000000000, 1.000000000000000000 ) ) ;
#4333 = DIRECTION ( 'NONE',  ( -1.000000000000000000, 0.000000000000000000, 0.000000000000000000 ) ) ;
#4334 = VECTOR ( 'NONE', #4886, 1.000000000000000000 ) ;
#4335 = CARTESIAN_POINT ( 'NONE',  ( -0.01600000000000000033, 0.000000000000000000, -0.02199999999999999872 ) ) ;
#4336 = LINE ( 'NONE', #576, #1513 ) ;
#4337 = ORIENTED_EDGE ( 'NONE', *, *, #6353, .F. ) ;
#4338 = CIRCLE ( 'NONE', #1561, 0.001300000000000000808 ) ;
#4339 = ADVANCED_FACE ( 'NONE', ( #294 ), #3430, .T. ) ;
#4340 = EDGE_CURVE ( 'NONE', #855, #4423, #5046, .T. ) ;
#4341 = DIRECTION ( 'NONE',  ( 1.000000000000000000, 0.000000000000000000, 0.000000000000000000 ) ) ;
#4342 = APPLICATION_PROTOCOL_DEFINITION ( 'international standard', 'config_control_design', 1994, #1959 ) ;
#4343 = PLANE ( 'NONE',  #1350 ) ;
#4344 = VERTEX_POINT ( 'NONE', #1869 ) ;
#4345 = DIRECTION ( 'NONE',  ( -1.000000000000000000, 0.000000000000000000, 0.000000000000000000 ) ) ;
#4346 = AXIS2_PLACEMENT_3D ( 'NONE', #6651, #5066, #5637 ) ;
#4347 = DIRECTION ( 'NONE',  ( 0.000000000000000000, 1.000000000000000000, -0.000000000000000000 ) ) ;
#4348 = EDGE_LOOP ( 'NONE', ( #6477, #6292, #4800, #4926 ) ) ;
#4349 = CIRCLE ( 'NONE', #4568, 0.001000000000000000888 ) ;
#4350 = EDGE_CURVE ( 'NONE', #4866, #141, #2423, .T. ) ;
#4351 = FACE_OUTER_BOUND ( 'NONE', #942, .T. ) ;
#4352 = VERTEX_POINT ( 'NONE', #6044 ) ;
#4353 = DIRECTION ( 'NONE',  ( 0.000000000000000000, -1.000000000000000000, 0.000000000000000000 ) ) ;
#4354 = DIRECTION ( 'NONE',  ( 0.000000000000000000, -0.000000000000000000, 1.000000000000000000 ) ) ;
#4355 = EDGE_CURVE ( 'NONE', #3520, #1691, #4018, .T. ) ;
#4356 = DIRECTION ( 'NONE',  ( 0.000000000000000000, 0.000000000000000000, -1.000000000000000000 ) ) ;
#4357 = ORIENTED_EDGE ( 'NONE', *, *, #3018, .T. ) ;
#4358 = VECTOR ( 'NONE', #6860, 1.000000000000000000 ) ;
#4359 = CARTESIAN_POINT ( 'NONE',  ( -0.05000000000000000971, 0.04796257807826604519, -0.06495034905577767859 ) ) ;
#4360 = EDGE_LOOP ( 'NONE', ( #311, #6047, #2664 ) ) ;
#4361 = LINE ( 'NONE', #5992, #6069 ) ;
#4362 = CARTESIAN_POINT ( 'NONE',  ( 0.01399999999999999856, 0.1049999999999999822, -0.02299999999999999961 ) ) ;
#4363 = EDGE_LOOP ( 'NONE', ( #4410, #5985, #4691, #6221 ) ) ;
#4364 = ORIENTED_EDGE ( 'NONE', *, *, #2275, .F. ) ;
#4365 = PLANE ( 'NONE',  #1336 ) ;
#4366 = ORIENTED_EDGE ( 'NONE', *, *, #2977, .T. ) ;
#4367 = DIRECTION ( 'NONE',  ( -0.000000000000000000, 0.000000000000000000, 1.000000000000000000 ) ) ;
#4368 = DIRECTION ( 'NONE',  ( 1.000000000000000000, -1.541976423090494647E-16, 0.000000000000000000 ) ) ;
#4369 = DIRECTION ( 'NONE',  ( 0.000000000000000000, 0.000000000000000000, 1.000000000000000000 ) ) ;
#4370 = DIRECTION ( 'NONE',  ( 0.000000000000000000, 0.000000000000000000, -1.000000000000000000 ) ) ;
#4371 = VECTOR ( 'NONE', #4486, 1.000000000000000000 ) ;
#4372 = AXIS2_PLACEMENT_3D ( 'NONE', #3175, #2659, #2620 ) ;
#4373 = LINE ( 'NONE', #1210, #4383 ) ;
#4374 = AXIS2_PLACEMENT_3D ( 'NONE', #4166, #6350, #6319 ) ;
#4375 = CARTESIAN_POINT ( 'NONE',  ( 0.05000000000000000278, 0.04796257807826604519, -0.06495034905577767859 ) ) ;
#4376 = ORIENTED_EDGE ( 'NONE', *, *, #4023, .F. ) ;
#4377 = DIRECTION ( 'NONE',  ( 0.000000000000000000, 0.000000000000000000, 1.000000000000000000 ) ) ;
#4378 = EDGE_CURVE ( 'NONE', #5010, #2648, #4972, .T. ) ;
#4379 = DIRECTION ( 'NONE',  ( -0.000000000000000000, -0.000000000000000000, 1.000000000000000000 ) ) ;
#4380 = ORIENTED_EDGE ( 'NONE', *, *, #6307, .F. ) ;
#4381 = PLANE ( 'NONE',  #1997 ) ;
#4382 = ORIENTED_EDGE ( 'NONE', *, *, #2604, .F. ) ;
#4383 = VECTOR ( 'NONE', #2155, 1.000000000000000000 ) ;
#4384 = LINE ( 'NONE', #2330, #858 ) ;
#4385 = CYLINDRICAL_SURFACE ( 'NONE', #2656, 0.001000000000000000888 ) ;
#4386 = CARTESIAN_POINT ( 'NONE',  ( -0.01536994392277366700, 0.1045428611430424537, -0.02299999999999999961 ) ) ;
#4387 = EDGE_CURVE ( 'NONE', #1168, #3837, #6730, .T. ) ;
#4388 = DIRECTION ( 'NONE',  ( -0.000000000000000000, -0.000000000000000000, 1.000000000000000000 ) ) ;
#4389 = EDGE_CURVE ( 'NONE', #4232, #4613, #6880, .T. ) ;
#4390 = VECTOR ( 'NONE', #6341, 1.000000000000000000 ) ;
#4391 = VERTEX_POINT ( 'NONE', #5186 ) ;
#4392 = DIRECTION ( 'NONE',  ( -1.000000000000000000, 0.000000000000000000, 0.000000000000000000 ) ) ;
#4393 = ORIENTED_EDGE ( 'NONE', *, *, #2514, .F. ) ;
#4394 = DIRECTION ( 'NONE',  ( 1.000000000000000000, 0.000000000000000000, 0.000000000000000000 ) ) ;
#4395 = CC_DESIGN_PERSON_AND_ORGANIZATION_ASSIGNMENT ( #4843, #1664, ( #4757 ) ) ;
#4396 = CARTESIAN_POINT ( 'NONE',  ( 0.01299999999999999246, -0.09699999999999998901, 0.000000000000000000 ) ) ;
#4397 = ADVANCED_FACE ( 'NONE', ( #5686, #2599, #4650, #3637 ), #6765, .F. ) ;
#4398 = VERTEX_POINT ( 'NONE', #1412 ) ;
#4399 = VERTEX_POINT ( 'NONE', #1449 ) ;
#4400 = DIRECTION ( 'NONE',  ( -0.000000000000000000, -0.000000000000000000, -1.000000000000000000 ) ) ;
#4401 = ORIENTED_EDGE ( 'NONE', *, *, #3184, .F. ) ;
#4402 = LINE ( 'NONE', #249, #3615 ) ;
#4403 = VECTOR ( 'NONE', #2874, 1.000000000000000000 ) ;
#4404 = AXIS2_PLACEMENT_3D ( 'NONE', #5069, #6584, #1792 ) ;
#4405 = CARTESIAN_POINT ( 'NONE',  ( -0.02475000000000000117, 0.1020000000000000073, 0.009000000000000001055 ) ) ;
#4406 = DIRECTION ( 'NONE',  ( 0.000000000000000000, 0.000000000000000000, -1.000000000000000000 ) ) ;
#4407 = AXIS2_PLACEMENT_3D ( 'NONE', #1484, #5222, #1937 ) ;
#4408 = DIRECTION ( 'NONE',  ( -1.000000000000000000, -1.541976423090494401E-16, -0.000000000000000000 ) ) ;
#4409 = CARTESIAN_POINT ( 'NONE',  ( 0.01499999999999999251, -0.09299999999999998546, -0.002000000000000001776 ) ) ;
#4410 = ORIENTED_EDGE ( 'NONE', *, *, #6659, .T. ) ;
#4411 = CARTESIAN_POINT ( 'NONE',  ( 6.950147145528759451E-05, 0.1062714305715212193, -0.02099999999999999784 ) ) ;
#4412 = DIRECTION ( 'NONE',  ( -0.000000000000000000, -1.000000000000000000, 0.000000000000000000 ) ) ;
#4413 = VERTEX_POINT ( 'NONE', #4720 ) ;
#4414 = EDGE_CURVE ( 'NONE', #1421, #3865, #400, .T. ) ;
#4415 = DIRECTION ( 'NONE',  ( -1.000000000000000000, 0.000000000000000000, 0.000000000000000000 ) ) ;
#4416 = VERTEX_POINT ( 'NONE', #1969 ) ;
#4417 = ADVANCED_FACE ( 'NONE', ( #4581 ), #2460, .T. ) ;
#4418 = CARTESIAN_POINT ( 'NONE',  ( 0.06000000000000000472, 0.004296149561436859651, -0.009065587432989727357 ) ) ;
#4419 = FACE_OUTER_BOUND ( 'NONE', #3267, .T. ) ;
#4420 = DIRECTION ( 'NONE',  ( 1.000000000000000000, 0.000000000000000000, 0.000000000000000000 ) ) ;
#4421 = LINE ( 'NONE', #267, #5438 ) ;
#4422 = CIRCLE ( 'NONE', #3753, 0.001299999999999999073 ) ;
#4423 = VERTEX_POINT ( 'NONE', #3566 ) ;
#4424 = AXIS2_PLACEMENT_3D ( 'NONE', #3169, #591, #5346 ) ;
#4425 = VECTOR ( 'NONE', #2743, 1.000000000000000000 ) ;
#4426 = CARTESIAN_POINT ( 'NONE',  ( -0.05000000000000000971, 0.09199999999999999845, -0.003000000000000000062 ) ) ;
#4427 = EDGE_CURVE ( 'NONE', #4092, #4703, #5722, .T. ) ;
#4428 = EDGE_LOOP ( 'NONE', ( #5117, #3164 ) ) ;
#4429 = DIRECTION ( 'NONE',  ( 1.000000000000000000, 0.000000000000000000, 0.000000000000000000 ) ) ;
#4430 = CARTESIAN_POINT ( 'NONE',  ( 0.000000000000000000, 0.1149999999999999911, 0.000000000000000000 ) ) ;
#4431 = AXIS2_PLACEMENT_3D ( 'NONE', #5693, #2498, #1973 ) ;
#4432 = ORIENTED_EDGE ( 'NONE', *, *, #417, .F. ) ;
#4433 = VERTEX_POINT ( 'NONE', #4122 ) ;
#4434 = VECTOR ( 'NONE', #6553, 1.000000000000000000 ) ;
#4435 = CARTESIAN_POINT ( 'NONE',  ( 0.02999999999999999542, 0.01804832204050208291, -0.003000000000000000062 ) ) ;
#4436 = VERTEX_POINT ( 'NONE', #2529 ) ;
#4437 = CARTESIAN_POINT ( 'NONE',  ( 0.01000000000000000021, -0.09999999999999999167, -0.01630000000000000546 ) ) ;
#4438 = CARTESIAN_POINT ( 'NONE',  ( -0.01600000000000000033, 0.1099999999999999867, -0.02199999999999999872 ) ) ;
#4439 = FACE_OUTER_BOUND ( 'NONE', #2734, .T. ) ;
#4440 = CARTESIAN_POINT ( 'NONE',  ( 0.04999999999999999584, -0.09999999999999999167, 0.002000000000000000042 ) ) ;
#4441 = DIRECTION ( 'NONE',  ( 0.000000000000000000, 1.000000000000000000, 0.000000000000000000 ) ) ;
#4442 = CIRCLE ( 'NONE', #1439, 0.001000000000000000021 ) ;
#4443 = AXIS2_PLACEMENT_3D ( 'NONE', #1805, #3503, #5549 ) ;
#4444 = EDGE_LOOP ( 'NONE', ( #6652, #4087, #1372, #2834 ) ) ;
#4445 = LINE ( 'NONE', #3953, #6433 ) ;
#4446 = CARTESIAN_POINT ( 'NONE',  ( -0.02000000000000000042, 0.03799999999999999212, -0.008999999999999999320 ) ) ;
#4447 = ORIENTED_EDGE ( 'NONE', *, *, #3620, .F. ) ;
#4448 = TOROIDAL_SURFACE ( 'NONE', #5810, 0.004000000000000000083, 0.002000000000000000042 ) ;
#4449 = FACE_BOUND ( 'NONE', #6829, .T. ) ;
#4450 = EDGE_LOOP ( 'NONE', ( #5345, #3110, #3046, #2928 ) ) ;
#4451 = DIRECTION ( 'NONE',  ( -0.000000000000000000, 1.000000000000000000, -0.000000000000000000 ) ) ;
#4452 = CIRCLE ( 'NONE', #1452, 0.0009999999999999995871 ) ;
#4453 = LINE ( 'NONE', #4984, #5822 ) ;
#4454 = FACE_BOUND ( 'NONE', #243, .T. ) ;
#4455 = LINE ( 'NONE', #756, #2669 ) ;
#4456 = ORIENTED_EDGE ( 'NONE', *, *, #3065, .T. ) ;
#4457 = DIRECTION ( 'NONE',  ( 0.000000000000000000, -0.000000000000000000, -1.000000000000000000 ) ) ;
#4458 = VECTOR ( 'NONE', #5515, 1.000000000000000000 ) ;
#4459 = LINE ( 'NONE', #4491, #1259 ) ;
#4460 = ADVANCED_FACE ( 'NONE', ( #3121, #6272 ), #6871, .T. ) ;
#4461 = CARTESIAN_POINT ( 'NONE',  ( -0.05000000000000000278, -0.04298864926096757771, -0.06695034905577768036 ) ) ;
#4462 = AXIS2_PLACEMENT_3D ( 'NONE', #4112, #6265, #423 ) ;
#4463 = DIRECTION ( 'NONE',  ( 0.000000000000000000, -1.000000000000000000, 0.000000000000000000 ) ) ;
#4464 = VERTEX_POINT ( 'NONE', #3533 ) ;
#4465 = EDGE_LOOP ( 'NONE', ( #1352, #4456, #1183, #633 ) ) ;
#4466 = EDGE_CURVE ( 'NONE', #2634, #396, #5756, .T. ) ;
#4467 = DIRECTION ( 'NONE',  ( 0.000000000000000000, -0.000000000000000000, -1.000000000000000000 ) ) ;
#4468 = VECTOR ( 'NONE', #6129, 1.000000000000000000 ) ;
#4469 = EDGE_LOOP ( 'NONE', ( #4105, #2782, #1786, #5303 ) ) ;
#4470 = DIRECTION ( 'NONE',  ( 0.000000000000000000, -0.000000000000000000, -1.000000000000000000 ) ) ;
#4471 = PLANE ( 'NONE',  #6360 ) ;
#4472 = DIRECTION ( 'NONE',  ( -0.000000000000000000, 1.000000000000000000, -0.000000000000000000 ) ) ;
#4473 = EDGE_CURVE ( 'NONE', #5704, #5068, #2510, .T. ) ;
#4474 = DIRECTION ( 'NONE',  ( 1.000000000000000000, -0.000000000000000000, -0.000000000000000000 ) ) ;
#4475 = FACE_OUTER_BOUND ( 'NONE', #5922, .T. ) ;
#4476 = AXIS2_PLACEMENT_3D ( 'NONE', #1221, #1678, #3346 ) ;
#4477 = ORIENTED_EDGE ( 'NONE', *, *, #409, .T. ) ;
#4478 = DIRECTION ( 'NONE',  ( -1.000000000000000000, 0.000000000000000000, 0.000000000000000000 ) ) ;
#4479 = LINE ( 'NONE', #6633, #3125 ) ;
#4480 = AXIS2_PLACEMENT_3D ( 'NONE', #1684, #3212, #638 ) ;
#4481 = ADVANCED_FACE ( 'NONE', ( #5257 ), #2005, .F. ) ;
#4482 = VERTEX_POINT ( 'NONE', #6345 ) ;
#4483 = DIRECTION ( 'NONE',  ( -0.000000000000000000, -3.469446951953611033E-15, -1.000000000000000000 ) ) ;
#4484 = CARTESIAN_POINT ( 'NONE',  ( 0.01536994392277366700, 0.1045428611430424537, -0.02400000000000000050 ) ) ;
#4485 = CARTESIAN_POINT ( 'NONE',  ( -0.05000000000000000278, -0.04298864926096757771, -0.06095034905577770279 ) ) ;
#4486 = DIRECTION ( 'NONE',  ( 0.000000000000000000, -1.000000000000000000, 0.000000000000000000 ) ) ;
#4487 = DIRECTION ( 'NONE',  ( 0.000000000000000000, -1.000000000000000000, 0.000000000000000000 ) ) ;
#4488 = EDGE_LOOP ( 'NONE', ( #314, #1898, #1998, #1649 ) ) ;
#4489 = CARTESIAN_POINT ( 'NONE',  ( -0.02899999999999999453, 0.02299999999999999961, 0.000000000000000000 ) ) ;
#4490 = CARTESIAN_POINT ( 'NONE',  ( 0.06000000000000000472, 0.003500000000000003109, -0.02000000000000001082 ) ) ;
#4491 = CARTESIAN_POINT ( 'NONE',  ( -0.000000000000000000, 0.04874999999999998085, 0.000000000000000000 ) ) ;
#4492 = VECTOR ( 'NONE', #3915, 1.000000000000000000 ) ;
#4493 = LINE ( 'NONE', #6646, #4468 ) ;
#4494 = LINE ( 'NONE', #5098, #5899 ) ;
#4495 = ORIENTED_EDGE ( 'NONE', *, *, #2806, .T. ) ;
#4496 = ORIENTED_EDGE ( 'NONE', *, *, #4648, .T. ) ;
#4497 = ADVANCED_FACE ( 'NONE', ( #3672 ), #3014, .F. ) ;
#4498 = DIRECTION ( 'NONE',  ( -1.000000000000000000, 0.000000000000000000, 0.000000000000000000 ) ) ;
#4499 = ORIENTED_EDGE ( 'NONE', *, *, #1547, .F. ) ;
#4500 = FACE_OUTER_BOUND ( 'NONE', #6525, .T. ) ;
#4501 = ADVANCED_FACE ( 'NONE', ( #5829 ), #1030, .T. ) ;
#4502 = FACE_BOUND ( 'NONE', #6281, .T. ) ;
#4503 = DIRECTION ( 'NONE',  ( 0.000000000000000000, -0.000000000000000000, 1.000000000000000000 ) ) ;
#4504 = DIRECTION ( 'NONE',  ( 1.000000000000000000, 0.000000000000000000, 0.000000000000000000 ) ) ;
#4505 = VECTOR ( 'NONE', #3794, 1.000000000000000000 ) ;
#4506 = CIRCLE ( 'NONE', #6876, 0.001000000000000000021 ) ;
#4507 = CARTESIAN_POINT ( 'NONE',  ( -0.05700000000000000205, 0.006000000000000005329, -0.01500000000000000638 ) ) ;
#4508 = DIRECTION ( 'NONE',  ( 0.000000000000000000, 0.000000000000000000, -1.000000000000000000 ) ) ;
#4509 = EDGE_CURVE ( 'NONE', #2700, #672, #1590, .T. ) ;
#4510 = EDGE_CURVE ( 'NONE', #1432, #2314, #2190, .T. ) ;
#4511 =( BOUNDED_SURFACE ( )  B_SPLINE_SURFACE ( 3, 2, ( 
 ( #4164, #964, #5334 ),
 ( #580, #4689, #6841 ),
 ( #2639, #2193, #5374 ),
 ( #1558, #476, #2158 ),
 ( #1524, #6348, #3641 ),
 ( #5762, #4844, #6422 ) ),
 .UNSPECIFIED., .F., .F., .F. ) 
 B_SPLINE_SURFACE_WITH_KNOTS ( ( 4, 2, 4 ),
 ( 3, 3 ),
 ( 0.01031498324274467832, 0.01088247512655753264, 0.01144996701037038697 ),
 ( 0.000000000000000000, 1.000000000000000000 ),
 .UNSPECIFIED. ) 
 GEOMETRIC_REPRESENTATION_ITEM ( )  RATIONAL_B_SPLINE_SURFACE ( (
 ( 1.000000000000000000, 0.7071067811865487940, 1.000000000000000000),
 ( 1.000000000000000000, 0.7229138560283124848, 1.000000000000000000),
 ( 1.000000000000000000, 0.7383916854128234064, 1.000000000000000000),
 ( 1.000000000000000000, 0.7612478525504515758, 1.000000000000000000),
 ( 1.000000000000000000, 0.7684101135548933037, 1.000000000000000000),
 ( 1.000000000000000000, 0.7682768148736197622, 1.000000000000000000) ) ) 
 REPRESENTATION_ITEM ( '' )  SURFACE ( )  );
#4512 = EDGE_LOOP ( 'NONE', ( #4677, #165, #6151, #3970 ) ) ;
#4513 = VECTOR ( 'NONE', #92, 1.000000000000000000 ) ;
#4514 = CARTESIAN_POINT ( 'NONE',  ( 0.04200000000000000261, 0.04796257807826604519, -0.06095034905577770279 ) ) ;
#4515 = DIRECTION ( 'NONE',  ( -1.000000000000000000, 0.000000000000000000, -0.000000000000000000 ) ) ;
#4516 = VERTEX_POINT ( 'NONE', #2778 ) ;
#4517 = DIRECTION ( 'NONE',  ( 0.000000000000000000, 0.000000000000000000, -1.000000000000000000 ) ) ;
#4518 = EDGE_CURVE ( 'NONE', #3147, #4895, #16, .T. ) ;
#4519 = LINE ( 'NONE', #3990, #4090 ) ;
#4520 = AXIS2_PLACEMENT_3D ( 'NONE', #3380, #1223, #1257 ) ;
#4521 = DIRECTION ( 'NONE',  ( -0.000000000000000000, 0.000000000000000000, 1.000000000000000000 ) ) ;
#4522 = DIRECTION ( 'NONE',  ( -0.000000000000000000, 0.000000000000000000, -1.000000000000000000 ) ) ;
#4523 = PLANE ( 'NONE',  #877 ) ;
#4524 = VERTEX_POINT ( 'NONE', #4799 ) ;
#4525 = EDGE_CURVE ( 'NONE', #82, #980, #729, .T. ) ;
#4526 = LINE ( 'NONE', #6222, #6364 ) ;
#4527 = CARTESIAN_POINT ( 'NONE',  ( 0.01563900294291058549, 0.1089999999999999858, -0.02599999999999999881 ) ) ;
#4528 = CARTESIAN_POINT ( 'NONE',  ( 0.01563900294291058896, 0.1099999999999999867, -0.02599999999999999881 ) ) ;
#4529 = DIRECTION ( 'NONE',  ( 0.000000000000000000, 0.000000000000000000, -1.000000000000000000 ) ) ;
#4530 = EDGE_LOOP ( 'NONE', ( #4259, #779, #3050, #5227 ) ) ;
#4531 = VERTEX_POINT ( 'NONE', #3851 ) ;
#4532 = DIRECTION ( 'NONE',  ( -1.000000000000000000, 0.000000000000000000, -0.000000000000000000 ) ) ;
#4533 = ORIENTED_EDGE ( 'NONE', *, *, #4993, .F. ) ;
#4534 = LINE ( 'NONE', #6653, #1734 ) ;
#4535 = CARTESIAN_POINT ( 'NONE',  ( -0.06000000000000000472, -0.01242252077633198074, -0.02101765814254362430 ) ) ;
#4536 = VECTOR ( 'NONE', #1287, 1.000000000000000000 ) ;
#4537 = CARTESIAN_POINT ( 'NONE',  ( 0.02000000000000000042, -0.03200000000000001454, -0.008999999999999999320 ) ) ;
#4538 = AXIS2_PLACEMENT_3D ( 'NONE', #4409, #3950, #715 ) ;
#4539 = VERTEX_POINT ( 'NONE', #1660 ) ;
#4540 = DIRECTION ( 'NONE',  ( -1.000000000000000000, -0.000000000000000000, -0.000000000000000000 ) ) ;
#4541 = EDGE_CURVE ( 'NONE', #2654, #3532, #1136, .T. ) ;
#4542 = CARTESIAN_POINT ( 'NONE',  ( -0.01300000000000000634, -0.09999999999999999167, -0.002000000000000001776 ) ) ;
#4543 = CARTESIAN_POINT ( 'NONE',  ( 0.02999999999999999542, 0.01104832204050208884, -0.003000000000000000062 ) ) ;
#4544 = ORIENTED_EDGE ( 'NONE', *, *, #6198, .F. ) ;
#4545 = PLANE ( 'NONE',  #5540 ) ;
#4546 = FACE_OUTER_BOUND ( 'NONE', #2416, .T. ) ;
#4547 = ORIENTED_EDGE ( 'NONE', *, *, #6735, .T. ) ;
#4548 = AXIS2_PLACEMENT_3D ( 'NONE', #5256, #3085, #2563 ) ;
#4549 = EDGE_CURVE ( 'NONE', #495, #3648, #3706, .T. ) ;
#4550 = EDGE_CURVE ( 'NONE', #6113, #330, #4267, .T. ) ;
#4551 = CIRCLE ( 'NONE', #111, 0.001000000000000000888 ) ;
#4552 = CARTESIAN_POINT ( 'NONE',  ( 0.05699999999999999512, 0.03996257807826604502, -0.07299999999999999545 ) ) ;
#4553 = CARTESIAN_POINT ( 'NONE',  ( -0.05700000000000000205, 0.006000000000000005329, -0.01500000000000000638 ) ) ;
#4554 = ORIENTED_EDGE ( 'NONE', *, *, #2057, .T. ) ;
#4555 = DIRECTION ( 'NONE',  ( 0.000000000000000000, 1.000000000000000000, -0.000000000000000000 ) ) ;
#4556 = CIRCLE ( 'NONE', #3774, 0.001000000000000000888 ) ;
#4557 = CARTESIAN_POINT ( 'NONE',  ( 0.05000000000000000278, 0.006000000000000005329, -0.01500000000000000638 ) ) ;
#4558 = EDGE_LOOP ( 'NONE', ( #5445, #5623, #568, #687, #6770, #870, #3179, #4401, #2377, #6318, #163, #3181 ) ) ;
#4559 = EDGE_CURVE ( 'NONE', #4899, #1995, #5439, .T. ) ;
#4560 = CARTESIAN_POINT ( 'NONE',  ( 0.000000000000000000, 0.09024999999999998301, 0.007000000000000000146 ) ) ;
#4561 = VECTOR ( 'NONE', #1438, 1.000000000000000000 ) ;
#4562 = CARTESIAN_POINT ( 'NONE',  ( -0.05000000000000000278, -0.01399999999999999856, -0.01370000000000001598 ) ) ;
#4563 = CYLINDRICAL_SURFACE ( 'NONE', #791, 0.001000000000000000888 ) ;
#4564 = CARTESIAN_POINT ( 'NONE',  ( 0.008376574485834620276, -0.09999999999999999167, -0.009294206067218903355 ) ) ;
#4565 = VERTEX_POINT ( 'NONE', #5369 ) ;
#4566 = EDGE_LOOP ( 'NONE', ( #414, #6439, #3069, #6900 ) ) ;
#4567 = VECTOR ( 'NONE', #6022, 1.000000000000000000 ) ;
#4568 = AXIS2_PLACEMENT_3D ( 'NONE', #5794, #4721, #472 ) ;
#4569 = CARTESIAN_POINT ( 'NONE',  ( 0.02000000000000000042, 0.03799999999999999212, -0.008999999999999999320 ) ) ;
#4570 = VERTEX_POINT ( 'NONE', #2187 ) ;
#4571 = DIRECTION ( 'NONE',  ( -0.000000000000000000, 1.000000000000000000, -0.000000000000000000 ) ) ;
#4572 = DIRECTION ( 'NONE',  ( 0.000000000000000000, 0.000000000000000000, -1.000000000000000000 ) ) ;
#4573 = DIRECTION ( 'NONE',  ( 0.000000000000000000, 0.000000000000000000, -1.000000000000000000 ) ) ;
#4574 = ORIENTED_EDGE ( 'NONE', *, *, #2804, .F. ) ;
#4575 = CARTESIAN_POINT ( 'NONE',  ( 0.01399999999999999856, 0.1059999999999999831, -0.02299999999999999961 ) ) ;
#4576 = CIRCLE ( 'NONE', #3568, 0.001000000000000000238 ) ;
#4577 = ORIENTED_EDGE ( 'NONE', *, *, #4948, .T. ) ;
#4578 = LINE ( 'NONE', #1900, #6858 ) ;
#4579 = CARTESIAN_POINT ( 'NONE',  ( 0.000000000000000000, 0.000000000000000000, -0.07299999999999999545 ) ) ;
#4580 = ORIENTED_EDGE ( 'NONE', *, *, #3382, .F. ) ;
#4581 = FACE_OUTER_BOUND ( 'NONE', #4675, .T. ) ;
#4582 = DIRECTION ( 'NONE',  ( 0.000000000000000000, -1.000000000000000000, 0.000000000000000000 ) ) ;
#4583 = ORIENTED_EDGE ( 'NONE', *, *, #4021, .F. ) ;
#4584 = EDGE_CURVE ( 'NONE', #109, #6649, #1625, .T. ) ;
#4585 = FACE_BOUND ( 'NONE', #975, .T. ) ;
#4586 = CARTESIAN_POINT ( 'NONE',  ( 0.01399999999999999856, 0.1089999999999999858, -0.02299999999999999961 ) ) ;
#4587 = EDGE_CURVE ( 'NONE', #84, #5355, #3259, .T. ) ;
#4588 = ORIENTED_EDGE ( 'NONE', *, *, #2481, .T. ) ;
#4589 = CARTESIAN_POINT ( 'NONE',  ( 0.01650000000000000772, 0.1199999999999999956, 0.006999999999999995809 ) ) ;
#4590 = DIRECTION ( 'NONE',  ( 0.000000000000000000, 0.000000000000000000, -1.000000000000000000 ) ) ;
#4591 = ORIENTED_EDGE ( 'NONE', *, *, #6571, .T. ) ;
#4592 = VECTOR ( 'NONE', #450, 1.000000000000000000 ) ;
#4593 = CARTESIAN_POINT ( 'NONE',  ( -0.06000000000000000472, -0.01242252077633198074, -0.009065587432989727357 ) ) ;
#4594 = LINE ( 'NONE', #6710, #6011 ) ;
#4595 = EDGE_CURVE ( 'NONE', #2226, #374, #1695, .T. ) ;
#4596 = ADVANCED_FACE ( 'NONE', ( #2220 ), #6486, .T. ) ;
#4597 = DIRECTION ( 'NONE',  ( -1.000000000000000000, 0.000000000000000000, 0.000000000000000000 ) ) ;
#4598 = CARTESIAN_POINT ( 'NONE',  ( -0.05699999999999999512, 0.03996257807826604502, -0.07299999999999999545 ) ) ;
#4599 = VERTEX_POINT ( 'NONE', #2253 ) ;
#4600 = ORIENTED_EDGE ( 'NONE', *, *, #6629, .T. ) ;
#4601 = CARTESIAN_POINT ( 'NONE',  ( -0.01399999999999999856, 0.1039999999999999813, 0.000000000000000000 ) ) ;
#4602 = CC_DESIGN_DATE_AND_TIME_ASSIGNMENT ( #3193, #3229, ( #2612 ) ) ;
#4603 = EDGE_LOOP ( 'NONE', ( #262, #1146, #6737, #5188 ) ) ;
#4604 = CARTESIAN_POINT ( 'NONE',  ( 0.05000000000000000278, 0.003500000000000003109, -0.01000000000000000888 ) ) ;
#4605 = VECTOR ( 'NONE', #4303, 1.000000000000000000 ) ;
#4606 = FACE_OUTER_BOUND ( 'NONE', #6099, .T. ) ;
#4607 = DIRECTION ( 'NONE',  ( -0.000000000000000000, -0.000000000000000000, 1.000000000000000000 ) ) ;
#4608 = APPROVAL_PERSON_ORGANIZATION ( #544, #2435, #1629 ) ;
#4609 = EDGE_CURVE ( 'NONE', #2965, #3147, #4336, .T. ) ;
#4610 = EDGE_LOOP ( 'NONE', ( #4049, #6910 ) ) ;
#4611 = LINE ( 'NONE', #5289, #2832 ) ;
#4612 = DIRECTION ( 'NONE',  ( -0.000000000000000000, 1.000000000000000000, -0.000000000000000000 ) ) ;
#4613 = VERTEX_POINT ( 'NONE', #5405 ) ;
#4614 = DIRECTION ( 'NONE',  ( 1.000000000000000000, 0.000000000000000000, 0.000000000000000000 ) ) ;
#4615 = CARTESIAN_POINT ( 'NONE',  ( -0.01536994392277366700, 0.1035428611430424528, -0.02400000000000000050 ) ) ;
#4616 = VERTEX_POINT ( 'NONE', #613 ) ;
#4617 = DIRECTION ( 'NONE',  ( 0.000000000000000000, 1.000000000000000000, 0.000000000000000000 ) ) ;
#4618 = DIRECTION ( 'NONE',  ( 0.000000000000000000, 1.000000000000000000, 0.000000000000000000 ) ) ;
#4619 = AXIS2_PLACEMENT_3D ( 'NONE', #1102, #5931, #3224 ) ;
#4620 = VERTEX_POINT ( 'NONE', #3812 ) ;
#4621 = DIRECTION ( 'NONE',  ( 0.000000000000000000, 1.000000000000000000, -0.000000000000000000 ) ) ;
#4622 = CARTESIAN_POINT ( 'NONE',  ( 0.05699999999999999512, 0.04796257807826604519, -0.07299999999999999545 ) ) ;
#4623 = ORIENTED_EDGE ( 'NONE', *, *, #2548, .T. ) ;
#4624 = AXIS2_PLACEMENT_3D ( 'NONE', #364, #2493, #4683 ) ;
#4625 = EDGE_CURVE ( 'NONE', #3562, #3891, #5876, .T. ) ;
#4626 = DIRECTION ( 'NONE',  ( -0.000000000000000000, -0.000000000000000000, -1.000000000000000000 ) ) ;
#4627 = DIRECTION ( 'NONE',  ( -0.000000000000000000, -0.000000000000000000, -1.000000000000000000 ) ) ;
#4628 = CARTESIAN_POINT ( 'NONE',  ( -0.02475000000000000117, 0.1020000000000000073, 0.000000000000000000 ) ) ;
#4629 = DIRECTION ( 'NONE',  ( -1.541976423090494647E-16, -1.000000000000000000, 0.000000000000000000 ) ) ;
#4630 = EDGE_LOOP ( 'NONE', ( #501, #4258, #4588, #57 ) ) ;
#4631 = ORIENTED_EDGE ( 'NONE', *, *, #4609, .T. ) ;
#4632 = EDGE_CURVE ( 'NONE', #4200, #2197, #6518, .T. ) ;
#4633 = EDGE_CURVE ( 'NONE', #5544, #1872, #6911, .T. ) ;
#4634 = PLANE ( 'NONE',  #3119 ) ;
#4635 = ORIENTED_EDGE ( 'NONE', *, *, #1034, .T. ) ;
#4636 = DIRECTION ( 'NONE',  ( 1.000000000000000000, 0.000000000000000000, 0.000000000000000000 ) ) ;
#4637 = LINE ( 'NONE', #5280, #2693 ) ;
#4638 = CARTESIAN_POINT ( 'NONE',  ( -0.01000000000000000194, 0.1049999999999999822, -0.01370000000000000037 ) ) ;
#4639 = ORIENTED_EDGE ( 'NONE', *, *, #6928, .F. ) ;
#4640 = ORIENTED_EDGE ( 'NONE', *, *, #5644, .F. ) ;
#4641 = AXIS2_PLACEMENT_3D ( 'NONE', #6425, #2124, #6394 ) ;
#4642 = EDGE_CURVE ( 'NONE', #1791, #6408, #3177, .T. ) ;
#4643 = VECTOR ( 'NONE', #2405, 1.000000000000000000 ) ;
#4644 = VERTEX_POINT ( 'NONE', #3189 ) ;
#4645 = CARTESIAN_POINT ( 'NONE',  ( -0.01300000000000000461, -0.09499999999999998723, -0.02500000000000000139 ) ) ;
#4646 = CARTESIAN_POINT ( 'NONE',  ( -0.06000000000000000472, -0.01242252077633198074, -0.009065587432989727357 ) ) ;
#4647 = AXIS2_PLACEMENT_3D ( 'NONE', #2490, #4612, #6762 ) ;
#4648 = EDGE_CURVE ( 'NONE', #2803, #1995, #1849, .T. ) ;
#4649 = EDGE_LOOP ( 'NONE', ( #2745, #5891, #180, #723 ) ) ;
#4650 = FACE_BOUND ( 'NONE', #2738, .T. ) ;
#4651 = DIRECTION ( 'NONE',  ( -0.000000000000000000, -0.000000000000000000, -1.000000000000000000 ) ) ;
#4652 = AXIS2_PLACEMENT_3D ( 'NONE', #619, #6522, #5444 ) ;
#4653 = ORIENTED_EDGE ( 'NONE', *, *, #2417, .F. ) ;
#4654 = CARTESIAN_POINT ( 'NONE',  ( -0.000000000000000000, 0.09200000000000001232, 0.000000000000000000 ) ) ;
#4655 = DIRECTION ( 'NONE',  ( -1.000000000000000000, 0.000000000000000000, 0.000000000000000000 ) ) ;
#4656 = ORIENTED_EDGE ( 'NONE', *, *, #1796, .T. ) ;
#4657 = DIRECTION ( 'NONE',  ( -0.000000000000000000, -0.000000000000000000, 1.000000000000000000 ) ) ;
#4658 = CARTESIAN_POINT ( 'NONE',  ( -0.05700000000000000205, -0.01399999999999999856, -0.01500000000000001332 ) ) ;
#4659 = EDGE_LOOP ( 'NONE', ( #3775, #6181, #5426, #276 ) ) ;
#4660 = DIRECTION ( 'NONE',  ( 0.000000000000000000, 0.000000000000000000, -1.000000000000000000 ) ) ;
#4661 = CARTESIAN_POINT ( 'NONE',  ( -0.05700000000000000205, 0.004296149561436854447, -0.02101765814254362430 ) ) ;
#4662 = AXIS2_PLACEMENT_3D ( 'NONE', #6388, #4725, #3708 ) ;
#4663 = LINE ( 'NONE', #4740, #4940 ) ;
#4664 = FACE_OUTER_BOUND ( 'NONE', #5325, .T. ) ;
#4665 = ORIENTED_EDGE ( 'NONE', *, *, #3485, .F. ) ;
#4666 = VERTEX_POINT ( 'NONE', #1241 ) ;
#4667 = VECTOR ( 'NONE', #2836, 1.000000000000000000 ) ;
#4668 = CARTESIAN_POINT ( 'NONE',  ( 0.01399999999999999856, 0.1042714305715212175, -0.02296245802238002995 ) ) ;
#4669 = EDGE_CURVE ( 'NONE', #4165, #668, #5428, .T. ) ;
#4670 = ORIENTED_EDGE ( 'NONE', *, *, #1318, .F. ) ;
#4671 = DIRECTION ( 'NONE',  ( 1.000000000000000000, 0.000000000000000000, 0.000000000000000000 ) ) ;
#4672 = CARTESIAN_POINT ( 'NONE',  ( -0.01536994392277366700, 0.1045428611430424537, -0.02299999999999999961 ) ) ;
#4673 = LINE ( 'NONE', #2027, #1908 ) ;
#4674 = EDGE_CURVE ( 'NONE', #1233, #4191, #2418, .T. ) ;
#4675 = EDGE_LOOP ( 'NONE', ( #4999, #3630, #5185, #1343 ) ) ;
#4676 = EDGE_LOOP ( 'NONE', ( #803, #6528 ) ) ;
#4677 = ORIENTED_EDGE ( 'NONE', *, *, #5976, .T. ) ;
#4678 = ORIENTED_EDGE ( 'NONE', *, *, #6199, .T. ) ;
#4679 = DIRECTION ( 'NONE',  ( 0.000000000000000000, -0.000000000000000000, -1.000000000000000000 ) ) ;
#4680 = CYLINDRICAL_SURFACE ( 'NONE', #1427, 0.001299999999999999073 ) ;
#4681 = EDGE_CURVE ( 'NONE', #6680, #5783, #6317, .T. ) ;
#4682 = EDGE_LOOP ( 'NONE', ( #4670, #1101, #4547, #3017 ) ) ;
#4683 = DIRECTION ( 'NONE',  ( 1.000000000000000000, 0.000000000000000000, 0.000000000000000000 ) ) ;
#4684 = DIRECTION ( 'NONE',  ( -0.000000000000000000, 0.000000000000000000, 1.000000000000000000 ) ) ;
#4685 = VECTOR ( 'NONE', #97, 1.000000000000000000 ) ;
#4686 = EDGE_LOOP ( 'NONE', ( #1363, #1986, #4206, #6797 ) ) ;
#4687 = CARTESIAN_POINT ( 'NONE',  ( 0.02475000000000000117, 0.1020000000000000073, 0.000000000000000000 ) ) ;
#4688 = VECTOR ( 'NONE', #5097, 1.000000000000000000 ) ;
#4689 = CARTESIAN_POINT ( 'NONE',  ( 0.01663900294291155435, 0.1050098391780036611, -0.02304382692388262308 ) ) ;
#4690 = ADVANCED_FACE ( 'NONE', ( #3945 ), #4971, .F. ) ;
#4691 = ORIENTED_EDGE ( 'NONE', *, *, #4901, .F. ) ;
#4692 = DIRECTION ( 'NONE',  ( 1.000000000000000000, 0.000000000000000000, 0.000000000000000000 ) ) ;
#4693 = CARTESIAN_POINT ( 'NONE',  ( 0.04999999999999999584, 0.000000000000000000, 0.007000000000000000146 ) ) ;
#4694 = ORIENTED_EDGE ( 'NONE', *, *, #3866, .F. ) ;
#4695 = CARTESIAN_POINT ( 'NONE',  ( -0.01600000000000000033, 0.1089999999999999858, -0.001000000000000000888 ) ) ;
#4696 = LINE ( 'NONE', #5805, #1207 ) ;
#4697 = CARTESIAN_POINT ( 'NONE',  ( 0.01699999999999999428, -0.09999999999999999167, -0.002000000000000001776 ) ) ;
#4698 = CARTESIAN_POINT ( 'NONE',  ( -0.008309900245939860763, 0.1149999999999999911, -0.02070664331622527193 ) ) ;
#4699 = VECTOR ( 'NONE', #1082, 1.000000000000000000 ) ;
#4700 = ORIENTED_EDGE ( 'NONE', *, *, #39, .T. ) ;
#4701 = CIRCLE ( 'NONE', #4829, 0.001299999999999999073 ) ;
#4702 = CARTESIAN_POINT ( 'NONE',  ( 0.01499376685930596011, 0.1035428611430424528, -0.02309974421985162146 ) ) ;
#4703 = VERTEX_POINT ( 'NONE', #6139 ) ;
#4704 = AXIS2_PLACEMENT_3D ( 'NONE', #6219, #3541, #5695 ) ;
#4705 = DIRECTION ( 'NONE',  ( -1.000000000000000000, 0.000000000000000000, 0.000000000000000000 ) ) ;
#4706 = DIRECTION ( 'NONE',  ( -0.000000000000000000, 1.000000000000000000, -0.000000000000000000 ) ) ;
#4707 = CARTESIAN_POINT ( 'NONE',  ( -0.008309900245939860763, 0.1099999999999999867, -0.02070664331622527193 ) ) ;
#4708 = ORIENTED_EDGE ( 'NONE', *, *, #2944, .F. ) ;
#4709 = EDGE_CURVE ( 'NONE', #4516, #1687, #1338, .T. ) ;
#4710 = ORIENTED_EDGE ( 'NONE', *, *, #1947, .F. ) ;
#4711 = ORIENTED_EDGE ( 'NONE', *, *, #6170, .T. ) ;
#4712 = CARTESIAN_POINT ( 'NONE',  ( 0.01563900294291058549, 0.1045428611430424537, -0.02299999999999999961 ) ) ;
#4713 = VECTOR ( 'NONE', #848, 1.000000000000000000 ) ;
#4714 = EDGE_CURVE ( 'NONE', #6050, #6423, #2403, .T. ) ;
#4715 = ORIENTED_EDGE ( 'NONE', *, *, #1740, .F. ) ;
#4716 = CARTESIAN_POINT ( 'NONE',  ( -0.05000000000000000278, -0.04298864926096757771, -0.06095034905577770279 ) ) ;
#4717 = LINE ( 'NONE', #1445, #6453 ) ;
#4718 = VERTEX_POINT ( 'NONE', #3460 ) ;
#4719 = CC_DESIGN_APPROVAL ( #386, ( #6166 ) ) ;
#4720 = CARTESIAN_POINT ( 'NONE',  ( 0.01650000000000000772, 0.1099999999999999867, 0.001000000000000000021 ) ) ;
#4721 = DIRECTION ( 'NONE',  ( -0.000000000000000000, -0.000000000000000000, 1.000000000000000000 ) ) ;
#4722 = VERTEX_POINT ( 'NONE', #1274 ) ;
#4723 = EDGE_CURVE ( 'NONE', #3279, #5544, #6106, .T. ) ;
#4724 = EDGE_CURVE ( 'NONE', #3216, #2199, #5610, .T. ) ;
#4725 = DIRECTION ( 'NONE',  ( 0.000000000000000000, -1.000000000000000000, 0.000000000000000000 ) ) ;
#4726 =( GEOMETRIC_REPRESENTATION_CONTEXT ( 3 ) GLOBAL_UNCERTAINTY_ASSIGNED_CONTEXT ( ( #4056 ) ) GLOBAL_UNIT_ASSIGNED_CONTEXT ( ( #2033, #3632, #2603 ) ) REPRESENTATION_CONTEXT ( 'NONE', 'WORKASPACE' ) );
#4727 = DIRECTION ( 'NONE',  ( 0.000000000000000000, 0.000000000000000000, 1.000000000000000000 ) ) ;
#4728 = FACE_OUTER_BOUND ( 'NONE', #953, .T. ) ;
#4729 = ORIENTED_EDGE ( 'NONE', *, *, #5989, .F. ) ;
#4730 = DIRECTION ( 'NONE',  ( 0.000000000000000000, 0.000000000000000000, 1.000000000000000000 ) ) ;
#4731 = DIRECTION ( 'NONE',  ( 1.000000000000000000, 0.000000000000000000, 0.000000000000000000 ) ) ;
#4732 = VERTEX_POINT ( 'NONE', #6071 ) ;
#4733 = ADVANCED_FACE ( 'NONE', ( #2904 ), #682, .T. ) ;
#4734 = CARTESIAN_POINT ( 'NONE',  ( -0.01499999999999999944, 0.1089999999999999858, -0.001000000000000000888 ) ) ;
#4735 = ORIENTED_EDGE ( 'NONE', *, *, #3829, .F. ) ;
#4736 = AXIS2_PLACEMENT_3D ( 'NONE', #2812, #4939, #810 ) ;
#4737 = VECTOR ( 'NONE', #982, 1.000000000000000000 ) ;
#4738 = PLANE ( 'NONE',  #1648 ) ;
#4739 =( BOUNDED_SURFACE ( )  B_SPLINE_SURFACE ( 3, 2, ( 
 ( #1768, #3890, #656 ),
 ( #6046, #4917, #2259 ),
 ( #1733, #3856, #6010 ),
 ( #1214, #1249, #5723 ),
 ( #1938, #3087, #2494 ),
 ( #2565, #6273, #4615 ) ),
 .UNSPECIFIED., .F., .F., .T. ) 
 B_SPLINE_SURFACE_WITH_KNOTS ( ( 4, 2, 4 ),
 ( 3, 3 ),
 ( 0.000000000000000000, 0.0006859999912315931873, 0.001371999982463186375 ),
 ( 0.000000000000000000, 1.000000000000000000 ),
 .UNSPECIFIED. ) 
 GEOMETRIC_REPRESENTATION_ITEM ( )  RATIONAL_B_SPLINE_SURFACE ( (
 ( 1.000000000000000000, 0.7973175564106300683, 1.000000000000000000),
 ( 1.000000000000000000, 0.7976080428033137659, 1.000000000000000000),
 ( 1.000000000000000000, 0.7847152802073972255, 1.000000000000000000),
 ( 1.000000000000000000, 0.7491788068638419729, 1.000000000000000000),
 ( 1.000000000000000000, 0.7270946655610128762, 1.000000000000000000),
 ( 1.000000000000000000, 0.7071067811865487940, 1.000000000000000000) ) ) 
 REPRESENTATION_ITEM ( '' )  SURFACE ( )  );
#4740 = CARTESIAN_POINT ( 'NONE',  ( -0.01500000000000000638, -0.09799999999999998990, -0.02500000000000000139 ) ) ;
#4741 = CARTESIAN_POINT ( 'NONE',  ( 0.05700000000000000205, -0.01399999999999999856, -0.01500000000000001332 ) ) ;
#4742 = AXIS2_PLACEMENT_3D ( 'NONE', #622, #5480, #582 ) ;
#4743 = ORIENTED_EDGE ( 'NONE', *, *, #1226, .F. ) ;
#4744 = DIRECTION ( 'NONE',  ( -0.000000000000000000, -0.000000000000000000, -1.000000000000000000 ) ) ;
#4745 = ORIENTED_EDGE ( 'NONE', *, *, #4979, .T. ) ;
#4746 = CARTESIAN_POINT ( 'NONE',  ( -0.05700000000000000899, -0.04303742192173399400, 0.007000000000000000146 ) ) ;
#4747 = CARTESIAN_POINT ( 'NONE',  ( 0.01049999999999999892, 0.09024999999999998301, 0.000000000000000000 ) ) ;
#4748 = CARTESIAN_POINT ( 'NONE',  ( 0.04200000000000000261, 0.000000000000000000, 0.000000000000000000 ) ) ;
#4749 = ORIENTED_EDGE ( 'NONE', *, *, #4869, .F. ) ;
#4750 = ORIENTED_EDGE ( 'NONE', *, *, #3820, .T. ) ;
#4751 = EDGE_LOOP ( 'NONE', ( #1894, #929, #1921, #415 ) ) ;
#4752 = DIRECTION ( 'NONE',  ( 1.000000000000000000, 0.000000000000000000, 0.000000000000000000 ) ) ;
#4753 = ORIENTED_EDGE ( 'NONE', *, *, #4994, .F. ) ;
#4754 = DIRECTION ( 'NONE',  ( 0.000000000000000000, 0.000000000000000000, 1.000000000000000000 ) ) ;
#4755 = DIRECTION ( 'NONE',  ( 0.000000000000000000, 0.000000000000000000, -1.000000000000000000 ) ) ;
#4756 = EDGE_CURVE ( 'NONE', #6702, #2982, #6804, .T. ) ;
#4757 = PRODUCT ( 'base1', 'base1', '', ( #6878 ) ) ;
#4758 = FACE_OUTER_BOUND ( 'NONE', #3973, .T. ) ;
#4759 = DIRECTION ( 'NONE',  ( 1.000000000000000000, 0.000000000000000000, 0.000000000000000000 ) ) ;
#4760 = EDGE_CURVE ( 'NONE', #1691, #4599, #3328, .T. ) ;
#4761 = ORIENTED_EDGE ( 'NONE', *, *, #4780, .T. ) ;
#4762 = AXIS2_PLACEMENT_3D ( 'NONE', #4527, #2993, #1887 ) ;
#4763 = AXIS2_PLACEMENT_3D ( 'NONE', #797, #5633, #1819 ) ;
#4764 = DIRECTION ( 'NONE',  ( -0.000000000000000000, -0.000000000000000000, 1.000000000000000000 ) ) ;
#4765 = CALENDAR_DATE ( 2026, 12, 8 ) ;
#4766 = FACE_OUTER_BOUND ( 'NONE', #6931, .T. ) ;
#4767 = CARTESIAN_POINT ( 'NONE',  ( 0.008376574485834620276, -0.09999999999999999167, -0.009294206067218903355 ) ) ;
#4768 = VECTOR ( 'NONE', #2677, 1.000000000000000000 ) ;
#4769 = VERTEX_POINT ( 'NONE', #5006 ) ;
#4770 = LINE ( 'NONE', #5160, #811 ) ;
#4771 = EDGE_CURVE ( 'NONE', #2390, #2070, #5508, .T. ) ;
#4772 = DIRECTION ( 'NONE',  ( 0.000000000000000000, 0.000000000000000000, 1.000000000000000000 ) ) ;
#4773 = AXIS2_PLACEMENT_3D ( 'NONE', #4543, #5649, #1376 ) ;
#4774 = FACE_OUTER_BOUND ( 'NONE', #2589, .T. ) ;
#4775 = VERTEX_POINT ( 'NONE', #3882 ) ;
#4776 = LINE ( 'NONE', #2129, #5215 ) ;
#4777 = LINE ( 'NONE', #5842, #145 ) ;
#4778 = EDGE_CURVE ( 'NONE', #1613, #575, #1067, .T. ) ;
#4779 = LINE ( 'NONE', #521, #4170 ) ;
#4780 = EDGE_CURVE ( 'NONE', #3717, #654, #187, .T. ) ;
#4781 = ORIENTED_EDGE ( 'NONE', *, *, #6793, .F. ) ;
#4782 = DIRECTION ( 'NONE',  ( 0.000000000000000000, 0.000000000000000000, -1.000000000000000000 ) ) ;
#4783 = VECTOR ( 'NONE', #2095, 1.000000000000000000 ) ;
#4784 = VECTOR ( 'NONE', #2198, 1.000000000000000000 ) ;
#4785 = EDGE_CURVE ( 'NONE', #216, #3079, #5763, .T. ) ;
#4786 = ORIENTED_EDGE ( 'NONE', *, *, #1071, .T. ) ;
#4787 = DIRECTION ( 'NONE',  ( -0.000000000000000000, -0.000000000000000000, 1.000000000000000000 ) ) ;
#4788 = CARTESIAN_POINT ( 'NONE',  ( 0.05000000000000000278, -0.04303742192173399400, -0.05895034905577770795 ) ) ;
#4789 = ORIENTED_EDGE ( 'NONE', *, *, #1623, .F. ) ;
#4790 = ORIENTED_EDGE ( 'NONE', *, *, #1309, .T. ) ;
#4791 = ORIENTED_EDGE ( 'NONE', *, *, #2678, .T. ) ;
#4792 = AXIS2_PLACEMENT_3D ( 'NONE', #356, #2382, #4503 ) ;
#4793 = DIRECTION ( 'NONE',  ( -0.000000000000000000, -0.000000000000000000, -1.000000000000000000 ) ) ;
#4794 = EDGE_LOOP ( 'NONE', ( #1200, #1493, #3137, #2107 ) ) ;
#4795 = FACE_BOUND ( 'NONE', #3403, .T. ) ;
#4796 = CARTESIAN_POINT ( 'NONE',  ( -0.05000000000000000971, 0.000000000000000000, 0.000000000000000000 ) ) ;
#4797 = AXIS2_PLACEMENT_3D ( 'NONE', #2729, #2762, #4321 ) ;
#4798 = ORIENTED_EDGE ( 'NONE', *, *, #89, .T. ) ;
#4799 = CARTESIAN_POINT ( 'NONE',  ( 0.02375000000000000028, 0.1020000000000000073, 0.000000000000000000 ) ) ;
#4800 = ORIENTED_EDGE ( 'NONE', *, *, #1502, .T. ) ;
#4801 = VECTOR ( 'NONE', #1496, 1.000000000000000000 ) ;
#4802 = VECTOR ( 'NONE', #4379, 1.000000000000000000 ) ;
#4803 = DIRECTION ( 'NONE',  ( -0.000000000000000000, -0.000000000000000000, -1.000000000000000000 ) ) ;
#4804 = APPLICATION_PROTOCOL_DEFINITION ( 'international standard', 'config_control_design', 1994, #2447 ) ;
#4805 = PLANE ( 'NONE',  #4320 ) ;
#4806 = VECTOR ( 'NONE', #2968, 1.000000000000000000 ) ;
#4807 = CARTESIAN_POINT ( 'NONE',  ( -0.05700000000000000205, 0.006000000000000005329, -0.01370000000000000731 ) ) ;
#4808 = EDGE_LOOP ( 'NONE', ( #5174, #3196, #5740, #6271 ) ) ;
#4809 = FACE_OUTER_BOUND ( 'NONE', #1228, .T. ) ;
#4810 = DIRECTION ( 'NONE',  ( 0.000000000000000000, 0.000000000000000000, 1.000000000000000000 ) ) ;
#4811 = ORIENTED_EDGE ( 'NONE', *, *, #3081, .T. ) ;
#4812 = ADVANCED_FACE ( 'NONE', ( #4439 ), #1795, .T. ) ;
#4813 = B_SPLINE_CURVE_WITH_KNOTS ( 'NONE', 3,
 ( #6527, #3987, #2326, #1803, #2817, #3431 ),
 .UNSPECIFIED., .F., .F.,
 ( 4, 2, 4 ),
 ( 0.000000000000000000, 0.0005801979929737748889, 0.001160395985947549778 ),
 .UNSPECIFIED. ) ;
#4814 = AXIS2_PLACEMENT_3D ( 'NONE', #1360, #5702, #347 ) ;
#4815 = CARTESIAN_POINT ( 'NONE',  ( -0.05700000000000000205, 0.004296149561436858784, -0.009065587432989727357 ) ) ;
#4816 = ORIENTED_EDGE ( 'NONE', *, *, #6567, .F. ) ;
#4817 = EDGE_CURVE ( 'NONE', #2799, #495, #320, .T. ) ;
#4818 = DIRECTION ( 'NONE',  ( -0.000000000000000000, -0.000000000000000000, -1.000000000000000000 ) ) ;
#4819 = FACE_OUTER_BOUND ( 'NONE', #159, .T. ) ;
#4820 = CYLINDRICAL_SURFACE ( 'NONE', #6922, 0.0009999999999999991535 ) ;
#4821 = ORIENTED_EDGE ( 'NONE', *, *, #3475, .F. ) ;
#4822 = CARTESIAN_POINT ( 'NONE',  ( 0.01499999999999999251, -0.09999999999999999167, -0.02500000000000000139 ) ) ;
#4823 = EDGE_CURVE ( 'NONE', #980, #82, #275, .T. ) ;
#4824 = ORIENTED_EDGE ( 'NONE', *, *, #2890, .T. ) ;
#4825 = EDGE_CURVE ( 'NONE', #5915, #2073, #2949, .T. ) ;
#4826 = CARTESIAN_POINT ( 'NONE',  ( -0.01499999999999999944, 0.1059999999999999831, -0.02199999999999999872 ) ) ;
#4827 = AXIS2_PLACEMENT_3D ( 'NONE', #4628, #2578, #35 ) ;
#4828 = DIRECTION ( 'NONE',  ( 0.000000000000000000, -1.000000000000000000, 0.000000000000000000 ) ) ;
#4829 = AXIS2_PLACEMENT_3D ( 'NONE', #5779, #2446, #3002 ) ;
#4830 = ORIENTED_EDGE ( 'NONE', *, *, #3996, .F. ) ;
#4831 = VERTEX_POINT ( 'NONE', #6621 ) ;
#4832 = ORIENTED_EDGE ( 'NONE', *, *, #4224, .T. ) ;
#4833 = CIRCLE ( 'NONE', #5620, 0.002000000000000000042 ) ;
#4834 = CARTESIAN_POINT ( 'NONE',  ( 0.05000000000000000278, -0.01149999999999999634, -0.02000000000000001082 ) ) ;
#4835 = ORIENTED_EDGE ( 'NONE', *, *, #1713, .F. ) ;
#4836 = DIRECTION ( 'NONE',  ( -1.000000000000000000, 0.000000000000000000, -0.000000000000000000 ) ) ;
#4837 = CARTESIAN_POINT ( 'NONE',  ( -0.01650000000000000772, 0.1089999999999999858, 0.000000000000000000 ) ) ;
#4838 = ORIENTED_EDGE ( 'NONE', *, *, #4110, .F. ) ;
#4839 = DIRECTION ( 'NONE',  ( 0.000000000000000000, -1.000000000000000000, 0.000000000000000000 ) ) ;
#4840 = EDGE_CURVE ( 'NONE', #4082, #4020, #6035, .T. ) ;
#4841 = ORIENTED_EDGE ( 'NONE', *, *, #370, .F. ) ;
#4842 = DIRECTION ( 'NONE',  ( -0.000000000000000000, 0.000000000000000000, 1.000000000000000000 ) ) ;
#4843 = PERSON_AND_ORGANIZATION ( #202, #6746 ) ;
#4844 = CARTESIAN_POINT ( 'NONE',  ( 0.01663900294291058291, 0.1059999999999999970, -0.02313396416376835296 ) ) ;
#4845 = AXIS2_PLACEMENT_3D ( 'NONE', #5042, #5648, #3981 ) ;
#4846 = ORIENTED_EDGE ( 'NONE', *, *, #3820, .F. ) ;
#4847 = DIRECTION ( 'NONE',  ( -0.000000000000000000, 1.000000000000000000, -0.000000000000000000 ) ) ;
#4848 = DIRECTION ( 'NONE',  ( -1.000000000000000000, 0.000000000000000000, -0.000000000000000000 ) ) ;
#4849 = ORIENTED_EDGE ( 'NONE', *, *, #5263, .F. ) ;
#4850 = VECTOR ( 'NONE', #6415, 1.000000000000000000 ) ;
#4851 = DIRECTION ( 'NONE',  ( 1.000000000000000000, 1.734723475976807094E-16, 0.000000000000000000 ) ) ;
#4852 = ORIENTED_EDGE ( 'NONE', *, *, #2655, .F. ) ;
#4853 = CARTESIAN_POINT ( 'NONE',  ( 0.01299999999999999246, -0.09499999999999998723, -0.002000000000000001776 ) ) ;
#4854 = CARTESIAN_POINT ( 'NONE',  ( 0.06000000000000000472, 0.006000000000000005329, -0.01500000000000000638 ) ) ;
#4855 = DIRECTION ( 'NONE',  ( 1.000000000000000000, -0.000000000000000000, 0.000000000000000000 ) ) ;
#4856 = ORIENTED_EDGE ( 'NONE', *, *, #5786, .T. ) ;
#4857 = EDGE_CURVE ( 'NONE', #1932, #2209, #1726, .T. ) ;
#4858 = AXIS2_PLACEMENT_3D ( 'NONE', #5202, #907, #6257 ) ;
#4859 = AXIS2_PLACEMENT_3D ( 'NONE', #6135, #3421, #5606 ) ;
#4860 = LINE ( 'NONE', #6470, #123 ) ;
#4861 = ORIENTED_EDGE ( 'NONE', *, *, #2611, .F. ) ;
#4862 = PLANE ( 'NONE',  #4372 ) ;
#4863 = AXIS2_PLACEMENT_3D ( 'NONE', #2564, #471, #1554 ) ;
#4864 = LINE ( 'NONE', #4931, #1245 ) ;
#4865 = EDGE_LOOP ( 'NONE', ( #6513, #4900, #6248, #1395 ) ) ;
#4866 = VERTEX_POINT ( 'NONE', #3912 ) ;
#4867 = ORIENTED_EDGE ( 'NONE', *, *, #1023, .T. ) ;
#4868 = EDGE_CURVE ( 'NONE', #6423, #3891, #628, .T. ) ;
#4869 = EDGE_CURVE ( 'NONE', #1979, #102, #6517, .T. ) ;
#4870 = DIRECTION ( 'NONE',  ( -1.000000000000000000, 0.000000000000000000, -0.000000000000000000 ) ) ;
#4871 = VERTEX_POINT ( 'NONE', #6070 ) ;
#4872 = PLANE ( 'NONE',  #3940 ) ;
#4873 = DIRECTION ( 'NONE',  ( -0.000000000000000000, 0.000000000000000000, -1.000000000000000000 ) ) ;
#4874 = AXIS2_PLACEMENT_3D ( 'NONE', #140, #5055, #170 ) ;
#4875 = DIRECTION ( 'NONE',  ( 1.000000000000000000, 0.000000000000000000, 0.000000000000000000 ) ) ;
#4876 = DIRECTION ( 'NONE',  ( 1.000000000000000000, 0.000000000000000000, 0.000000000000000000 ) ) ;
#4877 = EDGE_LOOP ( 'NONE', ( #4533, #4656, #3492, #6110 ) ) ;
#4878 = DIRECTION ( 'NONE',  ( -1.000000000000000000, -1.541976423090494401E-16, -0.000000000000000000 ) ) ;
#4879 = APPROVAL_STATUS ( 'not_yet_approved' ) ;
#4880 = EDGE_CURVE ( 'NONE', #4416, #1086, #1731, .T. ) ;
#4881 = CARTESIAN_POINT ( 'NONE',  ( -0.03300000000000000849, 0.09199999999999999845, -0.003000000000000000062 ) ) ;
#4882 = ORIENTED_EDGE ( 'NONE', *, *, #5000, .F. ) ;
#4883 = CARTESIAN_POINT ( 'NONE',  ( 0.006499999999999929445, 0.04549999999999997102, 0.000000000000000000 ) ) ;
#4884 = CARTESIAN_POINT ( 'NONE',  ( -0.02299999999999999961, 0.000000000000000000, 0.000000000000000000 ) ) ;
#4885 = ORIENTED_EDGE ( 'NONE', *, *, #1013, .T. ) ;
#4886 = DIRECTION ( 'NONE',  ( -0.000000000000000000, -0.000000000000000000, -1.000000000000000000 ) ) ;
#4887 = ORIENTED_EDGE ( 'NONE', *, *, #5742, .F. ) ;
#4888 = VECTOR ( 'NONE', #3545, 1.000000000000000000 ) ;
#4889 = CARTESIAN_POINT ( 'NONE',  ( 0.04200000000000000261, 0.03996257807826604502, -0.06695034905577768036 ) ) ;
#4890 = VECTOR ( 'NONE', #5613, 1.000000000000000000 ) ;
#4891 = CARTESIAN_POINT ( 'NONE',  ( -0.06000000000000000472, 0.004296149561436859651, -0.02101765814254362430 ) ) ;
#4892 = CARTESIAN_POINT ( 'NONE',  ( 0.01006950147145528780, 0.1062714305715211499, -0.02099999999999999784 ) ) ;
#4893 = VERTEX_POINT ( 'NONE', #1037 ) ;
#4894 = LINE ( 'NONE', #110, #1122 ) ;
#4895 = VERTEX_POINT ( 'NONE', #3162 ) ;
#4896 = PLANE ( 'NONE',  #6511 ) ;
#4897 = DIRECTION ( 'NONE',  ( 1.000000000000000000, -0.000000000000000000, 0.000000000000000000 ) ) ;
#4898 = CLOSED_SHELL ( 'NONE', ( #394, #6329, #4330, #1358, #844, #6691, #4130, #3404, #6800, #2847, #6543, #6320, #905, #4218, #1320, #1251, #6147, #6158, #541, #4032, #2967, #3234, #5251, #1822, #4120, #2747, #5674, #6021, #1873, #6091, #5032, #1522, #6695, #3647, #1406, #1883, #510, #2857, #4397, #6042, #1231, #6241, #1104, #2566, #1525, #3144, #674, #597, #4299, #3007, #5699, #2346, #2389, #4812, #5217, #4028, #3446, #5851, #3747, #5432, #5570, #3788, #5463, #2332, #4091, #3026, #460, #5196, #5611, #5553, #4169, #4328, #254, #2813, #1126, #693, #5238, #1533, #4912, #6310, #1070, #6211, #6704, #549, #179, #1357, #5940, #5636, #5170, #1269, #1884, #1918, #2963, #240, #6592, #2883, #2936, #2985, #5949, #5081, #1397, #3773, #3201, #6128, #2787, #9, #161, #4243, #4974, #1494, #4596, #2777, #126, #5485, #5474, #3830, #6754, #4497, #2557, #6927, #5473, #4690, #4460, #2521, #6358, #6442, #924, #6657, #1285, #5811, #5285, #979, #5566, #6581, #3322, #5890, #5760, #3515, #6718, #6063, #4298, #5233, #608, #1142, #4906, #4040, #2384, #2892, #3735, #5087, #5803, #1917, #6740, #1654, #217, #3329, #892, #2356, #5861, #1208, #1063, #6411, #5846, #4947, #1267, #1703, #98, #4501, #4481, #2262, #5725, #3876, #103, #1982, #5764, #2595, #1756, #3283, #5386, #585, #851, #119, #2645, #6497, #5459, #1284, #4733, #5546, #968, #814, #5442, #4417, #4198, #2776, #1574, #2138, #1166, #2596, #1152, #222, #4261, #454, #1848, #4339, #427, #634 ) ) ;
#4899 = VERTEX_POINT ( 'NONE', #4807 ) ;
#4900 = ORIENTED_EDGE ( 'NONE', *, *, #48, .F. ) ;
#4901 = EDGE_CURVE ( 'NONE', #374, #3298, #1760, .T. ) ;
#4902 = CARTESIAN_POINT ( 'NONE',  ( -0.01514093406811384962, 0.1035428611430424667, -0.02399999999999999703 ) ) ;
#4903 = ORIENTED_EDGE ( 'NONE', *, *, #6327, .F. ) ;
#4904 = FACE_BOUND ( 'NONE', #3059, .T. ) ;
#4905 = FACE_BOUND ( 'NONE', #749, .T. ) ;
#4906 = ADVANCED_FACE ( 'NONE', ( #1205 ), #2810, .F. ) ;
#4907 = VECTOR ( 'NONE', #6246, 1.000000000000000000 ) ;
#4908 = CARTESIAN_POINT ( 'NONE',  ( 0.05000000000000000278, 0.03996257807826604502, -0.07299999999999999545 ) ) ;
#4909 = ORIENTED_EDGE ( 'NONE', *, *, #3314, .F. ) ;
#4910 = VECTOR ( 'NONE', #1923, 1.000000000000000000 ) ;
#4911 = CARTESIAN_POINT ( 'NONE',  ( -0.01000000000000000021, -0.09999999999999999167, -0.01630000000000000199 ) ) ;
#4912 = ADVANCED_FACE ( 'NONE', ( #5005 ), #2679, .T. ) ;
#4913 = DIRECTION ( 'NONE',  ( 1.000000000000000000, 0.000000000000000000, 0.000000000000000000 ) ) ;
#4914 = ORIENTED_EDGE ( 'NONE', *, *, #6237, .T. ) ;
#4915 = DIRECTION ( 'NONE',  ( -0.000000000000000000, -0.000000000000000000, -1.000000000000000000 ) ) ;
#4916 = AXIS2_PLACEMENT_3D ( 'NONE', #4560, #1981, #5559 ) ;
#4917 = CARTESIAN_POINT ( 'NONE',  ( -0.01426311641267777493, 0.1035428611430424528, -0.02316792777904384468 ) ) ;
#4918 = VERTEX_POINT ( 'NONE', #22 ) ;
#4919 = AXIS2_PLACEMENT_3D ( 'NONE', #3437, #6053, #2885 ) ;
#4920 = DIRECTION ( 'NONE',  ( 0.000000000000000000, 0.000000000000000000, 1.000000000000000000 ) ) ;
#4921 = ORIENTED_EDGE ( 'NONE', *, *, #1796, .F. ) ;
#4922 = DIRECTION ( 'NONE',  ( 0.000000000000000000, 1.000000000000000000, 0.000000000000000000 ) ) ;
#4923 = CARTESIAN_POINT ( 'NONE',  ( -0.03300000000000000849, 0.09199999999999999845, 0.007000000000000000146 ) ) ;
#4924 = PLANE ( 'NONE',  #5394 ) ;
#4925 = LINE ( 'NONE', #1711, #3886 ) ;
#4926 = ORIENTED_EDGE ( 'NONE', *, *, #5812, .T. ) ;
#4927 = CIRCLE ( 'NONE', #237, 0.004000000000000001818 ) ;
#4928 = FACE_OUTER_BOUND ( 'NONE', #3922, .T. ) ;
#4929 = EDGE_LOOP ( 'NONE', ( #1215, #1626, #3629, #4098 ) ) ;
#4930 = DIRECTION ( 'NONE',  ( 0.000000000000000000, 1.000000000000000000, 0.000000000000000000 ) ) ;
#4931 = CARTESIAN_POINT ( 'NONE',  ( -0.04200000000000000261, 0.03996257807826604502, -0.05895034905577770101 ) ) ;
#4932 = ORIENTED_EDGE ( 'NONE', *, *, #183, .T. ) ;
#4933 = ORIENTED_EDGE ( 'NONE', *, *, #1273, .T. ) ;
#4934 = FACE_OUTER_BOUND ( 'NONE', #5532, .T. ) ;
#4935 = EDGE_LOOP ( 'NONE', ( #3199, #4921 ) ) ;
#4936 = DIRECTION ( 'NONE',  ( -0.000000000000000000, -0.000000000000000000, 1.000000000000000000 ) ) ;
#4937 = EDGE_CURVE ( 'NONE', #809, #1478, #1227, .T. ) ;
#4938 = DIRECTION ( 'NONE',  ( -0.000000000000000000, -0.000000000000000000, 1.000000000000000000 ) ) ;
#4939 = DIRECTION ( 'NONE',  ( 0.000000000000000000, -1.000000000000000000, 0.000000000000000000 ) ) ;
#4940 = VECTOR ( 'NONE', #973, 1.000000000000000000 ) ;
#4941 = EDGE_CURVE ( 'NONE', #3389, #1979, #3327, .T. ) ;
#4942 = CARTESIAN_POINT ( 'NONE',  ( -0.02000000000000000042, 0.000000000000000000, 0.007000000000000000146 ) ) ;
#4943 = ORIENTED_EDGE ( 'NONE', *, *, #6267, .F. ) ;
#4944 = DIRECTION ( 'NONE',  ( -0.000000000000000000, 0.000000000000000000, 1.000000000000000000 ) ) ;
#4945 = PLANE ( 'NONE',  #6706 ) ;
#4946 = ORIENTED_EDGE ( 'NONE', *, *, #5121, .T. ) ;
#4947 = ADVANCED_FACE ( 'NONE', ( #1596 ), #6550, .T. ) ;
#4948 = EDGE_CURVE ( 'NONE', #1546, #2531, #5299, .T. ) ;
#4949 = LINE ( 'NONE', #658, #1222 ) ;
#4950 = EDGE_LOOP ( 'NONE', ( #1624, #4337, #6487, #6767 ) ) ;
#4951 = CIRCLE ( 'NONE', #3161, 0.001000000000000000888 ) ;
#4952 = CARTESIAN_POINT ( 'NONE',  ( 0.05000000000000000278, 0.006000000000000005329, -0.01370000000000000731 ) ) ;
#4953 = DIRECTION ( 'NONE',  ( 1.000000000000000000, 0.000000000000000000, 0.000000000000000000 ) ) ;
#4954 = CARTESIAN_POINT ( 'NONE',  ( -6.591949208711865880E-18, 0.03799999999999999212, 0.007000000000000000146 ) ) ;
#4955 = PLANE ( 'NONE',  #5689 ) ;
#4956 = AXIS2_PLACEMENT_3D ( 'NONE', #2251, #4367, #3932 ) ;
#4957 = EDGE_LOOP ( 'NONE', ( #2487, #2770, #701, #2137 ) ) ;
#4958 = CARTESIAN_POINT ( 'NONE',  ( 0.01499999999999999251, -0.09499999999999998723, -0.02500000000000000139 ) ) ;
#4959 =( BOUNDED_SURFACE ( )  B_SPLINE_SURFACE ( 3, 2, ( 
 ( #5845, #3762, #4180 ),
 ( #2172, #1539, #4213 ),
 ( #453, #4702, #2549 ),
 ( #5352, #6435, #3690 ),
 ( #4144, #3654, #1050 ),
 ( #4668, #5813, #1503 ) ),
 .UNSPECIFIED., .F., .F., .T. ) 
 B_SPLINE_SURFACE_WITH_KNOTS ( ( 4, 2, 4 ),
 ( 3, 3 ),
 ( 0.01024371976964338384, 0.01092706571604372748, 0.01161041166244407286 ),
 ( 0.000000000000000000, 1.000000000000000000 ),
 .UNSPECIFIED. ) 
 GEOMETRIC_REPRESENTATION_ITEM ( )  RATIONAL_B_SPLINE_SURFACE ( (
 ( 1.000000000000000000, 0.7071067811865487940, 1.000000000000000000),
 ( 1.000000000000000000, 0.7270973992320165502, 1.000000000000000000),
 ( 1.000000000000000000, 0.7492021914376925107, 1.000000000000000000),
 ( 1.000000000000000000, 0.7847690419078880986, 1.000000000000000000),
 ( 1.000000000000000000, 0.7976264326868426346, 1.000000000000000000),
 ( 1.000000000000000000, 0.7973175564106300683, 1.000000000000000000) ) ) 
 REPRESENTATION_ITEM ( '' )  SURFACE ( )  );
#4960 = EDGE_LOOP ( 'NONE', ( #455, #4220, #45, #2250 ) ) ;
#4961 = CARTESIAN_POINT ( 'NONE',  ( 0.007499999999999999722, -0.1049999999999999961, -0.01000000000000000194 ) ) ;
#4962 = EDGE_CURVE ( 'NONE', #690, #1514, #2351, .T. ) ;
#4963 = PLANE ( 'NONE',  #4014 ) ;
#4964 = EDGE_LOOP ( 'NONE', ( #5967, #6480, #941, #4012 ) ) ;
#4965 = ORIENTED_EDGE ( 'NONE', *, *, #127, .T. ) ;
#4966 = CARTESIAN_POINT ( 'NONE',  ( 0.000000000000000000, 0.04874999999999998085, 0.007000000000000000146 ) ) ;
#4967 = ORIENTED_EDGE ( 'NONE', *, *, #3657, .F. ) ;
#4968 = DIRECTION ( 'NONE',  ( 1.000000000000000000, 0.000000000000000000, 0.000000000000000000 ) ) ;
#4969 = AXIS2_PLACEMENT_3D ( 'NONE', #4575, #4046, #5643 ) ;
#4970 = CARTESIAN_POINT ( 'NONE',  ( -0.01600000000000000033, 0.1099999999999999867, -0.001000000000000000888 ) ) ;
#4971 = CYLINDRICAL_SURFACE ( 'NONE', #3848, 0.001299999999999999073 ) ;
#4972 = CIRCLE ( 'NONE', #5993, 0.001000000000000000888 ) ;
#4973 = LINE ( 'NONE', #1798, #4492 ) ;
#4974 = ADVANCED_FACE ( 'NONE', ( #5507 ), #4471, .T. ) ;
#4975 = VERTEX_POINT ( 'NONE', #3713 ) ;
#4976 = PLANE ( 'NONE',  #3511 ) ;
#4977 = LINE ( 'NONE', #6595, #8 ) ;
#4978 = ORIENTED_EDGE ( 'NONE', *, *, #478, .F. ) ;
#4979 = EDGE_CURVE ( 'NONE', #2779, #6680, #442, .T. ) ;
#4980 = DIRECTION ( 'NONE',  ( 0.000000000000000000, 0.000000000000000000, 1.000000000000000000 ) ) ;
#4981 = VERTEX_POINT ( 'NONE', #2318 ) ;
#4982 = LINE ( 'NONE', #6016, #3319 ) ;
#4983 = EDGE_CURVE ( 'NONE', #1990, #819, #5126, .T. ) ;
#4984 = CARTESIAN_POINT ( 'NONE',  ( -0.007499999999999997988, 0.1129999999999999755, -0.02000000000000000042 ) ) ;
#4985 = DIRECTION ( 'NONE',  ( 0.000000000000000000, 0.000000000000000000, 1.000000000000000000 ) ) ;
#4986 = PLANE ( 'NONE',  #2410 ) ;
#4987 = CIRCLE ( 'NONE', #2533, 0.001000000000000000021 ) ;
#4988 = EDGE_LOOP ( 'NONE', ( #4838, #996, #5792, #6530 ) ) ;
#4989 = VECTOR ( 'NONE', #6775, 1.000000000000000000 ) ;
#4990 = VECTOR ( 'NONE', #91, 1.000000000000000000 ) ;
#4991 = DIRECTION ( 'NONE',  ( 0.000000000000000000, 0.000000000000000000, -1.000000000000000000 ) ) ;
#4992 = CARTESIAN_POINT ( 'NONE',  ( -0.000000000000000000, 0.09199999999999999845, 0.000000000000000000 ) ) ;
#4993 = EDGE_CURVE ( 'NONE', #2314, #2069, #5641, .T. ) ;
#4994 = EDGE_CURVE ( 'NONE', #2088, #2073, #6294, .T. ) ;
#4995 = DIRECTION ( 'NONE',  ( 0.000000000000000000, 1.000000000000000000, 0.000000000000000000 ) ) ;
#4996 = LINE ( 'NONE', #2375, #1759 ) ;
#4997 = CIRCLE ( 'NONE', #6905, 0.001000000000000000238 ) ;
#4998 = EDGE_LOOP ( 'NONE', ( #6723, #5820, #2022, #822 ) ) ;
#4999 = ORIENTED_EDGE ( 'NONE', *, *, #2502, .T. ) ;
#5000 = EDGE_CURVE ( 'NONE', #2524, #2634, #3004, .T. ) ;
#5001 = DIRECTION ( 'NONE',  ( 1.000000000000000000, 0.000000000000000000, 0.000000000000000000 ) ) ;
#5002 = CC_DESIGN_DATE_AND_TIME_ASSIGNMENT ( #4304, #2713, ( #6166 ) ) ;
#5003 = ORIENTED_EDGE ( 'NONE', *, *, #5152, .T. ) ;
#5004 = CYLINDRICAL_SURFACE ( 'NONE', #6100, 0.001000000000000000888 ) ;
#5005 = FACE_OUTER_BOUND ( 'NONE', #51, .T. ) ;
#5006 = CARTESIAN_POINT ( 'NONE',  ( -0.01000000000000000021, -0.09499999999999998723, -0.01630000000000000199 ) ) ;
#5007 = PLANE ( 'NONE',  #488 ) ;
#5008 = LINE ( 'NONE', #225, #538 ) ;
#5009 = VECTOR ( 'NONE', #4127, 1.000000000000000000 ) ;
#5010 = VERTEX_POINT ( 'NONE', #772 ) ;
#5011 = FACE_OUTER_BOUND ( 'NONE', #1066, .T. ) ;
#5012 = CARTESIAN_POINT ( 'NONE',  ( -0.05700000000000000205, -0.01399999999999999856, -0.01370000000000001598 ) ) ;
#5013 = ORIENTED_EDGE ( 'NONE', *, *, #3649, .T. ) ;
#5014 = VECTOR ( 'NONE', #5677, 1.000000000000000000 ) ;
#5015 = DIRECTION ( 'NONE',  ( 1.000000000000000000, 0.000000000000000000, 0.000000000000000000 ) ) ;
#5016 = DIRECTION ( 'NONE',  ( 8.673617379884035472E-17, 0.000000000000000000, -1.000000000000000000 ) ) ;
#5017 = VECTOR ( 'NONE', #3972, 1.000000000000000000 ) ;
#5018 = DIRECTION ( 'NONE',  ( -1.000000000000000000, 0.000000000000000000, 0.000000000000000000 ) ) ;
#5019 = EDGE_CURVE ( 'NONE', #482, #5783, #3423, .T. ) ;
#5020 = CARTESIAN_POINT ( 'NONE',  ( -0.01700000000000000816, -0.09999999999999999167, 0.002000000000000000042 ) ) ;
#5021 = DIRECTION ( 'NONE',  ( 0.000000000000000000, -1.000000000000000000, 0.000000000000000000 ) ) ;
#5022 = ORIENTED_EDGE ( 'NONE', *, *, #2728, .T. ) ;
#5023 = EDGE_CURVE ( 'NONE', #3749, #3808, #5039, .T. ) ;
#5024 = DIRECTION ( 'NONE',  ( -1.000000000000000000, 0.000000000000000000, 0.000000000000000000 ) ) ;
#5025 = FACE_BOUND ( 'NONE', #4935, .T. ) ;
#5026 = DIRECTION ( 'NONE',  ( -1.000000000000000000, -0.000000000000000000, -0.000000000000000000 ) ) ;
#5027 = CARTESIAN_POINT ( 'NONE',  ( 0.01049999999999999892, 0.04874999999999998085, 0.007000000000000000146 ) ) ;
#5028 = AXIS2_PLACEMENT_3D ( 'NONE', #146, #3903, #1719 ) ;
#5029 = LINE ( 'NONE', #242, #6783 ) ;
#5030 = VERTEX_POINT ( 'NONE', #4638 ) ;
#5031 = ORIENTED_EDGE ( 'NONE', *, *, #6289, .T. ) ;
#5032 = ADVANCED_FACE ( 'NONE', ( #5071, #285, #6236, #4044 ), #914, .F. ) ;
#5033 = EDGE_CURVE ( 'NONE', #2587, #1490, #2934, .T. ) ;
#5034 = CARTESIAN_POINT ( 'NONE',  ( 0.05000000000000000278, -0.04303742192173399400, -0.07299999999999999545 ) ) ;
#5035 = AXIS2_PLACEMENT_3D ( 'NONE', #1198, #3318, #670 ) ;
#5036 = ORIENTED_EDGE ( 'NONE', *, *, #4224, .F. ) ;
#5037 = DIRECTION ( 'NONE',  ( -0.000000000000000000, 0.000000000000000000, 1.000000000000000000 ) ) ;
#5038 = FACE_OUTER_BOUND ( 'NONE', #659, .T. ) ;
#5039 = LINE ( 'NONE', #4537, #5696 ) ;
#5040 = CARTESIAN_POINT ( 'NONE',  ( 0.01663900294291058637, 0.1059999999999999831, -0.02396715050892726101 ) ) ;
#5041 = EDGE_CURVE ( 'NONE', #3290, #5204, #6757, .T. ) ;
#5042 = CARTESIAN_POINT ( 'NONE',  ( -0.02999999999999999542, 0.02299999999999999961, 0.000000000000000000 ) ) ;
#5043 = CARTESIAN_POINT ( 'NONE',  ( -0.01650000000000000772, 0.1055593473620560080, -0.02395088583314400679 ) ) ;
#5044 = VECTOR ( 'NONE', #5878, 1.000000000000000000 ) ;
#5045 = ORIENTED_EDGE ( 'NONE', *, *, #5263, .T. ) ;
#5046 = LINE ( 'NONE', #4514, #732 ) ;
#5047 = FACE_OUTER_BOUND ( 'NONE', #1766, .T. ) ;
#5048 = CIRCLE ( 'NONE', #2711, 0.002000000000000000042 ) ;
#5049 = ORIENTED_EDGE ( 'NONE', *, *, #649, .T. ) ;
#5050 = AXIS2_PLACEMENT_3D ( 'NONE', #6526, #4944, #3750 ) ;
#5051 = CARTESIAN_POINT ( 'NONE',  ( 0.04999999999999999584, -0.09799999999999998990, 0.000000000000000000 ) ) ;
#5052 = CARTESIAN_POINT ( 'NONE',  ( 0.03099999999999998937, 0.02299999999999999961, 0.007000000000000000146 ) ) ;
#5053 = CYLINDRICAL_SURFACE ( 'NONE', #4919, 0.001000000000000000888 ) ;
#5054 = LINE ( 'NONE', #301, #2032 ) ;
#5055 = DIRECTION ( 'NONE',  ( 1.000000000000000000, 0.000000000000000000, -0.000000000000000000 ) ) ;
#5056 = VERTEX_POINT ( 'NONE', #1962 ) ;
#5057 = LINE ( 'NONE', #2921, #775 ) ;
#5058 = DIRECTION ( 'NONE',  ( 1.000000000000000000, 0.000000000000000000, -0.000000000000000000 ) ) ;
#5059 = DIRECTION ( 'NONE',  ( -0.000000000000000000, 0.000000000000000000, 1.000000000000000000 ) ) ;
#5060 = CIRCLE ( 'NONE', #2726, 0.001000000000000000888 ) ;
#5061 = LINE ( 'NONE', #2131, #5381 ) ;
#5062 = EDGE_CURVE ( 'NONE', #5979, #4718, #2674, .T. ) ;
#5063 = CYLINDRICAL_SURFACE ( 'NONE', #1420, 0.001000000000000000888 ) ;
#5064 = VERTEX_POINT ( 'NONE', #4076 ) ;
#5065 = ORIENTED_EDGE ( 'NONE', *, *, #6353, .T. ) ;
#5066 = DIRECTION ( 'NONE',  ( 0.000000000000000000, -0.000000000000000000, -1.000000000000000000 ) ) ;
#5067 = VECTOR ( 'NONE', #3563, 1.000000000000000000 ) ;
#5068 = VERTEX_POINT ( 'NONE', #317 ) ;
#5069 = CARTESIAN_POINT ( 'NONE',  ( -0.007499999999999998855, 0.1129999999999999755, -0.01000000000000000021 ) ) ;
#5070 = DIRECTION ( 'NONE',  ( -1.000000000000000000, 0.000000000000000000, 0.000000000000000000 ) ) ;
#5071 = FACE_OUTER_BOUND ( 'NONE', #4069, .T. ) ;
#5072 = EDGE_CURVE ( 'NONE', #2982, #5785, #3556, .T. ) ;
#5073 = EDGE_CURVE ( 'NONE', #3013, #4975, #2791, .T. ) ;
#5074 = EDGE_LOOP ( 'NONE', ( #3578, #2014, #5504, #815 ) ) ;
#5075 = CARTESIAN_POINT ( 'NONE',  ( 0.01663900294291058984, 0.1056178356383347394, -0.02397415849262048149 ) ) ;
#5076 = AXIS2_PLACEMENT_3D ( 'NONE', #5739, #940, #1985 ) ;
#5077 = AXIS2_PLACEMENT_3D ( 'NONE', #5966, #2635, #4370 ) ;
#5078 = AXIS2_PLACEMENT_3D ( 'NONE', #1401, #5639, #4705 ) ;
#5079 = CARTESIAN_POINT ( 'NONE',  ( 0.02575000000000000205, 0.1020000000000000073, 0.000000000000000000 ) ) ;
#5080 = CARTESIAN_POINT ( 'NONE',  ( 0.02999999999999999542, 0.01104832204050208884, -0.003000000000000000062 ) ) ;
#5081 = ADVANCED_FACE ( 'NONE', ( #391 ), #6204, .F. ) ;
#5082 = EDGE_CURVE ( 'NONE', #3697, #6233, #4338, .T. ) ;
#5083 = ORIENTED_EDGE ( 'NONE', *, *, #2543, .F. ) ;
#5084 = CARTESIAN_POINT ( 'NONE',  ( -0.01499999999999999944, 0.1089999999999999858, -0.02199999999999999872 ) ) ;
#5085 = CARTESIAN_POINT ( 'NONE',  ( -0.05000000000000000278, 0.003500000000000003109, -0.02000000000000001082 ) ) ;
#5086 = EDGE_LOOP ( 'NONE', ( #5360, #4327, #5921, #4753 ) ) ;
#5087 = ADVANCED_FACE ( 'NONE', ( #1404 ), #1302, .F. ) ;
#5088 = FACE_BOUND ( 'NONE', #2309, .T. ) ;
#5089 = CARTESIAN_POINT ( 'NONE',  ( -0.05000000000000000971, -0.09999999999999999167, 0.002000000000000000042 ) ) ;
#5090 = AXIS2_PLACEMENT_3D ( 'NONE', #862, #6283, #407 ) ;
#5091 = ORIENTED_EDGE ( 'NONE', *, *, #6237, .F. ) ;
#5092 = CARTESIAN_POINT ( 'NONE',  ( 0.04200000000000000261, 0.03996257807826604502, -0.06695034905577768036 ) ) ;
#5093 = CARTESIAN_POINT ( 'NONE',  ( 0.04999999999999999584, 0.000000000000000000, 0.000000000000000000 ) ) ;
#5094 = ORIENTED_EDGE ( 'NONE', *, *, #4756, .F. ) ;
#5095 = CARTESIAN_POINT ( 'NONE',  ( -0.008430338243672425014, -0.1049999999999999961, -0.02079367267161846139 ) ) ;
#5096 = DIRECTION ( 'NONE',  ( 1.000000000000000000, 0.000000000000000000, 0.000000000000000000 ) ) ;
#5097 = DIRECTION ( 'NONE',  ( 0.000000000000000000, -1.000000000000000000, 0.000000000000000000 ) ) ;
#5098 = CARTESIAN_POINT ( 'NONE',  ( 0.007500000000000000590, 0.1129999999999999755, -0.02000000000000000042 ) ) ;
#5099 = ORIENTED_EDGE ( 'NONE', *, *, #6833, .F. ) ;
#5100 = ORIENTED_EDGE ( 'NONE', *, *, #90, .F. ) ;
#5101 = VECTOR ( 'NONE', #5016, 1.000000000000000000 ) ;
#5102 = DIRECTION ( 'NONE',  ( 1.000000000000000000, -0.000000000000000000, -0.000000000000000000 ) ) ;
#5103 = ORIENTED_EDGE ( 'NONE', *, *, #6076, .T. ) ;
#5104 = FACE_OUTER_BOUND ( 'NONE', #351, .T. ) ;
#5105 = CARTESIAN_POINT ( 'NONE',  ( 0.004999999999999994900, 0.09349999999999999978, 0.007000000000000000146 ) ) ;
#5106 = AXIS2_PLACEMENT_3D ( 'NONE', #2166, #4279, #2363 ) ;
#5107 = DIRECTION ( 'NONE',  ( 1.000000000000000000, 0.000000000000000000, 0.000000000000000000 ) ) ;
#5108 = ORIENTED_EDGE ( 'NONE', *, *, #2002, .F. ) ;
#5109 = EDGE_CURVE ( 'NONE', #3507, #4975, #1876, .T. ) ;
#5110 = CARTESIAN_POINT ( 'NONE',  ( -0.02000000000000000042, 0.000000000000000000, 0.007000000000000000146 ) ) ;
#5111 = EDGE_CURVE ( 'NONE', #4482, #6773, #4106, .T. ) ;
#5112 = EDGE_LOOP ( 'NONE', ( #5141, #6758, #4790, #3410 ) ) ;
#5113 = LINE ( 'NONE', #6831, #2539 ) ;
#5114 = ORIENTED_EDGE ( 'NONE', *, *, #1121, .T. ) ;
#5115 = FACE_OUTER_BOUND ( 'NONE', #1080, .T. ) ;
#5116 = DIRECTION ( 'NONE',  ( 0.000000000000000000, 0.000000000000000000, 1.000000000000000000 ) ) ;
#5117 = ORIENTED_EDGE ( 'NONE', *, *, #4179, .F. ) ;
#5118 = VECTOR ( 'NONE', #3833, 1.000000000000000000 ) ;
#5119 = CIRCLE ( 'NONE', #6142, 0.001000000000000000888 ) ;
#5120 = EDGE_CURVE ( 'NONE', #2070, #2239, #1234, .T. ) ;
#5121 = EDGE_CURVE ( 'NONE', #3971, #3752, #2116, .T. ) ;
#5122 = CARTESIAN_POINT ( 'NONE',  ( -0.01500000000000000638, -0.09799999999999998990, -0.002000000000000001776 ) ) ;
#5123 = CYLINDRICAL_SURFACE ( 'NONE', #3209, 0.001000000000000000888 ) ;
#5124 = ORIENTED_EDGE ( 'NONE', *, *, #5586, .T. ) ;
#5125 = CARTESIAN_POINT ( 'NONE',  ( 0.05700000000000000205, 0.004296149561436858784, -0.02101765814254362430 ) ) ;
#5126 = CIRCLE ( 'NONE', #1117, 0.002000000000000001776 ) ;
#5127 = CARTESIAN_POINT ( 'NONE',  ( 0.03099999999999998937, 0.02299999999999999961, 0.007000000000000000146 ) ) ;
#5128 = ORIENTED_EDGE ( 'NONE', *, *, #6839, .T. ) ;
#5129 = CC_DESIGN_PERSON_AND_ORGANIZATION_ASSIGNMENT ( #2082, #1699, ( #5415 ) ) ;
#5130 = EDGE_CURVE ( 'NONE', #2199, #363, #1202, .T. ) ;
#5131 = VECTOR ( 'NONE', #1948, 1.000000000000000000 ) ;
#5132 = LINE ( 'NONE', #2474, #748 ) ;
#5133 = FACE_OUTER_BOUND ( 'NONE', #296, .T. ) ;
#5134 = EDGE_CURVE ( 'NONE', #6143, #3215, #773, .T. ) ;
#5135 = LINE ( 'NONE', #4598, #2396 ) ;
#5136 = VERTEX_POINT ( 'NONE', #5502 ) ;
#5137 = ORIENTED_EDGE ( 'NONE', *, *, #4427, .T. ) ;
#5138 = AXIS2_PLACEMENT_3D ( 'NONE', #6812, #6286, #2541 ) ;
#5139 = AXIS2_PLACEMENT_3D ( 'NONE', #1380, #5653, #3534 ) ;
#5140 = CARTESIAN_POINT ( 'NONE',  ( -0.01556840704101113484, 0.1048925862711834606, -0.02299999999999999961 ) ) ;
#5141 = ORIENTED_EDGE ( 'NONE', *, *, #2034, .T. ) ;
#5142 = FACE_OUTER_BOUND ( 'NONE', #5945, .T. ) ;
#5143 = CIRCLE ( 'NONE', #571, 0.002000000000000000042 ) ;
#5144 = PLANE ( 'NONE',  #5376 ) ;
#5145 = CARTESIAN_POINT ( 'NONE',  ( -0.01499999999999999944, 0.1099999999999999867, -0.001000000000000000888 ) ) ;
#5146 = AXIS2_PLACEMENT_3D ( 'NONE', #6611, #1818, #3514 ) ;
#5147 = ORIENTED_EDGE ( 'NONE', *, *, #5999, .T. ) ;
#5148 = CARTESIAN_POINT ( 'NONE',  ( -0.02475000000000000117, 0.1110000000000000014, 0.009000000000000001055 ) ) ;
#5149 = LINE ( 'NONE', #3564, #4316 ) ;
#5150 = ORIENTED_EDGE ( 'NONE', *, *, #3610, .T. ) ;
#5151 = DIRECTION ( 'NONE',  ( 1.000000000000000000, 0.000000000000000000, 0.000000000000000000 ) ) ;
#5152 = EDGE_CURVE ( 'NONE', #2572, #2789, #643, .T. ) ;
#5153 = DIRECTION ( 'NONE',  ( -0.000000000000000000, -0.000000000000000000, -1.000000000000000000 ) ) ;
#5154 = ORIENTED_EDGE ( 'NONE', *, *, #3051, .T. ) ;
#5155 = DIRECTION ( 'NONE',  ( 0.000000000000000000, 0.000000000000000000, 1.000000000000000000 ) ) ;
#5156 = AXIS2_PLACEMENT_3D ( 'NONE', #6604, #6703, #6670 ) ;
#5157 = CARTESIAN_POINT ( 'NONE',  ( 0.06000000000000000472, 0.004296149561436859651, -0.02101765814254362430 ) ) ;
#5158 = VECTOR ( 'NONE', #6024, 1.000000000000000000 ) ;
#5159 = ORIENTED_EDGE ( 'NONE', *, *, #685, .F. ) ;
#5160 = CARTESIAN_POINT ( 'NONE',  ( 0.06000000000000000472, 0.004296149561436859651, -0.009065587432989727357 ) ) ;
#5161 = EDGE_CURVE ( 'NONE', #3596, #3441, #3939, .T. ) ;
#5162 = DIRECTION ( 'NONE',  ( -0.000000000000000000, -0.000000000000000000, -1.000000000000000000 ) ) ;
#5163 = EDGE_CURVE ( 'NONE', #1957, #2550, #2348, .T. ) ;
#5164 = EDGE_LOOP ( 'NONE', ( #692, #3270, #5828, #6547, #1247 ) ) ;
#5165 = VECTOR ( 'NONE', #204, 1.000000000000000000 ) ;
#5166 = FACE_OUTER_BOUND ( 'NONE', #1582, .T. ) ;
#5167 = LINE ( 'NONE', #377, #5787 ) ;
#5168 = LINE ( 'NONE', #381, #4592 ) ;
#5169 = CARTESIAN_POINT ( 'NONE',  ( -0.01550000000000000683, 0.1089999999999999858, -0.02393649167310370890 ) ) ;
#5170 = ADVANCED_FACE ( 'NONE', ( #5534 ), #2866, .F. ) ;
#5171 = VERTEX_POINT ( 'NONE', #6582 ) ;
#5172 = ORIENTED_EDGE ( 'NONE', *, *, #1024, .T. ) ;
#5173 = CARTESIAN_POINT ( 'NONE',  ( -0.01575000000000000358, 0.1059999999999999831, -0.02296824583655185381 ) ) ;
#5174 = ORIENTED_EDGE ( 'NONE', *, *, #3579, .T. ) ;
#5175 = CYLINDRICAL_SURFACE ( 'NONE', #5618, 0.001000000000000000888 ) ;
#5176 = CIRCLE ( 'NONE', #5746, 0.0009999999999999991535 ) ;
#5177 = FACE_OUTER_BOUND ( 'NONE', #2478, .T. ) ;
#5178 = DIRECTION ( 'NONE',  ( 0.000000000000000000, 0.000000000000000000, 1.000000000000000000 ) ) ;
#5179 = ORIENTED_EDGE ( 'NONE', *, *, #1740, .T. ) ;
#5180 = ORIENTED_EDGE ( 'NONE', *, *, #5654, .F. ) ;
#5181 = VECTOR ( 'NONE', #4752, 1.000000000000000000 ) ;
#5182 = ORIENTED_EDGE ( 'NONE', *, *, #25, .F. ) ;
#5183 = DIRECTION ( 'NONE',  ( -0.000000000000000000, 1.000000000000000000, -0.000000000000000000 ) ) ;
#5184 = DIRECTION ( 'NONE',  ( -1.000000000000000000, 0.000000000000000000, 0.000000000000000000 ) ) ;
#5185 = ORIENTED_EDGE ( 'NONE', *, *, #6875, .F. ) ;
#5186 = CARTESIAN_POINT ( 'NONE',  ( -0.02899999999999999453, -0.02299999999999997186, 0.000000000000000000 ) ) ;
#5187 = LINE ( 'NONE', #6145, #778 ) ;
#5188 = ORIENTED_EDGE ( 'NONE', *, *, #1034, .F. ) ;
#5189 = VECTOR ( 'NONE', #6908, 1.000000000000000000 ) ;
#5190 = LINE ( 'NONE', #1592, #5009 ) ;
#5191 = CYLINDRICAL_SURFACE ( 'NONE', #3535, 0.001000000000000000888 ) ;
#5192 = VECTOR ( 'NONE', #4231, 1.000000000000000000 ) ;
#5193 = EDGE_LOOP ( 'NONE', ( #2468, #5568, #6238, #6555 ) ) ;
#5194 = FACE_OUTER_BOUND ( 'NONE', #4630, .T. ) ;
#5195 = CARTESIAN_POINT ( 'NONE',  ( 0.01299999999999999246, -0.09499999999999998723, -0.02500000000000000139 ) ) ;
#5196 = ADVANCED_FACE ( 'NONE', ( #768 ), #4365, .F. ) ;
#5197 = ORIENTED_EDGE ( 'NONE', *, *, #2763, .T. ) ;
#5198 = CARTESIAN_POINT ( 'NONE',  ( 0.01299999999999999246, -0.09699999999999998901, -0.002000000000000001776 ) ) ;
#5199 = EDGE_CURVE ( 'NONE', #2226, #4399, #1823, .T. ) ;
#5200 = CARTESIAN_POINT ( 'NONE',  ( -0.01050000000000000239, 0.000000000000000000, 0.007000000000000000146 ) ) ;
#5201 = CARTESIAN_POINT ( 'NONE',  ( -0.01300000000000000461, -0.09699999999999998901, 0.000000000000000000 ) ) ;
#5202 = CARTESIAN_POINT ( 'NONE',  ( 0.01650000000000000772, 0.1199999999999999956, 2.020667218593131399E-18 ) ) ;
#5203 = ORIENTED_EDGE ( 'NONE', *, *, #2929, .T. ) ;
#5204 = VERTEX_POINT ( 'NONE', #3908 ) ;
#5205 = CARTESIAN_POINT ( 'NONE',  ( -0.01000000000000000021, -0.09999999999999999167, -0.01630000000000000199 ) ) ;
#5206 = EDGE_CURVE ( 'NONE', #3369, #3874, #3324, .T. ) ;
#5207 = VERTEX_POINT ( 'NONE', #2312 ) ;
#5208 = EDGE_CURVE ( 'NONE', #4981, #1868, #6064, .T. ) ;
#5209 = FACE_BOUND ( 'NONE', #6340, .T. ) ;
#5210 = LINE ( 'NONE', #1961, #6051 ) ;
#5211 = DIRECTION ( 'NONE',  ( 0.000000000000000000, 0.000000000000000000, 1.000000000000000000 ) ) ;
#5212 = ORIENTED_EDGE ( 'NONE', *, *, #6832, .T. ) ;
#5213 = ORIENTED_EDGE ( 'NONE', *, *, #614, .T. ) ;
#5214 = ORIENTED_EDGE ( 'NONE', *, *, #199, .T. ) ;
#5215 = VECTOR ( 'NONE', #6398, 1.000000000000000000 ) ;
#5216 = VERTEX_POINT ( 'NONE', #5468 ) ;
#5217 = ADVANCED_FACE ( 'NONE', ( #3289 ), #675, .F. ) ;
#5218 = DIRECTION ( 'NONE',  ( 0.000000000000000000, 1.000000000000000000, -0.000000000000000000 ) ) ;
#5219 = FACE_OUTER_BOUND ( 'NONE', #2210, .T. ) ;
#5220 = AXIS2_PLACEMENT_3D ( 'NONE', #2399, #4521, #4953 ) ;
#5221 = ORIENTED_EDGE ( 'NONE', *, *, #4756, .T. ) ;
#5222 = DIRECTION ( 'NONE',  ( 0.000000000000000000, -1.000000000000000000, 0.000000000000000000 ) ) ;
#5223 = CARTESIAN_POINT ( 'NONE',  ( -0.007499999999999999722, -0.09499999999999998723, -0.01000000000000000194 ) ) ;
#5224 = EDGE_LOOP ( 'NONE', ( #1714, #112, #1312, #5952 ) ) ;
#5225 = DIRECTION ( 'NONE',  ( 0.000000000000000000, -1.000000000000000000, 0.000000000000000000 ) ) ;
#5226 = DIRECTION ( 'NONE',  ( -1.000000000000000000, 0.000000000000000000, 0.000000000000000000 ) ) ;
#5227 = ORIENTED_EDGE ( 'NONE', *, *, #4632, .T. ) ;
#5228 = LINE ( 'NONE', #1422, #5954 ) ;
#5229 = CARTESIAN_POINT ( 'NONE',  ( 0.01399999999999999856, 0.1059999999999999831, -0.02199999999999999872 ) ) ;
#5230 = ORIENTED_EDGE ( 'NONE', *, *, #4642, .T. ) ;
#5231 = DIRECTION ( 'NONE',  ( 0.000000000000000000, 0.000000000000000000, 1.000000000000000000 ) ) ;
#5232 = DIRECTION ( 'NONE',  ( 0.000000000000000000, -0.000000000000000000, 1.000000000000000000 ) ) ;
#5233 = ADVANCED_FACE ( 'NONE', ( #4934 ), #85, .T. ) ;
#5234 = AXIS2_PLACEMENT_3D ( 'NONE', #403, #4617, #5155 ) ;
#5235 = CARTESIAN_POINT ( 'NONE',  ( 0.03099999999999998937, 0.02299999999999999961, 0.000000000000000000 ) ) ;
#5236 = DIRECTION ( 'NONE',  ( -1.000000000000000000, -1.541976423090494401E-16, -0.000000000000000000 ) ) ;
#5237 = ORIENTED_EDGE ( 'NONE', *, *, #428, .T. ) ;
#5238 = ADVANCED_FACE ( 'NONE', ( #1689 ), #3807, .T. ) ;
#5239 = AXIS2_PLACEMENT_3D ( 'NONE', #2805, #2772, #1167 ) ;
#5240 = CARTESIAN_POINT ( 'NONE',  ( 0.01499999999999999251, -0.09699999999999998901, -0.02500000000000000139 ) ) ;
#5241 = VERTEX_POINT ( 'NONE', #4601 ) ;
#5242 = DIRECTION ( 'NONE',  ( 1.000000000000000000, 0.000000000000000000, 0.000000000000000000 ) ) ;
#5243 = CARTESIAN_POINT ( 'NONE',  ( 0.004999999999999994900, 0.09349999999999999978, 0.007000000000000000146 ) ) ;
#5244 = CARTESIAN_POINT ( 'NONE',  ( -0.05000000000000000278, -0.04303742192173399400, 0.007000000000000000146 ) ) ;
#5245 = AXIS2_PLACEMENT_3D ( 'NONE', #2657, #3173, #4782 ) ;
#5246 = ORIENTED_EDGE ( 'NONE', *, *, #990, .F. ) ;
#5247 = ORIENTED_EDGE ( 'NONE', *, *, #6580, .T. ) ;
#5248 = VERTEX_POINT ( 'NONE', #837 ) ;
#5249 = EDGE_CURVE ( 'NONE', #1490, #6753, #1433, .T. ) ;
#5250 = VECTOR ( 'NONE', #6179, 1.000000000000000000 ) ;
#5251 = ADVANCED_FACE ( 'NONE', ( #3552 ), #6717, .F. ) ;
#5252 = DIRECTION ( 'NONE',  ( -0.000000000000000000, -1.000000000000000000, -0.000000000000000000 ) ) ;
#5253 = EDGE_LOOP ( 'NONE', ( #4639, #3112, #6414, #6807 ) ) ;
#5254 = DIRECTION ( 'NONE',  ( 0.000000000000000000, 0.000000000000000000, -1.000000000000000000 ) ) ;
#5255 = CARTESIAN_POINT ( 'NONE',  ( -0.06000000000000000472, 0.006000000000000005329, -0.01500000000000000638 ) ) ;
#5256 = CARTESIAN_POINT ( 'NONE',  ( 0.06000000000000000472, 0.003500000000000003109, -0.02000000000000001082 ) ) ;
#5257 = FACE_OUTER_BOUND ( 'NONE', #4263, .T. ) ;
#5258 = CARTESIAN_POINT ( 'NONE',  ( 0.04200000000000000261, 0.000000000000000000, 0.000000000000000000 ) ) ;
#5259 = VECTOR ( 'NONE', #5462, 1.000000000000000000 ) ;
#5260 = ADVANCED_FACE ( 'NONE', ( #4038 ), #4634, .F. ) ;
#5261 = EDGE_LOOP ( 'NONE', ( #93, #1859, #2349, #5283 ) ) ;
#5262 = CARTESIAN_POINT ( 'NONE',  ( 0.04200000000000000261, 0.03996257807826604502, -0.05895034905577770101 ) ) ;
#5263 = EDGE_CURVE ( 'NONE', #1421, #1478, #4006, .T. ) ;
#5264 = CARTESIAN_POINT ( 'NONE',  ( -0.01650000000000000772, 0.1055586489001417300, -0.02395093659715712489 ) ) ;
#5265 = VERTEX_POINT ( 'NONE', #3453 ) ;
#5266 = CARTESIAN_POINT ( 'NONE',  ( 0.04999999999999999584, -0.04303742192173399400, 0.007000000000000000146 ) ) ;
#5267 = CYLINDRICAL_SURFACE ( 'NONE', #3901, 0.001299999999999999073 ) ;
#5268 = ORIENTED_EDGE ( 'NONE', *, *, #6622, .F. ) ;
#5269 = CARTESIAN_POINT ( 'NONE',  ( -0.02999999999999999542, -0.02299999999999997186, 0.007000000000000000146 ) ) ;
#5270 = LINE ( 'NONE', #3792, #976 ) ;
#5271 = CARTESIAN_POINT ( 'NONE',  ( 0.05000000000000000278, -0.04303742192173399400, -0.06695034905577768036 ) ) ;
#5272 = DIRECTION ( 'NONE',  ( 0.000000000000000000, 0.000000000000000000, 1.000000000000000000 ) ) ;
#5273 = AXIS2_PLACEMENT_3D ( 'NONE', #726, #2854, #3928 ) ;
#5274 = ORIENTED_EDGE ( 'NONE', *, *, #5385, .T. ) ;
#5275 = TOROIDAL_SURFACE ( 'NONE', #3921, 0.002000000000000000042, 0.001000000000000000021 ) ;
#5276 = CARTESIAN_POINT ( 'NONE',  ( 0.004999999999999994900, 0.09349999999999999978, 0.007000000000000000146 ) ) ;
#5277 = ORIENTED_EDGE ( 'NONE', *, *, #679, .T. ) ;
#5278 = CARTESIAN_POINT ( 'NONE',  ( -0.01650000000000000772, 0.1035428611430424528, -0.02599999999999999881 ) ) ;
#5279 = EDGE_CURVE ( 'NONE', #1572, #1932, #6165, .T. ) ;
#5280 = CARTESIAN_POINT ( 'NONE',  ( -0.05700000000000000205, 0.004296149561436858784, -0.009065587432989727357 ) ) ;
#5281 = CARTESIAN_POINT ( 'NONE',  ( -0.0009304985285447126431, 0.1062714305715212193, -0.02599999999999999881 ) ) ;
#5282 = ORIENTED_EDGE ( 'NONE', *, *, #5900, .F. ) ;
#5283 = ORIENTED_EDGE ( 'NONE', *, *, #5957, .F. ) ;
#5284 = ORIENTED_EDGE ( 'NONE', *, *, #5692, .F. ) ;
#5285 = ADVANCED_FACE ( 'NONE', ( #4107 ), #4448, .F. ) ;
#5286 = LINE ( 'NONE', #1653, #4276 ) ;
#5287 = VECTOR ( 'NONE', #4162, 1.000000000000000000 ) ;
#5288 = VERTEX_POINT ( 'NONE', #1956 ) ;
#5289 = CARTESIAN_POINT ( 'NONE',  ( -0.05000000000000000971, 0.000000000000000000, 0.007000000000000000146 ) ) ;
#5290 = DIRECTION ( 'NONE',  ( -0.000000000000000000, -1.000000000000000000, -0.000000000000000000 ) ) ;
#5291 = EDGE_CURVE ( 'NONE', #1791, #4114, #4072, .T. ) ;
#5292 = ORIENTED_EDGE ( 'NONE', *, *, #5670, .F. ) ;
#5293 = CIRCLE ( 'NONE', #2388, 0.001000000000000000021 ) ;
#5294 = DIRECTION ( 'NONE',  ( 0.000000000000000000, -1.000000000000000000, 0.000000000000000000 ) ) ;
#5295 = ORIENTED_EDGE ( 'NONE', *, *, #1841, .T. ) ;
#5296 = DIRECTION ( 'NONE',  ( 1.000000000000000000, 0.000000000000000000, 0.000000000000000000 ) ) ;
#5297 = EDGE_CURVE ( 'NONE', #2036, #1511, #5707, .T. ) ;
#5298 = DIRECTION ( 'NONE',  ( -1.000000000000000000, 0.000000000000000000, 0.000000000000000000 ) ) ;
#5299 = LINE ( 'NONE', #2873, #6809 ) ;
#5300 = VERTEX_POINT ( 'NONE', #6682 ) ;
#5301 = DIRECTION ( 'NONE',  ( 0.000000000000000000, -1.000000000000000000, 0.000000000000000000 ) ) ;
#5302 = DIRECTION ( 'NONE',  ( 1.000000000000000000, 0.000000000000000000, 0.000000000000000000 ) ) ;
#5303 = ORIENTED_EDGE ( 'NONE', *, *, #5206, .F. ) ;
#5304 = FACE_OUTER_BOUND ( 'NONE', #3185, .T. ) ;
#5305 = ORIENTED_EDGE ( 'NONE', *, *, #291, .T. ) ;
#5306 = AXIS2_PLACEMENT_3D ( 'NONE', #2352, #1864, #253 ) ;
#5307 = VECTOR ( 'NONE', #6034, 1.000000000000000000 ) ;
#5308 = DIRECTION ( 'NONE',  ( 0.000000000000000000, 0.000000000000000000, 1.000000000000000000 ) ) ;
#5309 = CARTESIAN_POINT ( 'NONE',  ( -0.05000000000000000278, 0.03996257807826604502, 0.007000000000000000146 ) ) ;
#5310 = LINE ( 'NONE', #2794, #4505 ) ;
#5311 = AXIS2_PLACEMENT_3D ( 'NONE', #4411, #6556, #1344 ) ;
#5312 = ORIENTED_EDGE ( 'NONE', *, *, #5555, .T. ) ;
#5313 = LINE ( 'NONE', #1575, #1006 ) ;
#5314 = ORIENTED_EDGE ( 'NONE', *, *, #2086, .F. ) ;
#5315 = CARTESIAN_POINT ( 'NONE',  ( -0.02899999999999999453, 0.01104832204050209578, -0.003000000000000000062 ) ) ;
#5316 = FACE_OUTER_BOUND ( 'NONE', #3768, .T. ) ;
#5317 = ORIENTED_EDGE ( 'NONE', *, *, #25, .T. ) ;
#5318 = ORIENTED_EDGE ( 'NONE', *, *, #2374, .T. ) ;
#5319 = ORIENTED_EDGE ( 'NONE', *, *, #589, .F. ) ;
#5320 = CARTESIAN_POINT ( 'NONE',  ( -0.05000000000000000278, 0.04796257807826606601, -0.06095034905577773054 ) ) ;
#5321 = ORIENTED_EDGE ( 'NONE', *, *, #5720, .F. ) ;
#5322 = FACE_BOUND ( 'NONE', #3846, .T. ) ;
#5323 = FACE_OUTER_BOUND ( 'NONE', #5464, .T. ) ;
#5324 = EDGE_CURVE ( 'NONE', #5064, #4482, #3519, .T. ) ;
#5325 = EDGE_LOOP ( 'NONE', ( #2344, #6259, #1820, #5399, #6687 ) ) ;
#5326 = AXIS2_PLACEMENT_3D ( 'NONE', #550, #101, #4242 ) ;
#5327 = CARTESIAN_POINT ( 'NONE',  ( 0.06000000000000000472, 0.004296149561436859651, -0.009065587432989727357 ) ) ;
#5328 = VERTEX_POINT ( 'NONE', #943 ) ;
#5329 = EDGE_CURVE ( 'NONE', #6725, #4344, #673, .T. ) ;
#5330 = AXIS2_PLACEMENT_3D ( 'NONE', #6247, #4094, #928 ) ;
#5331 = AXIS2_PLACEMENT_3D ( 'NONE', #470, #2598, #6870 ) ;
#5332 = PLANE ( 'NONE',  #6297 ) ;
#5333 = APPROVAL_STATUS ( 'not_yet_approved' ) ;
#5334 = CARTESIAN_POINT ( 'NONE',  ( 0.01563900294291058549, 0.1048538458423359937, -0.02299999999999999961 ) ) ;
#5335 = DIRECTION ( 'NONE',  ( -0.000000000000000000, -0.000000000000000000, -1.000000000000000000 ) ) ;
#5336 = AXIS2_PLACEMENT_3D ( 'NONE', #4553, #6700, #6183 ) ;
#5337 = ORIENTED_EDGE ( 'NONE', *, *, #879, .T. ) ;
#5338 = DIRECTION ( 'NONE',  ( 1.000000000000000000, 0.000000000000000000, 0.000000000000000000 ) ) ;
#5339 = CARTESIAN_POINT ( 'NONE',  ( 0.000000000000000000, 0.1045428611430424537, -0.02392491604476003342 ) ) ;
#5340 = AXIS2_PLACEMENT_3D ( 'NONE', #1316, #1289, #661 ) ;
#5341 = ORIENTED_EDGE ( 'NONE', *, *, #4778, .F. ) ;
#5342 = EDGE_CURVE ( 'NONE', #5626, #1411, #2964, .T. ) ;
#5343 = EDGE_CURVE ( 'NONE', #5368, #2376, #4123, .T. ) ;
#5344 = DIRECTION ( 'NONE',  ( -1.000000000000000000, 0.000000000000000000, -0.000000000000000000 ) ) ;
#5345 = ORIENTED_EDGE ( 'NONE', *, *, #2347, .T. ) ;
#5346 = DIRECTION ( 'NONE',  ( -0.000000000000000000, 0.000000000000000000, 1.000000000000000000 ) ) ;
#5347 = DIRECTION ( 'NONE',  ( -1.000000000000000000, 0.000000000000000000, 0.000000000000000000 ) ) ;
#5348 = FACE_OUTER_BOUND ( 'NONE', #1043, .T. ) ;
#5349 = CC_DESIGN_PERSON_AND_ORGANIZATION_ASSIGNMENT ( #1069, #3781, ( #2612 ) ) ;
#5350 = VERTEX_POINT ( 'NONE', #6232 ) ;
#5351 = EDGE_CURVE ( 'NONE', #4204, #1705, #313, .T. ) ;
#5352 = CARTESIAN_POINT ( 'NONE',  ( 0.01453719682982162510, 0.1043117687453158360, -0.02297114557753310304 ) ) ;
#5353 = VECTOR ( 'NONE', #3242, 1.000000000000000000 ) ;
#5354 = AXIS2_PLACEMENT_3D ( 'NONE', #4695, #2576, #4245 ) ;
#5355 = VERTEX_POINT ( 'NONE', #5034 ) ;
#5356 = LINE ( 'NONE', #564, #3150 ) ;
#5357 = EDGE_CURVE ( 'NONE', #6274, #1000, #2513, .T. ) ;
#5358 = DIRECTION ( 'NONE',  ( -1.000000000000000000, -0.000000000000000000, -0.000000000000000000 ) ) ;
#5359 = VERTEX_POINT ( 'NONE', #2480 ) ;
#5360 = ORIENTED_EDGE ( 'NONE', *, *, #6488, .T. ) ;
#5361 = ORIENTED_EDGE ( 'NONE', *, *, #3947, .F. ) ;
#5362 = VECTOR ( 'NONE', #2903, 1.000000000000000000 ) ;
#5363 = CARTESIAN_POINT ( 'NONE',  ( -0.01650000000000000772, 0.1099999999999999867, -0.02599999999999999881 ) ) ;
#5364 = ORIENTED_EDGE ( 'NONE', *, *, #1762, .T. ) ;
#5365 = DIRECTION ( 'NONE',  ( 1.000000000000000000, 0.000000000000000000, -0.000000000000000000 ) ) ;
#5366 = CARTESIAN_POINT ( 'NONE',  ( 0.06000000000000000472, 0.004296149561436859651, -0.02101765814254362430 ) ) ;
#5367 = AXIS2_PLACEMENT_3D ( 'NONE', #5276, #1607, #3623 ) ;
#5368 = VERTEX_POINT ( 'NONE', #6133 ) ;
#5369 = CARTESIAN_POINT ( 'NONE',  ( -0.05000000000000000971, 0.09199999999999999845, 0.000000000000000000 ) ) ;
#5370 = VERTEX_POINT ( 'NONE', #1330 ) ;
#5371 = AXIS2_PLACEMENT_3D ( 'NONE', #3015, #4684, #1450 ) ;
#5372 = DIRECTION ( 'NONE',  ( 0.000000000000000000, 0.000000000000000000, 1.000000000000000000 ) ) ;
#5373 = CARTESIAN_POINT ( 'NONE',  ( 0.000000000000000000, 0.000000000000000000, 0.000000000000000000 ) ) ;
#5374 = CARTESIAN_POINT ( 'NONE',  ( 0.01572918630385199482, 0.1051898648055637486, -0.02299546283787525652 ) ) ;
#5375 = EDGE_CURVE ( 'NONE', #4150, #6444, #802, .T. ) ;
#5376 = AXIS2_PLACEMENT_3D ( 'NONE', #421, #2552, #2026 ) ;
#5377 = ORIENTED_EDGE ( 'NONE', *, *, #4525, .F. ) ;
#5378 = CYLINDRICAL_SURFACE ( 'NONE', #4742, 0.001000000000000000888 ) ;
#5379 = DIRECTION ( 'NONE',  ( 0.000000000000000000, -0.000000000000000000, -1.000000000000000000 ) ) ;
#5380 = ORIENTED_EDGE ( 'NONE', *, *, #1747, .T. ) ;
#5381 = VECTOR ( 'NONE', #1498, 1.000000000000000000 ) ;
#5382 = DIRECTION ( 'NONE',  ( -1.000000000000000000, 0.000000000000000000, 0.000000000000000000 ) ) ;
#5383 = VERTEX_POINT ( 'NONE', #2135 ) ;
#5384 = DIRECTION ( 'NONE',  ( -1.000000000000000000, 0.000000000000000000, 0.000000000000000000 ) ) ;
#5385 = EDGE_CURVE ( 'NONE', #6322, #4769, #3105, .T. ) ;
#5386 = ADVANCED_FACE ( 'NONE', ( #6933 ), #3210, .T. ) ;
#5387 = CARTESIAN_POINT ( 'NONE',  ( -0.005000000000000000104, 0.09349999999999999978, 0.007000000000000000146 ) ) ;
#5388 = DIRECTION ( 'NONE',  ( 0.000000000000000000, -1.000000000000000000, 0.000000000000000000 ) ) ;
#5389 = EDGE_LOOP ( 'NONE', ( #2472, #3244 ) ) ;
#5390 = FACE_OUTER_BOUND ( 'NONE', #3517, .T. ) ;
#5391 = ORIENTED_EDGE ( 'NONE', *, *, #2863, .T. ) ;
#5392 = DIRECTION ( 'NONE',  ( -0.000000000000000000, 0.000000000000000000, -1.000000000000000000 ) ) ;
#5393 = EDGE_CURVE ( 'NONE', #84, #3518, #5313, .T. ) ;
#5394 = AXIS2_PLACEMENT_3D ( 'NONE', #1743, #4280, #72 ) ;
#5395 = DIRECTION ( 'NONE',  ( 1.000000000000000000, 0.000000000000000000, 0.000000000000000000 ) ) ;
#5396 = AXIS2_PLACEMENT_3D ( 'NONE', #388, #1472, #6720 ) ;
#5397 = ORIENTED_EDGE ( 'NONE', *, *, #6733, .T. ) ;
#5398 = ORIENTED_EDGE ( 'NONE', *, *, #6484, .T. ) ;
#5399 = ORIENTED_EDGE ( 'NONE', *, *, #3913, .F. ) ;
#5400 = CIRCLE ( 'NONE', #3037, 0.001000000000000000888 ) ;
#5401 = ORIENTED_EDGE ( 'NONE', *, *, #4983, .T. ) ;
#5402 = FACE_BOUND ( 'NONE', #5831, .T. ) ;
#5403 = DIRECTION ( 'NONE',  ( 1.000000000000000000, 0.000000000000000000, 0.000000000000000000 ) ) ;
#5404 = CARTESIAN_POINT ( 'NONE',  ( -0.007499999999999997988, 0.1149999999999999911, -0.02000000000000000042 ) ) ;
#5405 = CARTESIAN_POINT ( 'NONE',  ( 0.003499999999999928082, 0.04549999999999997102, 0.000000000000000000 ) ) ;
#5406 = ORIENTED_EDGE ( 'NONE', *, *, #6847, .T. ) ;
#5407 = LINE ( 'NONE', #2748, #5971 ) ;
#5408 = SHAPE_DEFINITION_REPRESENTATION ( #1967, #5968 ) ;
#5409 = CARTESIAN_POINT ( 'NONE',  ( -0.05699999999999999512, 0.04796257807826604519, 0.007000000000000000146 ) ) ;
#5410 = AXIS2_PLACEMENT_3D ( 'NONE', #5826, #6907, #4754 ) ;
#5411 = ORIENTED_EDGE ( 'NONE', *, *, #1273, .F. ) ;
#5412 = CARTESIAN_POINT ( 'NONE',  ( -0.01399999999999999856, 0.1049999999999999822, -0.001000000000000000888 ) ) ;
#5413 = CARTESIAN_POINT ( 'NONE',  ( 0.004999999999999928980, 0.04549999999999997102, 0.000000000000000000 ) ) ;
#5414 = ORIENTED_EDGE ( 'NONE', *, *, #5423, .F. ) ;
#5415 = PRODUCT_DEFINITION_FORMATION_WITH_SPECIFIED_SOURCE ( 'ANY', '', #4757, .NOT_KNOWN. ) ;
#5416 = LINE ( 'NONE', #135, #4334 ) ;
#5417 = ORIENTED_EDGE ( 'NONE', *, *, #5735, .F. ) ;
#5418 = CARTESIAN_POINT ( 'NONE',  ( -0.04200000000000000261, 0.03996257807826605196, -0.06095034905577770279 ) ) ;
#5419 = CARTESIAN_POINT ( 'NONE',  ( 0.05000000000000000278, 0.04796257807826604519, -0.06495034905577767859 ) ) ;
#5420 = DIRECTION ( 'NONE',  ( 1.000000000000000000, 0.000000000000000000, 0.000000000000000000 ) ) ;
#5421 = VERTEX_POINT ( 'NONE', #2023 ) ;
#5422 = AXIS2_PLACEMENT_3D ( 'NONE', #3516, #3619, #6815 ) ;
#5423 = EDGE_CURVE ( 'NONE', #2954, #2572, #978, .T. ) ;
#5424 = CIRCLE ( 'NONE', #4859, 0.001500000000000000465 ) ;
#5425 = CARTESIAN_POINT ( 'NONE',  ( -0.04200000000000000261, 0.04796257807826606601, -0.06095034905577773054 ) ) ;
#5426 = ORIENTED_EDGE ( 'NONE', *, *, #5630, .F. ) ;
#5427 = FACE_BOUND ( 'NONE', #766, .T. ) ;
#5428 = CIRCLE ( 'NONE', #3294, 0.001299999999999999073 ) ;
#5429 = FACE_OUTER_BOUND ( 'NONE', #2522, .T. ) ;
#5430 = EDGE_LOOP ( 'NONE', ( #1235, #6167 ) ) ;
#5431 = EDGE_LOOP ( 'NONE', ( #4577, #2858, #1954, #2864, #3502, #3392 ) ) ;
#5432 = ADVANCED_FACE ( 'NONE', ( #418 ), #40, .F. ) ;
#5433 = EDGE_CURVE ( 'NONE', #6408, #6155, #3006, .T. ) ;
#5434 = CARTESIAN_POINT ( 'NONE',  ( -0.05700000000000000205, 0.004296149561436858784, -0.02101765814254362430 ) ) ;
#5435 = EDGE_LOOP ( 'NONE', ( #350, #3218, #5698, #5926 ) ) ;
#5436 = DIRECTION ( 'NONE',  ( -0.000000000000000000, -0.000000000000000000, -1.000000000000000000 ) ) ;
#5437 = CARTESIAN_POINT ( 'NONE',  ( -0.05000000000000000278, -0.01149999999999999634, -0.02000000000000001082 ) ) ;
#5438 = VECTOR ( 'NONE', #4388, 1.000000000000000000 ) ;
#5439 = LINE ( 'NONE', #1206, #2845 ) ;
#5440 = CC_DESIGN_PERSON_AND_ORGANIZATION_ASSIGNMENT ( #3709, #20, ( #5415 ) ) ;
#5441 = ORIENTED_EDGE ( 'NONE', *, *, #5773, .F. ) ;
#5442 = ADVANCED_FACE ( 'NONE', ( #2618 ), #4959, .T. ) ;
#5443 = LINE ( 'NONE', #617, #50 ) ;
#5444 = DIRECTION ( 'NONE',  ( 0.000000000000000000, 0.000000000000000000, 1.000000000000000000 ) ) ;
#5445 = ORIENTED_EDGE ( 'NONE', *, *, #3055, .T. ) ;
#5446 = CARTESIAN_POINT ( 'NONE',  ( -0.01600000000000000033, 0.1059999999999999831, -0.02199999999999999872 ) ) ;
#5447 = DIRECTION ( 'NONE',  ( -0.000000000000000000, -0.000000000000000000, -1.000000000000000000 ) ) ;
#5448 = ORIENTED_EDGE ( 'NONE', *, *, #6847, .F. ) ;
#5449 = DIRECTION ( 'NONE',  ( -0.000000000000000000, 0.000000000000000000, 1.000000000000000000 ) ) ;
#5450 = ORIENTED_EDGE ( 'NONE', *, *, #6885, .F. ) ;
#5451 = AXIS2_PLACEMENT_3D ( 'NONE', #3205, #2722, #2651 ) ;
#5452 = DIRECTION ( 'NONE',  ( -0.000000000000000000, 0.000000000000000000, 1.000000000000000000 ) ) ;
#5453 = AXIS2_PLACEMENT_3D ( 'NONE', #2323, #743, #4508 ) ;
#5454 = CARTESIAN_POINT ( 'NONE',  ( -0.05000000000000000278, -0.04298864926096757771, -0.06095034905577770279 ) ) ;
#5455 = CYLINDRICAL_SURFACE ( 'NONE', #3474, 0.001299999999999999073 ) ;
#5456 = CARTESIAN_POINT ( 'NONE',  ( 0.05700000000000000205, 0.004296149561436858784, -0.009065587432989727357 ) ) ;
#5457 = ORIENTED_EDGE ( 'NONE', *, *, #3097, .F. ) ;
#5458 = DIRECTION ( 'NONE',  ( 0.000000000000000000, 0.000000000000000000, 1.000000000000000000 ) ) ;
#5459 = ADVANCED_FACE ( 'NONE', ( #6855 ), #1014, .T. ) ;
#5460 = EDGE_LOOP ( 'NONE', ( #3997, #6460 ) ) ;
#5461 = DIRECTION ( 'NONE',  ( -1.000000000000000000, -0.000000000000000000, -0.000000000000000000 ) ) ;
#5462 = DIRECTION ( 'NONE',  ( -0.000000000000000000, 1.000000000000000000, -0.000000000000000000 ) ) ;
#5463 = ADVANCED_FACE ( 'NONE', ( #4252 ), #5882, .F. ) ;
#5464 = EDGE_LOOP ( 'NONE', ( #6549, #6014, #3705, #1307 ) ) ;
#5465 = EDGE_LOOP ( 'NONE', ( #7, #6436, #2580, #4623 ) ) ;
#5466 = AXIS2_PLACEMENT_3D ( 'NONE', #3995, #3347, #789 ) ;
#5467 = AXIS2_PLACEMENT_3D ( 'NONE', #2465, #6699, #6216 ) ;
#5468 = CARTESIAN_POINT ( 'NONE',  ( -0.01550000000000000683, 0.1045428611430424537, -0.02299999999999999961 ) ) ;
#5469 = EDGE_LOOP ( 'NONE', ( #650, #5099, #1964, #3156 ) ) ;
#5470 = CARTESIAN_POINT ( 'NONE',  ( -0.01499999999999999944, 0.1059999999999999831, -0.02299999999999999961 ) ) ;
#5471 = CARTESIAN_POINT ( 'NONE',  ( -0.01399999999999999856, 0.1059999999999999831, -0.02299999999999999961 ) ) ;
#5472 = VECTOR ( 'NONE', #3394, 1.000000000000000000 ) ;
#5473 = ADVANCED_FACE ( 'NONE', ( #1085 ), #3071, .F. ) ;
#5474 = ADVANCED_FACE ( 'NONE', ( #562 ), #2694, .F. ) ;
#5475 =( BOUNDED_CURVE ( )  B_SPLINE_CURVE ( 3, ( #3803, #1230, #2766, #3286 ),
 .UNSPECIFIED., .F., .T. ) 
 B_SPLINE_CURVE_WITH_KNOTS ( ( 4, 4 ),
 ( 1.570796326794896558, 3.141592653589793116 ),
 .UNSPECIFIED. ) 
 CURVE ( )  GEOMETRIC_REPRESENTATION_ITEM ( )  RATIONAL_B_SPLINE_CURVE ( ( 1.000000000000000000, 0.8047378541243649375, 0.8047378541243649375, 1.000000000000000000 ) ) 
 REPRESENTATION_ITEM ( '' )  );
#5476 = DIRECTION ( 'NONE',  ( 1.000000000000000000, 0.000000000000000000, 0.000000000000000000 ) ) ;
#5477 = VECTOR ( 'NONE', #6032, 1.000000000000000000 ) ;
#5478 = DIRECTION ( 'NONE',  ( -0.000000000000000000, -0.000000000000000000, -1.000000000000000000 ) ) ;
#5479 = ORIENTED_EDGE ( 'NONE', *, *, #2078, .T. ) ;
#5480 = DIRECTION ( 'NONE',  ( 0.000000000000000000, 1.000000000000000000, 0.000000000000000000 ) ) ;
#5481 = AXIS2_PLACEMENT_3D ( 'NONE', #5527, #5495, #2829 ) ;
#5482 = LINE ( 'NONE', #2292, #1682 ) ;
#5483 = ORIENTED_EDGE ( 'NONE', *, *, #5900, .T. ) ;
#5484 = AXIS2_PLACEMENT_3D ( 'NONE', #3954, #6112, #3371 ) ;
#5485 = ADVANCED_FACE ( 'NONE', ( #636, #2272, #1746, #1225 ), #3900, .F. ) ;
#5486 = CARTESIAN_POINT ( 'NONE',  ( 0.01299999999999999246, -0.09699999999999998901, -0.02500000000000000139 ) ) ;
#5487 = ORIENTED_EDGE ( 'NONE', *, *, #4632, .F. ) ;
#5488 = VECTOR ( 'NONE', #6407, 1.000000000000000000 ) ;
#5489 = CARTESIAN_POINT ( 'NONE',  ( -0.05000000000000000278, 0.003500000000000003109, -0.02000000000000001082 ) ) ;
#5490 = PLANE ( 'NONE',  #3424 ) ;
#5491 = CARTESIAN_POINT ( 'NONE',  ( -0.01399999999999999856, 0.1042714305715212175, -0.02296245802238001607 ) ) ;
#5492 = CARTESIAN_POINT ( 'NONE',  ( 0.04200000000000000261, -0.04303742192173399400, -0.06695034905577768036 ) ) ;
#5493 = ORIENTED_EDGE ( 'NONE', *, *, #6792, .T. ) ;
#5494 = CIRCLE ( 'NONE', #4238, 0.002000000000000000042 ) ;
#5495 = DIRECTION ( 'NONE',  ( 1.000000000000000000, 0.000000000000000000, 0.000000000000000000 ) ) ;
#5496 = ORIENTED_EDGE ( 'NONE', *, *, #4194, .F. ) ;
#5497 = CARTESIAN_POINT ( 'NONE',  ( 0.02999999999999999542, 0.01804832204050208291, 0.000000000000000000 ) ) ;
#5498 = DIRECTION ( 'NONE',  ( 0.000000000000000000, 1.000000000000000000, 0.000000000000000000 ) ) ;
#5499 = ORIENTED_EDGE ( 'NONE', *, *, #1414, .T. ) ;
#5500 = ORIENTED_EDGE ( 'NONE', *, *, #47, .F. ) ;
#5501 = EDGE_CURVE ( 'NONE', #1441, #1512, #666, .T. ) ;
#5502 = CARTESIAN_POINT ( 'NONE',  ( -0.05700000000000000205, -0.01242252077633198074, -0.009065587432989727357 ) ) ;
#5503 = EDGE_CURVE ( 'NONE', #2106, #5359, #3383, .T. ) ;
#5504 = ORIENTED_EDGE ( 'NONE', *, *, #322, .F. ) ;
#5505 = CARTESIAN_POINT ( 'NONE',  ( -0.02000000000000000042, 0.03799999999999999212, 0.000000000000000000 ) ) ;
#5506 = AXIS2_PLACEMENT_3D ( 'NONE', #6406, #5815, #1016 ) ;
#5507 = FACE_OUTER_BOUND ( 'NONE', #1443, .T. ) ;
#5508 = LINE ( 'NONE', #6688, #1952 ) ;
#5509 = AXIS2_PLACEMENT_3D ( 'NONE', #5552, #2365, #1880 ) ;
#5510 = EDGE_CURVE ( 'NONE', #5216, #3013, #2797, .T. ) ;
#5511 = DIRECTION ( 'NONE',  ( -1.000000000000000000, 0.000000000000000000, 0.000000000000000000 ) ) ;
#5512 = CARTESIAN_POINT ( 'NONE',  ( -0.01561545396995843785, 0.1050433840076785419, -0.02299174546597611279 ) ) ;
#5513 = ORIENTED_EDGE ( 'NONE', *, *, #4724, .F. ) ;
#5514 = FACE_OUTER_BOUND ( 'NONE', #6493, .T. ) ;
#5515 = DIRECTION ( 'NONE',  ( -1.000000000000000000, -0.000000000000000000, -0.000000000000000000 ) ) ;
#5516 = ORIENTED_EDGE ( 'NONE', *, *, #1800, .F. ) ;
#5517 = EDGE_CURVE ( 'NONE', #2626, #3167, #2303, .T. ) ;
#5518 = CARTESIAN_POINT ( 'NONE',  ( 0.02999999999999999542, 0.01804832204050208291, 0.007000000000000000146 ) ) ;
#5519 = EDGE_LOOP ( 'NONE', ( #1138, #1504, #798, #5203 ) ) ;
#5520 = VECTOR ( 'NONE', #59, 1.000000000000000000 ) ;
#5521 = DIRECTION ( 'NONE',  ( 1.000000000000000000, 0.000000000000000000, 0.000000000000000000 ) ) ;
#5522 = PLANE ( 'NONE',  #1902 ) ;
#5523 = DIRECTION ( 'NONE',  ( -0.000000000000000000, -0.000000000000000000, 1.000000000000000000 ) ) ;
#5524 = CARTESIAN_POINT ( 'NONE',  ( -0.0009304985285447126431, 0.1062714305715212193, -0.02099999999999999784 ) ) ;
#5525 = AXIS2_PLACEMENT_3D ( 'NONE', #6093, #3413, #1294 ) ;
#5526 = EDGE_LOOP ( 'NONE', ( #3158, #1903, #3707, #6791 ) ) ;
#5527 = CARTESIAN_POINT ( 'NONE',  ( -0.01650000000000000772, 0.1045428611430424537, -0.02400000000000000050 ) ) ;
#5528 = CARTESIAN_POINT ( 'NONE',  ( -0.005000000000000000104, 0.09349999999999999978, 0.007000000000000000146 ) ) ;
#5529 = DIRECTION ( 'NONE',  ( -0.000000000000000000, -0.000000000000000000, -1.000000000000000000 ) ) ;
#5530 = DIRECTION ( 'NONE',  ( 0.000000000000000000, 0.000000000000000000, 1.000000000000000000 ) ) ;
#5531 = ORIENTED_EDGE ( 'NONE', *, *, #1414, .F. ) ;
#5532 = EDGE_LOOP ( 'NONE', ( #408, #3937, #1976, #595 ) ) ;
#5533 = AXIS2_PLACEMENT_3D ( 'NONE', #5366, #88, #5964 ) ;
#5534 = FACE_OUTER_BOUND ( 'NONE', #3417, .T. ) ;
#5535 = EDGE_LOOP ( 'NONE', ( #2897, #4310, #1779, #3356 ) ) ;
#5536 = DIRECTION ( 'NONE',  ( -0.000000000000000000, -0.000000000000000000, -1.000000000000000000 ) ) ;
#5537 = VECTOR ( 'NONE', #2077, 1.000000000000000000 ) ;
#5538 = DIRECTION ( 'NONE',  ( 1.000000000000000000, 0.000000000000000000, 0.000000000000000000 ) ) ;
#5539 = DIRECTION ( 'NONE',  ( 0.000000000000000000, -0.000000000000000000, -1.000000000000000000 ) ) ;
#5540 = AXIS2_PLACEMENT_3D ( 'NONE', #2291, #5545, #3889 ) ;
#5541 = CYLINDRICAL_SURFACE ( 'NONE', #5856, 0.001300000000000000808 ) ;
#5542 = CARTESIAN_POINT ( 'NONE',  ( -0.05000000000000000971, 0.04796257807826604519, 0.000000000000000000 ) ) ;
#5543 = EDGE_CURVE ( 'NONE', #4871, #3653, #1567, .T. ) ;
#5544 = VERTEX_POINT ( 'NONE', #6058 ) ;
#5545 = DIRECTION ( 'NONE',  ( 0.000000000000000000, -1.000000000000000000, 0.000000000000000000 ) ) ;
#5546 = ADVANCED_FACE ( 'NONE', ( #2204 ), #3246, .T. ) ;
#5547 = LINE ( 'NONE', #4446, #4802 ) ;
#5548 = VERTEX_POINT ( 'NONE', #6539 ) ;
#5549 = DIRECTION ( 'NONE',  ( 1.000000000000000000, 0.000000000000000000, 0.000000000000000000 ) ) ;
#5550 = LINE ( 'NONE', #6501, #5101 ) ;
#5551 = FACE_OUTER_BOUND ( 'NONE', #1683, .T. ) ;
#5552 = CARTESIAN_POINT ( 'NONE',  ( -0.01550000000000000856, 0.1089999999999999858, -0.02393649167310370890 ) ) ;
#5553 = ADVANCED_FACE ( 'NONE', ( #4928 ), #3931, .F. ) ;
#5554 = CARTESIAN_POINT ( 'NONE',  ( 0.02299999999999999961, -0.03500000000000001721, -0.01200000000000000025 ) ) ;
#5555 = EDGE_CURVE ( 'NONE', #4008, #2707, #76, .T. ) ;
#5556 = AXIS2_PLACEMENT_3D ( 'NONE', #2228, #5379, #583 ) ;
#5557 = VERTEX_POINT ( 'NONE', #5988 ) ;
#5558 = VECTOR ( 'NONE', #4247, 1.000000000000000000 ) ;
#5559 = DIRECTION ( 'NONE',  ( 0.000000000000000000, -0.000000000000000000, 1.000000000000000000 ) ) ;
#5561 = AXIS2_PLACEMENT_3D ( 'NONE', #5255, #5754, #361 ) ;
#5560 = CARTESIAN_POINT ( 'NONE',  ( -0.05000000000000000971, 0.04796257807826604519, -0.07299999999999999545 ) ) ;
#5562 = DIRECTION ( 'NONE',  ( -1.000000000000000000, 0.000000000000000000, -0.000000000000000000 ) ) ;
#5563 = CARTESIAN_POINT ( 'NONE',  ( 0.008263035228247464503, 0.1149999999999999911, -0.009194146154766909620 ) ) ;
#5564 = FACE_OUTER_BOUND ( 'NONE', #5112, .T. ) ;
#5565 = VECTOR ( 'NONE', #5728, 1.000000000000000000 ) ;
#5566 = ADVANCED_FACE ( 'NONE', ( #1123 ), #6506, .F. ) ;
#5567 = ORIENTED_EDGE ( 'NONE', *, *, #3840, .T. ) ;
#5568 = ORIENTED_EDGE ( 'NONE', *, *, #1863, .T. ) ;
#5569 = DIRECTION ( 'NONE',  ( 1.000000000000000000, 0.000000000000000000, 0.000000000000000000 ) ) ;
#5570 = ADVANCED_FACE ( 'NONE', ( #5390 ), #596, .F. ) ;
#5571 = ORIENTED_EDGE ( 'NONE', *, *, #3368, .F. ) ;
#5572 = CARTESIAN_POINT ( 'NONE',  ( 0.008376574485834620276, -0.1049999999999999961, -0.009294206067218903355 ) ) ;
#5573 = DIRECTION ( 'NONE',  ( -0.000000000000000000, 0.000000000000000000, -1.000000000000000000 ) ) ;
#5574 = CLOSED_SHELL ( 'NONE', ( #1865, #944, #1201, #5260, #3778, #255, #34, #3994, #6707, #3362, #3297 ) ) ;
#5575 = CARTESIAN_POINT ( 'NONE',  ( 0.03099999999999998937, -0.02299999999999997186, 0.007000000000000000146 ) ) ;
#5576 = DIRECTION ( 'NONE',  ( 0.000000000000000000, 0.000000000000000000, 1.000000000000000000 ) ) ;
#5577 = DIRECTION ( 'NONE',  ( 1.000000000000000000, -0.000000000000000000, 0.000000000000000000 ) ) ;
#5578 = CARTESIAN_POINT ( 'NONE',  ( -0.01650000000000000772, 0.1057500126879382663, -0.02316189500392385955 ) ) ;
#5579 = TOROIDAL_SURFACE ( 'NONE', #5354, 0.002000000000000000042, 0.001000000000000000021 ) ;
#5580 = EDGE_LOOP ( 'NONE', ( #2040, #2987, #665, #6304 ) ) ;
#5581 = DIRECTION ( 'NONE',  ( -0.000000000000000000, -0.000000000000000000, -1.000000000000000000 ) ) ;
#5582 = DIRECTION ( 'NONE',  ( -1.000000000000000000, -0.000000000000000000, -0.000000000000000000 ) ) ;
#5583 = VERTEX_POINT ( 'NONE', #4359 ) ;
#5584 = VECTOR ( 'NONE', #4400, 1.000000000000000000 ) ;
#5585 = FACE_BOUND ( 'NONE', #3732, .T. ) ;
#5586 = EDGE_CURVE ( 'NONE', #3586, #3791, #4860, .T. ) ;
#5587 = CARTESIAN_POINT ( 'NONE',  ( 0.01399999999999999856, 0.1099999999999999867, -0.001000000000000000888 ) ) ;
#5588 = AXIS2_PLACEMENT_3D ( 'NONE', #4284, #6365, #5916 ) ;
#5589 = DIRECTION ( 'NONE',  ( 0.000000000000000000, -0.000000000000000000, 1.000000000000000000 ) ) ;
#5590 = LINE ( 'NONE', #3379, #4140 ) ;
#5591 = DIRECTION ( 'NONE',  ( 1.000000000000000000, -0.000000000000000000, 0.000000000000000000 ) ) ;
#5592 = VECTOR ( 'NONE', #3603, 1.000000000000000000 ) ;
#5593 = ORIENTED_EDGE ( 'NONE', *, *, #6520, .F. ) ;
#5594 = DIRECTION ( 'NONE',  ( 1.000000000000000000, 0.000000000000000000, 0.000000000000000000 ) ) ;
#5595 = EDGE_CURVE ( 'NONE', #2197, #4732, #5951, .T. ) ;
#5596 = CARTESIAN_POINT ( 'NONE',  ( -0.06000000000000000472, -0.01149999999999999634, -0.02000000000000001082 ) ) ;
#5597 = CARTESIAN_POINT ( 'NONE',  ( -0.008309900245939860763, 0.1099999999999999867, -0.02070664331622527193 ) ) ;
#5598 = DIRECTION ( 'NONE',  ( -1.000000000000000000, -0.000000000000000000, -0.000000000000000000 ) ) ;
#5599 = VECTOR ( 'NONE', #6235, 1.000000000000000000 ) ;
#5600 = LINE ( 'NONE', #2926, #4990 ) ;
#5601 = ORIENTED_EDGE ( 'NONE', *, *, #1436, .F. ) ;
#5602 = ORIENTED_EDGE ( 'NONE', *, *, #2558, .F. ) ;
#5603 = DIRECTION ( 'NONE',  ( -0.000000000000000000, 0.000000000000000000, 1.000000000000000000 ) ) ;
#5604 = VERTEX_POINT ( 'NONE', #5425 ) ;
#5605 = EDGE_CURVE ( 'NONE', #4189, #4516, #4894, .T. ) ;
#5606 = DIRECTION ( 'NONE',  ( 1.000000000000000000, 0.000000000000000000, 0.000000000000000000 ) ) ;
#5607 = FACE_BOUND ( 'NONE', #5460, .T. ) ;
#5608 = CARTESIAN_POINT ( 'NONE',  ( 0.01663900294291058637, 0.1035428611430424528, -0.02400000000000000050 ) ) ;
#5609 = ORIENTED_EDGE ( 'NONE', *, *, #4595, .F. ) ;
#5610 = LINE ( 'NONE', #6173, #3401 ) ;
#5611 = ADVANCED_FACE ( 'NONE', ( #1195 ), #3315, .F. ) ;
#5612 = DIRECTION ( 'NONE',  ( 1.000000000000000000, 0.000000000000000000, 0.000000000000000000 ) ) ;
#5613 = DIRECTION ( 'NONE',  ( 0.000000000000000000, 1.000000000000000000, -0.000000000000000000 ) ) ;
#5614 = VECTOR ( 'NONE', #1290, 1.000000000000000000 ) ;
#5615 = ORIENTED_EDGE ( 'NONE', *, *, #2660, .T. ) ;
#5616 = CARTESIAN_POINT ( 'NONE',  ( 0.04999999999999999584, 0.000000000000000000, 0.000000000000000000 ) ) ;
#5617 = DIRECTION ( 'NONE',  ( -1.000000000000000000, 0.000000000000000000, 0.000000000000000000 ) ) ;
#5618 = AXIS2_PLACEMENT_3D ( 'NONE', #6202, #3554, #315 ) ;
#5619 = ORIENTED_EDGE ( 'NONE', *, *, #1049, .F. ) ;
#5620 = AXIS2_PLACEMENT_3D ( 'NONE', #3023, #3093, #4692 ) ;
#5621 = DIRECTION ( 'NONE',  ( -1.000000000000000000, 0.000000000000000000, 0.000000000000000000 ) ) ;
#5622 = CARTESIAN_POINT ( 'NONE',  ( 0.007500000000000000590, 0.1149999999999999911, -0.02000000000000000042 ) ) ;
#5623 = ORIENTED_EDGE ( 'NONE', *, *, #6733, .F. ) ;
#5624 = FACE_OUTER_BOUND ( 'NONE', #5881, .T. ) ;
#5625 = PLANE ( 'NONE',  #4874 ) ;
#5626 = VERTEX_POINT ( 'NONE', #3442 ) ;
#5627 = VECTOR ( 'NONE', #927, 1.000000000000000000 ) ;
#5628 = CARTESIAN_POINT ( 'NONE',  ( 0.000000000000000000, -0.09999999999999999167, 0.007000000000000000146 ) ) ;
#5629 = CARTESIAN_POINT ( 'NONE',  ( 0.008263035228247464503, 0.1149999999999999911, -0.02070664331622527193 ) ) ;
#5630 = EDGE_CURVE ( 'NONE', #2627, #6753, #1293, .T. ) ;
#5631 = CC_DESIGN_APPROVAL ( #2435, ( #5415 ) ) ;
#5632 = CYLINDRICAL_SURFACE ( 'NONE', #4814, 0.001500000000000000899 ) ;
#5633 = DIRECTION ( 'NONE',  ( 1.000000000000000000, 0.000000000000000000, -0.000000000000000000 ) ) ;
#5634 = EDGE_LOOP ( 'NONE', ( #5724, #4212, #6570, #5765 ) ) ;
#5635 = ORIENTED_EDGE ( 'NONE', *, *, #642, .T. ) ;
#5636 = ADVANCED_FACE ( 'NONE', ( #6743 ), #6191, .F. ) ;
#5637 = DIRECTION ( 'NONE',  ( 1.000000000000000000, 0.000000000000000000, 0.000000000000000000 ) ) ;
#5638 = ORIENTED_EDGE ( 'NONE', *, *, #792, .F. ) ;
#5639 = DIRECTION ( 'NONE',  ( 0.000000000000000000, 0.000000000000000000, -1.000000000000000000 ) ) ;
#5640 = DIRECTION ( 'NONE',  ( 1.000000000000000000, -1.541976423090494401E-16, -0.000000000000000000 ) ) ;
#5641 = LINE ( 'NONE', #5575, #4561 ) ;
#5642 = VERTEX_POINT ( 'NONE', #3027 ) ;
#5643 = DIRECTION ( 'NONE',  ( 1.000000000000000000, 0.000000000000000000, 0.000000000000000000 ) ) ;
#5644 = EDGE_CURVE ( 'NONE', #1891, #1990, #4452, .T. ) ;
#5645 = EDGE_CURVE ( 'NONE', #4918, #2707, #2956, .T. ) ;
#5646 = AXIS2_PLACEMENT_3D ( 'NONE', #2151, #540, #4759 ) ;
#5647 = ORIENTED_EDGE ( 'NONE', *, *, #3382, .T. ) ;
#5648 = DIRECTION ( 'NONE',  ( -0.000000000000000000, 0.000000000000000000, 1.000000000000000000 ) ) ;
#5649 = DIRECTION ( 'NONE',  ( -0.000000000000000000, -0.000000000000000000, 1.000000000000000000 ) ) ;
#5650 = ORIENTED_EDGE ( 'NONE', *, *, #4633, .T. ) ;
#5651 = AXIS2_PLACEMENT_3D ( 'NONE', #6309, #4614, #4088 ) ;
#5652 = CARTESIAN_POINT ( 'NONE',  ( 0.02475000000000000117, 0.1110000000000000014, 0.007000000000000000146 ) ) ;
#5653 = DIRECTION ( 'NONE',  ( 0.000000000000000000, 0.000000000000000000, 1.000000000000000000 ) ) ;
#5654 = EDGE_CURVE ( 'NONE', #1377, #3643, #1389, .T. ) ;
#5655 = ORIENTED_EDGE ( 'NONE', *, *, #2171, .F. ) ;
#5656 = DIRECTION ( 'NONE',  ( -1.541976423090494647E-16, 1.000000000000000000, -0.000000000000000000 ) ) ;
#5657 = B_SPLINE_CURVE_WITH_KNOTS ( 'NONE', 3,
 ( #4386, #3793, #5947, #1154, #3276, #5491 ),
 .UNSPECIFIED., .F., .F.,
 ( 4, 2, 4 ),
 ( 0.000000000000000000, 0.0006985396028115498914, 0.001397079205623099783 ),
 .UNSPECIFIED. ) ;
#5658 = FACE_OUTER_BOUND ( 'NONE', #6672, .T. ) ;
#5659 = ORIENTED_EDGE ( 'NONE', *, *, #5812, .F. ) ;
#5660 = CARTESIAN_POINT ( 'NONE',  ( 0.02999999999999998848, -0.02299999999999997186, 0.000000000000000000 ) ) ;
#5661 = LINE ( 'NONE', #1945, #744 ) ;
#5662 = EDGE_LOOP ( 'NONE', ( #6596, #6215, #4554, #3760 ) ) ;
#5663 = DIRECTION ( 'NONE',  ( 0.000000000000000000, 0.000000000000000000, 1.000000000000000000 ) ) ;
#5664 = LINE ( 'NONE', #1428, #4199 ) ;
#5665 = LINE ( 'NONE', #4001, #17 ) ;
#5666 = DIRECTION ( 'NONE',  ( 0.000000000000000000, 0.000000000000000000, -1.000000000000000000 ) ) ;
#5667 = VERTEX_POINT ( 'NONE', #5095 ) ;
#5668 = ORIENTED_EDGE ( 'NONE', *, *, #3883, .F. ) ;
#5669 = CIRCLE ( 'NONE', #5106, 0.001500000000000000465 ) ;
#5670 = EDGE_CURVE ( 'NONE', #6540, #5704, #5057, .T. ) ;
#5671 = CARTESIAN_POINT ( 'NONE',  ( -0.003499999999999999639, 0.09349999999999999978, 0.007000000000000000146 ) ) ;
#5672 = ORIENTED_EDGE ( 'NONE', *, *, #1832, .T. ) ;
#5673 = FACE_OUTER_BOUND ( 'NONE', #4469, .T. ) ;
#5674 = ADVANCED_FACE ( 'NONE', ( #3965 ), #238, .F. ) ;
#5675 = DIRECTION ( 'NONE',  ( -1.000000000000000000, 0.000000000000000000, 0.000000000000000000 ) ) ;
#5676 = VECTOR ( 'NONE', #2397, 1.000000000000000000 ) ;
#5677 = DIRECTION ( 'NONE',  ( -0.000000000000000000, -0.000000000000000000, 1.000000000000000000 ) ) ;
#5678 = VECTOR ( 'NONE', #6638, 1.000000000000000000 ) ;
#5679 = EDGE_LOOP ( 'NONE', ( #5398, #419 ) ) ;
#5680 = EDGE_LOOP ( 'NONE', ( #2203, #6061 ) ) ;
#5681 = CARTESIAN_POINT ( 'NONE',  ( -0.000000000000000000, 0.09024999999999998301, 0.000000000000000000 ) ) ;
#5682 = CARTESIAN_POINT ( 'NONE',  ( -0.02475000000000000117, 0.1020000000000000073, 0.007000000000000000146 ) ) ;
#5684 = EDGE_CURVE ( 'NONE', #2686, #3837, #5818, .T. ) ;
#5683 =( BOUNDED_CURVE ( )  B_SPLINE_CURVE ( 3, ( #4712, #4188, #464, #5824 ),
 .UNSPECIFIED., .F., .F. ) 
 B_SPLINE_CURVE_WITH_KNOTS ( ( 4, 4 ),
 ( 1.570796326794894782, 3.141592653589793116 ),
 .UNSPECIFIED. ) 
 CURVE ( )  GEOMETRIC_REPRESENTATION_ITEM ( )  RATIONAL_B_SPLINE_CURVE ( ( 1.000000000000000000, 0.8047378541243646044, 0.8047378541243646044, 1.000000000000000000 ) ) 
 REPRESENTATION_ITEM ( '' )  );
#5685 = ORIENTED_EDGE ( 'NONE', *, *, #1239, .T. ) ;
#5686 = FACE_BOUND ( 'NONE', #1396, .T. ) ;
#5687 = LINE ( 'NONE', #6766, #448 ) ;
#5688 = ORIENTED_EDGE ( 'NONE', *, *, #5161, .F. ) ;
#5689 = AXIS2_PLACEMENT_3D ( 'NONE', #3897, #2953, #6605 ) ;
#5690 = AXIS2_PLACEMENT_3D ( 'NONE', #5269, #2613, #4205 ) ;
#5691 = CARTESIAN_POINT ( 'NONE',  ( 0.06000000000000000472, 0.003500000000000003109, -0.01000000000000000888 ) ) ;
#5692 = EDGE_CURVE ( 'NONE', #6440, #6131, #6254, .T. ) ;
#5693 = CARTESIAN_POINT ( 'NONE',  ( 0.01563900294291058896, 0.1089999999999999858, -0.02396715050892726101 ) ) ;
#5694 = VERTEX_POINT ( 'NONE', #6124 ) ;
#5695 = DIRECTION ( 'NONE',  ( -1.000000000000000000, 0.000000000000000000, 0.000000000000000000 ) ) ;
#5696 = VECTOR ( 'NONE', #4607, 1.000000000000000000 ) ;
#5697 = DIRECTION ( 'NONE',  ( -0.000000000000000000, -0.000000000000000000, -1.000000000000000000 ) ) ;
#5698 = ORIENTED_EDGE ( 'NONE', *, *, #5161, .T. ) ;
#5699 = ADVANCED_FACE ( 'NONE', ( #270 ), #6675, .F. ) ;
#5700 = CARTESIAN_POINT ( 'NONE',  ( -0.01550000000000000856, 0.1089999999999999858, -0.02393649167310370890 ) ) ;
#5701 = DIRECTION ( 'NONE',  ( -0.000000000000000000, -1.000000000000000000, 0.000000000000000000 ) ) ;
#5702 = DIRECTION ( 'NONE',  ( -0.000000000000000000, -0.000000000000000000, -1.000000000000000000 ) ) ;
#5703 = PLANE ( 'NONE',  #4858 ) ;
#5704 = VERTEX_POINT ( 'NONE', #4489 ) ;
#5705 = VERTEX_POINT ( 'NONE', #2404 ) ;
#5706 = VECTOR ( 'NONE', #4347, 1.000000000000000000 ) ;
#5707 = LINE ( 'NONE', #1988, #3670 ) ;
#5708 = EDGE_LOOP ( 'NONE', ( #3624, #1355 ) ) ;
#5709 = CARTESIAN_POINT ( 'NONE',  ( 0.007499999999999999722, -0.09999999999999999167, -0.01000000000000000541 ) ) ;
#5710 = AXIS2_PLACEMENT_3D ( 'NONE', #2933, #2414, #6685 ) ;
#5711 = DIRECTION ( 'NONE',  ( 1.000000000000000000, -0.000000000000000000, 0.000000000000000000 ) ) ;
#5712 = CARTESIAN_POINT ( 'NONE',  ( -0.06000000000000000472, 0.004296149561436859651, -0.02101765814254362430 ) ) ;
#5713 = EDGE_CURVE ( 'NONE', #6843, #6642, #1616, .T. ) ;
#5714 = ORIENTED_EDGE ( 'NONE', *, *, #4993, .T. ) ;
#5715 = VERTEX_POINT ( 'NONE', #4593 ) ;
#5716 = CIRCLE ( 'NONE', #2697, 0.002000000000000000042 ) ;
#5717 = ORIENTED_EDGE ( 'NONE', *, *, #2128, .F. ) ;
#5718 = DIRECTION ( 'NONE',  ( -1.000000000000000000, 0.000000000000000000, 0.000000000000000000 ) ) ;
#5719 = DIRECTION ( 'NONE',  ( 1.000000000000000000, 0.000000000000000000, -0.000000000000000000 ) ) ;
#5720 = EDGE_CURVE ( 'NONE', #3612, #4524, #4526, .T. ) ;
#5721 = VERTEX_POINT ( 'NONE', #902 ) ;
#5722 = LINE ( 'NONE', #923, #2629 ) ;
#5723 = CARTESIAN_POINT ( 'NONE',  ( -0.01491297069742168573, 0.1035428611430424528, -0.02398090638210379974 ) ) ;
#5724 = ORIENTED_EDGE ( 'NONE', *, *, #127, .F. ) ;
#5725 = ADVANCED_FACE ( 'NONE', ( #5166 ), #2370, .F. ) ;
#5726 = CARTESIAN_POINT ( 'NONE',  ( -0.02000000000000000042, 0.000000000000000000, 0.000000000000000000 ) ) ;
#5727 = AXIS2_PLACEMENT_3D ( 'NONE', #2269, #2793, #4354 ) ;
#5728 = DIRECTION ( 'NONE',  ( 1.000000000000000000, -0.000000000000000000, 0.000000000000000000 ) ) ;
#5729 = VECTOR ( 'NONE', #345, 1.000000000000000000 ) ;
#5730 = ORIENTED_EDGE ( 'NONE', *, *, #1583, .F. ) ;
#5731 = DIRECTION ( 'NONE',  ( 0.000000000000000000, -1.000000000000000000, 0.000000000000000000 ) ) ;
#5732 = CARTESIAN_POINT ( 'NONE',  ( 0.003499999999999994001, 0.09349999999999999978, 0.007000000000000000146 ) ) ;
#5733 = ORIENTED_EDGE ( 'NONE', *, *, #3114, .F. ) ;
#5734 = AXIS2_PLACEMENT_3D ( 'NONE', #1213, #3855, #3822 ) ;
#5735 = EDGE_CURVE ( 'NONE', #4831, #4020, #6701, .T. ) ;
#5736 = CYLINDRICAL_SURFACE ( 'NONE', #2556, 0.002000000000000001776 ) ;
#5737 = FACE_OUTER_BOUND ( 'NONE', #6780, .T. ) ;
#5738 = LINE ( 'NONE', #1010, #4699 ) ;
#5739 = CARTESIAN_POINT ( 'NONE',  ( 0.06000000000000000472, -0.01399999999999999856, -0.01500000000000001332 ) ) ;
#5740 = ORIENTED_EDGE ( 'NONE', *, *, #1078, .T. ) ;
#5741 = ORIENTED_EDGE ( 'NONE', *, *, #77, .T. ) ;
#5742 = EDGE_CURVE ( 'NONE', #5241, #5171, #3233, .T. ) ;
#5743 = CARTESIAN_POINT ( 'NONE',  ( -0.01650000000000000772, 0.1199999999999999956, 6.062001655779398819E-18 ) ) ;
#5744 = ORIENTED_EDGE ( 'NONE', *, *, #599, .F. ) ;
#5745 = FACE_BOUND ( 'NONE', #5959, .T. ) ;
#5746 = AXIS2_PLACEMENT_3D ( 'NONE', #6174, #2974, #5511 ) ;
#5747 = CARTESIAN_POINT ( 'NONE',  ( -0.01650000000000000772, 0.1035428611430424528, -0.02400000000000000050 ) ) ;
#5748 = DIRECTION ( 'NONE',  ( -0.000000000000000000, -0.000000000000000000, 1.000000000000000000 ) ) ;
#5749 = ORIENTED_EDGE ( 'NONE', *, *, #3685, .F. ) ;
#5750 = ORIENTED_EDGE ( 'NONE', *, *, #2275, .T. ) ;
#5751 = AXIS2_PLACEMENT_3D ( 'NONE', #5373, #4727, #5902 ) ;
#5752 = ORIENTED_EDGE ( 'NONE', *, *, #881, .F. ) ;
#5753 = LINE ( 'NONE', #5681, #3839 ) ;
#5754 = DIRECTION ( 'NONE',  ( 1.000000000000000000, -0.000000000000000000, -0.000000000000000000 ) ) ;
#5755 = ORIENTED_EDGE ( 'NONE', *, *, #5357, .F. ) ;
#5756 = LINE ( 'NONE', #434, #5537 ) ;
#5757 = CYLINDRICAL_SURFACE ( 'NONE', #5139, 0.002000000000000000042 ) ;
#5758 = VERTEX_POINT ( 'NONE', #1565 ) ;
#5759 = VECTOR ( 'NONE', #1062, 1.000000000000000000 ) ;
#5760 = ADVANCED_FACE ( 'NONE', ( #3098 ), #331, .F. ) ;
#5761 = CARTESIAN_POINT ( 'NONE',  ( -0.02999999999999999542, 0.01104832204050209578, 0.007000000000000000146 ) ) ;
#5762 = CARTESIAN_POINT ( 'NONE',  ( 0.01663900294291058637, 0.1059999999999999831, -0.02396715050892726101 ) ) ;
#5763 = CIRCLE ( 'NONE', #4172, 0.001500000000000000465 ) ;
#5764 = ADVANCED_FACE ( 'NONE', ( #410 ), #2016, .F. ) ;
#5765 = ORIENTED_EDGE ( 'NONE', *, *, #2516, .T. ) ;
#5766 = CARTESIAN_POINT ( 'NONE',  ( -0.05000000000000000971, -0.09799999999999998990, 0.002000000000000000042 ) ) ;
#5767 = DIRECTION ( 'NONE',  ( -1.000000000000000000, 0.000000000000000000, 0.000000000000000000 ) ) ;
#5768 = ORIENTED_EDGE ( 'NONE', *, *, #4128, .T. ) ;
#5769 = CARTESIAN_POINT ( 'NONE',  ( -0.01000000000000000194, 0.1099999999999999867, -0.01370000000000000037 ) ) ;
#5770 = AXIS2_PLACEMENT_3D ( 'NONE', #2335, #6088, #1291 ) ;
#5771 = LINE ( 'NONE', #6677, #4989 ) ;
#5772 = EDGE_CURVE ( 'NONE', #1995, #2803, #1237, .T. ) ;
#5773 = EDGE_CURVE ( 'NONE', #6476, #2199, #970, .T. ) ;
#5774 = LINE ( 'NONE', #6326, #5044 ) ;
#5775 = CARTESIAN_POINT ( 'NONE',  ( -0.02899999999999999453, 0.01104832204050209578, 0.007000000000000000146 ) ) ;
#5776 = ORIENTED_EDGE ( 'NONE', *, *, #1194, .T. ) ;
#5777 = DIRECTION ( 'NONE',  ( 0.000000000000000000, 0.000000000000000000, 1.000000000000000000 ) ) ;
#5778 = VERTEX_POINT ( 'NONE', #2089 ) ;
#5779 = CARTESIAN_POINT ( 'NONE',  ( -0.05000000000000000278, -0.01399999999999999856, -0.01500000000000001332 ) ) ;
#5780 = PLANE ( 'NONE',  #5830 ) ;
#5781 = EDGE_CURVE ( 'NONE', #6322, #5548, #895, .T. ) ;
#5782 = DIRECTION ( 'NONE',  ( -0.000000000000000000, -0.000000000000000000, -1.000000000000000000 ) ) ;
#5783 = VERTEX_POINT ( 'NONE', #4734 ) ;
#5784 = ORIENTED_EDGE ( 'NONE', *, *, #3330, .F. ) ;
#5785 = VERTEX_POINT ( 'NONE', #5839 ) ;
#5786 = EDGE_CURVE ( 'NONE', #4644, #5783, #4, .T. ) ;
#5787 = VECTOR ( 'NONE', #4627, 1.000000000000000000 ) ;
#5788 = ORIENTED_EDGE ( 'NONE', *, *, #6839, .F. ) ;
#5789 = CARTESIAN_POINT ( 'NONE',  ( -0.005000000000000066024, 0.04549999999999999878, 0.007000000000000000146 ) ) ;
#5790 = DIRECTION ( 'NONE',  ( 0.000000000000000000, -0.000000000000000000, 1.000000000000000000 ) ) ;
#5791 = AXIS2_PLACEMENT_3D ( 'NONE', #3861, #3345, #2331 ) ;
#5792 = ORIENTED_EDGE ( 'NONE', *, *, #4625, .T. ) ;
#5793 = DIRECTION ( 'NONE',  ( 1.000000000000000000, 0.000000000000000000, 0.000000000000000000 ) ) ;
#5794 = CARTESIAN_POINT ( 'NONE',  ( -0.02475000000000000117, 0.1110000000000000014, 0.000000000000000000 ) ) ;
#5795 = ORIENTED_EDGE ( 'NONE', *, *, #4541, .T. ) ;
#5796 = DIRECTION ( 'NONE',  ( 1.000000000000000000, 0.000000000000000000, 0.000000000000000000 ) ) ;
#5797 = CARTESIAN_POINT ( 'NONE',  ( -0.01600000000000000033, 0.1099999999999999867, 0.001000000000000000021 ) ) ;
#5798 = ORIENTED_EDGE ( 'NONE', *, *, #4285, .T. ) ;
#5799 = DIRECTION ( 'NONE',  ( -1.000000000000000000, 0.000000000000000000, 0.000000000000000000 ) ) ;
#5800 = EDGE_CURVE ( 'NONE', #4531, #1490, #484, .T. ) ;
#5801 = DIRECTION ( 'NONE',  ( 0.000000000000000000, 1.000000000000000000, 0.000000000000000000 ) ) ;
#5802 = ORIENTED_EDGE ( 'NONE', *, *, #939, .F. ) ;
#5803 = ADVANCED_FACE ( 'NONE', ( #5304 ), #5874, .F. ) ;
#5804 = CARTESIAN_POINT ( 'NONE',  ( -0.007499999999999999722, -0.09999999999999999167, -0.02000000000000000389 ) ) ;
#5805 = CARTESIAN_POINT ( 'NONE',  ( 0.01563900294291058549, 0.1099999999999999867, -0.02599999999999999881 ) ) ;
#5806 = AXIS2_PLACEMENT_3D ( 'NONE', #3858, #1216, #6428 ) ;
#5807 = DIRECTION ( 'NONE',  ( -1.000000000000000000, 0.000000000000000000, 0.000000000000000000 ) ) ;
#5808 = CYLINDRICAL_SURFACE ( 'NONE', #1177, 0.001000000000000000888 ) ;
#5809 = ORIENTED_EDGE ( 'NONE', *, *, #5735, .T. ) ;
#5810 = AXIS2_PLACEMENT_3D ( 'NONE', #910, #5603, #1470 ) ;
#5811 = ADVANCED_FACE ( 'NONE', ( #4171 ), #5736, .T. ) ;
#5812 = EDGE_CURVE ( 'NONE', #2630, #1233, #3614, .T. ) ;
#5813 = CARTESIAN_POINT ( 'NONE',  ( 0.01400000000000000203, 0.1035428611430424528, -0.02316792777977876722 ) ) ;
#5814 = ORIENTED_EDGE ( 'NONE', *, *, #2863, .F. ) ;
#5815 = DIRECTION ( 'NONE',  ( 0.000000000000000000, -0.000000000000000000, -1.000000000000000000 ) ) ;
#5816 = DIRECTION ( 'NONE',  ( -1.000000000000000000, 0.000000000000000000, 0.000000000000000000 ) ) ;
#5817 = LINE ( 'NONE', #3594, #5488 ) ;
#5818 = CIRCLE ( 'NONE', #2345, 0.001000000000000000888 ) ;
#5819 = ORIENTED_EDGE ( 'NONE', *, *, #5121, .F. ) ;
#5820 = ORIENTED_EDGE ( 'NONE', *, *, #3396, .F. ) ;
#5821 = VERTEX_POINT ( 'NONE', #5769 ) ;
#5822 = VECTOR ( 'NONE', #167, 1.000000000000000000 ) ;
#5823 = EDGE_CURVE ( 'NONE', #3518, #4398, #3133, .T. ) ;
#5824 = CARTESIAN_POINT ( 'NONE',  ( 0.01663900294291058637, 0.1035428611430424528, -0.02400000000000000050 ) ) ;
#5825 = ORIENTED_EDGE ( 'NONE', *, *, #901, .F. ) ;
#5826 = CARTESIAN_POINT ( 'NONE',  ( -0.01700000000000000816, -0.09799999999999998990, -0.002000000000000001776 ) ) ;
#5827 = DIRECTION ( 'NONE',  ( -1.000000000000000000, 1.541976423090494401E-16, 0.000000000000000000 ) ) ;
#5828 = ORIENTED_EDGE ( 'NONE', *, *, #2288, .F. ) ;
#5829 = FACE_OUTER_BOUND ( 'NONE', #4360, .T. ) ;
#5830 = AXIS2_PLACEMENT_3D ( 'NONE', #3522, #1437, #5675 ) ;
#5831 = EDGE_LOOP ( 'NONE', ( #2512, #835 ) ) ;
#5832 = FACE_OUTER_BOUND ( 'NONE', #4960, .T. ) ;
#5833 = DATE_AND_TIME ( #1593, #2732 ) ;
#5834 = CARTESIAN_POINT ( 'NONE',  ( 0.06000000000000000472, 4.625929269271483595E-19, 0.000000000000000000 ) ) ;
#5835 = ORIENTED_EDGE ( 'NONE', *, *, #5393, .T. ) ;
#5836 = CYLINDRICAL_SURFACE ( 'NONE', #4704, 0.001500000000000000465 ) ;
#5837 = CARTESIAN_POINT ( 'NONE',  ( -0.006500000000000066488, 0.04549999999999999878, 0.007000000000000000146 ) ) ;
#5838 = ORIENTED_EDGE ( 'NONE', *, *, #5860, .T. ) ;
#5839 = CARTESIAN_POINT ( 'NONE',  ( 0.01663900294291058637, 0.1035428611430424528, -0.02400000000000000050 ) ) ;
#5840 = ORIENTED_EDGE ( 'NONE', *, *, #3357, .T. ) ;
#5841 = CARTESIAN_POINT ( 'NONE',  ( -0.02999999999999999542, 0.01104832204050209578, 0.007000000000000000146 ) ) ;
#5842 = CARTESIAN_POINT ( 'NONE',  ( -0.01550000000000000683, 0.1099999999999999867, -0.02399025188127733646 ) ) ;
#5843 = LINE ( 'NONE', #3759, #274 ) ;
#5844 = ORIENTED_EDGE ( 'NONE', *, *, #1622, .T. ) ;
#5845 = CARTESIAN_POINT ( 'NONE',  ( 0.01536994392277366700, 0.1045428611430424537, -0.02299999999999999961 ) ) ;
#5846 = ADVANCED_FACE ( 'NONE', ( #2647 ), #5579, .T. ) ;
#5847 = EDGE_LOOP ( 'NONE', ( #845, #826, #5932, #3955 ) ) ;
#5848 = LINE ( 'NONE', #5315, #2266 ) ;
#5849 = DIRECTION ( 'NONE',  ( 1.000000000000000000, -0.000000000000000000, -0.000000000000000000 ) ) ;
#5850 = PLANE ( 'NONE',  #2463 ) ;
#5851 = ADVANCED_FACE ( 'NONE', ( #6323 ), #1005, .F. ) ;
#5852 = EDGE_LOOP ( 'NONE', ( #6536, #6331 ) ) ;
#5853 = EDGE_LOOP ( 'NONE', ( #2931, #1460, #2701, #6268 ) ) ;
#5854 = ORIENTED_EDGE ( 'NONE', *, *, #2905, .F. ) ;
#5855 = DIRECTION ( 'NONE',  ( -1.000000000000000000, -0.000000000000000000, -0.000000000000000000 ) ) ;
#5856 = AXIS2_PLACEMENT_3D ( 'NONE', #3152, #5183, #956 ) ;
#5857 = ORIENTED_EDGE ( 'NONE', *, *, #6869, .F. ) ;
#5858 = FACE_OUTER_BOUND ( 'NONE', #2795, .T. ) ;
#5859 = LINE ( 'NONE', #3257, #5759 ) ;
#5860 = EDGE_CURVE ( 'NONE', #5328, #4291, #6007, .T. ) ;
#5861 = ADVANCED_FACE ( 'NONE', ( #4774 ), #4381, .F. ) ;
#5862 = ORIENTED_EDGE ( 'NONE', *, *, #1789, .F. ) ;
#5863 = DIRECTION ( 'NONE',  ( 1.000000000000000000, 0.000000000000000000, 0.000000000000000000 ) ) ;
#5864 = VERTEX_POINT ( 'NONE', #3307 ) ;
#5865 = CARTESIAN_POINT ( 'NONE',  ( -0.01650000000000000772, 0.1099999999999999867, -0.02400000000000000050 ) ) ;
#5866 = PERSON_AND_ORGANIZATION_ROLE ( 'creator' ) ;
#5867 = CARTESIAN_POINT ( 'NONE',  ( -0.01650000000000000772, 0.1035428611430424528, -0.02392491604476003342 ) ) ;
#5868 = DIRECTION ( 'NONE',  ( 0.000000000000000000, 1.000000000000000000, 0.000000000000000000 ) ) ;
#5869 = ORIENTED_EDGE ( 'NONE', *, *, #496, .T. ) ;
#5870 = FACE_OUTER_BOUND ( 'NONE', #2751, .T. ) ;
#5871 = LINE ( 'NONE', #1040, #1646 ) ;
#5872 = EDGE_LOOP ( 'NONE', ( #5317, #18 ) ) ;
#5873 = EDGE_CURVE ( 'NONE', #4436, #5207, #2995, .T. ) ;
#5874 = PLANE ( 'NONE',  #5138 ) ;
#5875 = VERTEX_POINT ( 'NONE', #2232 ) ;
#5876 = CIRCLE ( 'NONE', #5077, 0.002000000000000000042 ) ;
#5877 = DIRECTION ( 'NONE',  ( 0.000000000000000000, 0.000000000000000000, 1.000000000000000000 ) ) ;
#5878 = DIRECTION ( 'NONE',  ( 1.000000000000000000, -1.541976423090494401E-16, -0.000000000000000000 ) ) ;
#5879 = DIRECTION ( 'NONE',  ( -0.000000000000000000, -1.000000000000000000, -0.000000000000000000 ) ) ;
#5880 = AXIS2_PLACEMENT_3D ( 'NONE', #6594, #2846, #1248 ) ;
#5881 = EDGE_LOOP ( 'NONE', ( #2302, #1632, #5318, #3560 ) ) ;
#5882 = CYLINDRICAL_SURFACE ( 'NONE', #5367, 0.001500000000000000899 ) ;
#5883 = VERTEX_POINT ( 'NONE', #104 ) ;
#5884 = LINE ( 'NONE', #5278, #3815 ) ;
#5885 = PLANE ( 'NONE',  #3905 ) ;
#5886 = ORIENTED_EDGE ( 'NONE', *, *, #6114, .F. ) ;
#5887 = EDGE_LOOP ( 'NONE', ( #6749, #5635, #6295, #3691 ) ) ;
#5888 = ORIENTED_EDGE ( 'NONE', *, *, #4880, .F. ) ;
#5889 = DIRECTION ( 'NONE',  ( 0.000000000000000000, 0.000000000000000000, -1.000000000000000000 ) ) ;
#5890 = ADVANCED_FACE ( 'NONE', ( #4351 ), #1707, .T. ) ;
#5891 = ORIENTED_EDGE ( 'NONE', *, *, #1789, .T. ) ;
#5892 = FACE_BOUND ( 'NONE', #6662, .T. ) ;
#5893 = CARTESIAN_POINT ( 'NONE',  ( 0.02299999999999999961, 0.000000000000000000, -0.01200000000000000025 ) ) ;
#5894 = ORIENTED_EDGE ( 'NONE', *, *, #157, .F. ) ;
#5895 = VECTOR ( 'NONE', #5697, 1.000000000000000000 ) ;
#5896 = DIRECTION ( 'NONE',  ( -1.541976423090494401E-16, 1.000000000000000000, 0.000000000000000000 ) ) ;
#5897 = ORIENTED_EDGE ( 'NONE', *, *, #3944, .T. ) ;
#5898 = VECTOR ( 'NONE', #2534, 1.000000000000000000 ) ;
#5899 = VECTOR ( 'NONE', #832, 1.000000000000000000 ) ;
#5900 = EDGE_CURVE ( 'NONE', #1868, #1475, #4949, .T. ) ;
#5901 = FACE_OUTER_BOUND ( 'NONE', #6683, .T. ) ;
#5902 = DIRECTION ( 'NONE',  ( 1.000000000000000000, 0.000000000000000000, 0.000000000000000000 ) ) ;
#5903 = CARTESIAN_POINT ( 'NONE',  ( 6.950147145528759451E-05, 0.1062714305715212193, -0.02599999999999999881 ) ) ;
#5904 = ORIENTED_EDGE ( 'NONE', *, *, #1454, .T. ) ;
#5905 = DIRECTION ( 'NONE',  ( -0.000000000000000000, -0.000000000000000000, -1.000000000000000000 ) ) ;
#5906 = DIRECTION ( 'NONE',  ( -0.000000000000000000, 0.000000000000000000, 1.000000000000000000 ) ) ;
#5907 = ORIENTED_EDGE ( 'NONE', *, *, #4771, .T. ) ;
#5908 = EDGE_CURVE ( 'NONE', #3483, #5056, #667, .T. ) ;
#5909 = DIRECTION ( 'NONE',  ( 0.000000000000000000, 0.000000000000000000, -1.000000000000000000 ) ) ;
#5910 = ORIENTED_EDGE ( 'NONE', *, *, #3075, .F. ) ;
#5911 = CARTESIAN_POINT ( 'NONE',  ( -0.008309900245939860763, 0.1149999999999999911, -0.009194146154766909620 ) ) ;
#5912 = CARTESIAN_POINT ( 'NONE',  ( -0.03099999999999999631, 0.01104832204050209578, 0.000000000000000000 ) ) ;
#5913 = EDGE_CURVE ( 'NONE', #3253, #280, #1670, .T. ) ;
#5914 = CARTESIAN_POINT ( 'NONE',  ( -0.01500000000000000638, -0.09699999999999998901, -0.002000000000000001776 ) ) ;
#5915 = VERTEX_POINT ( 'NONE', #2788 ) ;
#5916 = DIRECTION ( 'NONE',  ( 0.000000000000000000, 0.000000000000000000, -1.000000000000000000 ) ) ;
#5917 = AXIS2_PLACEMENT_3D ( 'NONE', #1032, #4764, #6315 ) ;
#5918 = ORIENTED_EDGE ( 'NONE', *, *, #5976, .F. ) ;
#5919 = DIRECTION ( 'NONE',  ( -0.000000000000000000, 0.000000000000000000, 1.000000000000000000 ) ) ;
#5920 = CARTESIAN_POINT ( 'NONE',  ( 0.008376574485834620276, -0.1049999999999999961, -0.02079367267161846139 ) ) ;
#5921 = ORIENTED_EDGE ( 'NONE', *, *, #2502, .F. ) ;
#5922 = EDGE_LOOP ( 'NONE', ( #3875, #720, #2848, #2662 ) ) ;
#5923 = ORIENTED_EDGE ( 'NONE', *, *, #3139, .F. ) ;
#5924 = AXIS2_PLACEMENT_3D ( 'NONE', #4405, #5335, #3195 ) ;
#5925 = DIRECTION ( 'NONE',  ( 1.000000000000000000, -1.541976423090494647E-16, 0.000000000000000000 ) ) ;
#5926 = ORIENTED_EDGE ( 'NONE', *, *, #1994, .T. ) ;
#5927 = DIRECTION ( 'NONE',  ( 1.000000000000000000, -0.000000000000000000, 0.000000000000000000 ) ) ;
#5928 = CARTESIAN_POINT ( 'NONE',  ( 0.01563900294291058549, 0.000000000000000000, -0.02396715050892726101 ) ) ;
#5929 = AXIS2_PLACEMENT_3D ( 'NONE', #2992, #2437, #4031 ) ;
#5930 = CARTESIAN_POINT ( 'NONE',  ( 0.01600000000000000033, 0.000000000000000000, -0.02199999999999999872 ) ) ;
#5931 = DIRECTION ( 'NONE',  ( -0.000000000000000000, 0.000000000000000000, 1.000000000000000000 ) ) ;
#5932 = ORIENTED_EDGE ( 'NONE', *, *, #1826, .F. ) ;
#5933 = CARTESIAN_POINT ( 'NONE',  ( -0.02000000000000000042, 0.03799999999999999212, 0.000000000000000000 ) ) ;
#5934 = EDGE_CURVE ( 'NONE', #473, #6540, #5119, .T. ) ;
#5935 = COORDINATED_UNIVERSAL_TIME_OFFSET ( 3, 0, .AHEAD. ) ;
#5936 = CARTESIAN_POINT ( 'NONE',  ( -0.02375000000000000028, 0.1020000000000000073, 0.000000000000000000 ) ) ;
#5937 = AXIS2_PLACEMENT_3D ( 'NONE', #3249, #5498, #6060 ) ;
#5938 = ORIENTED_EDGE ( 'NONE', *, *, #6781, .T. ) ;
#5939 = FACE_OUTER_BOUND ( 'NONE', #3898, .T. ) ;
#5940 = ADVANCED_FACE ( 'NONE', ( #3790 ), #5944, .F. ) ;
#5941 = DIRECTION ( 'NONE',  ( 0.000000000000000000, -0.000000000000000000, 1.000000000000000000 ) ) ;
#5942 = ORIENTED_EDGE ( 'NONE', *, *, #4840, .F. ) ;
#5943 = CIRCLE ( 'NONE', #2909, 0.001000000000000000888 ) ;
#5944 = CYLINDRICAL_SURFACE ( 'NONE', #3222, 0.001000000000000000888 ) ;
#5945 = EDGE_LOOP ( 'NONE', ( #1559, #1283, #2048, #5962 ) ) ;
#5946 = DIRECTION ( 'NONE',  ( 0.000000000000000000, 1.000000000000000000, 0.000000000000000000 ) ) ;
#5947 = CARTESIAN_POINT ( 'NONE',  ( -0.01492372606648250007, 0.1043998098768593036, -0.02298699655968259800 ) ) ;
#5948 = CARTESIAN_POINT ( 'NONE',  ( -0.01300000000000000634, -0.09999999999999999167, 0.007000000000000000146 ) ) ;
#5949 = ADVANCED_FACE ( 'NONE', ( #691 ), #587, .F. ) ;
#5950 = VERTEX_POINT ( 'NONE', #2849 ) ;
#5951 = LINE ( 'NONE', #1158, #1788 ) ;
#5952 = ORIENTED_EDGE ( 'NONE', *, *, #3618, .T. ) ;
#5953 = CARTESIAN_POINT ( 'NONE',  ( -0.007499999999999997988, 0.1129999999999999755, -0.02000000000000000042 ) ) ;
#5954 = VECTOR ( 'NONE', #1560, 1.000000000000000000 ) ;
#5955 = CARTESIAN_POINT ( 'NONE',  ( 0.01049999999999999892, 0.09024999999999998301, 0.007000000000000000146 ) ) ;
#5956 = AXIS2_PLACEMENT_3D ( 'NONE', #5528, #5059, #731 ) ;
#5957 = EDGE_CURVE ( 'NONE', #4020, #6702, #3375, .T. ) ;
#5958 = ORIENTED_EDGE ( 'NONE', *, *, #6159, .F. ) ;
#5959 = EDGE_LOOP ( 'NONE', ( #2451, #2336, #3608, #3288 ) ) ;
#5960 = VECTOR ( 'NONE', #372, 1.000000000000000000 ) ;
#5961 = DIRECTION ( 'NONE',  ( 0.000000000000000000, 0.000000000000000000, 1.000000000000000000 ) ) ;
#5962 = ORIENTED_EDGE ( 'NONE', *, *, #3274, .T. ) ;
#5963 = DIRECTION ( 'NONE',  ( 0.000000000000000000, 0.000000000000000000, 1.000000000000000000 ) ) ;
#5964 = DIRECTION ( 'NONE',  ( -1.000000000000000000, 0.000000000000000000, -0.000000000000000000 ) ) ;
#5965 = CARTESIAN_POINT ( 'NONE',  ( -0.02899999999999999453, 0.01804832204050209679, 0.007000000000000000146 ) ) ;
#5966 = CARTESIAN_POINT ( 'NONE',  ( -0.01700000000000000816, -0.09799999999999998990, 0.002000000000000000042 ) ) ;
#5967 = ORIENTED_EDGE ( 'NONE', *, *, #6114, .T. ) ;
#5968 = ADVANCED_BREP_SHAPE_REPRESENTATION ( 'base1', ( #449, #616, #5751 ), #4726 ) ;
#5969 = CARTESIAN_POINT ( 'NONE',  ( -0.02899999999999999453, -0.02299999999999997186, 0.007000000000000000146 ) ) ;
#5970 = LINE ( 'NONE', #653, #3016 ) ;
#5971 = VECTOR ( 'NONE', #4878, 1.000000000000000000 ) ;
#5972 = ORIENTED_EDGE ( 'NONE', *, *, #4869, .T. ) ;
#5973 = DIRECTION ( 'NONE',  ( -1.000000000000000000, 0.000000000000000000, 0.000000000000000000 ) ) ;
#5974 = DIRECTION ( 'NONE',  ( 1.000000000000000000, -1.541976423090494401E-16, -0.000000000000000000 ) ) ;
#5975 = VERTEX_POINT ( 'NONE', #3825 ) ;
#5976 = EDGE_CURVE ( 'NONE', #1659, #5064, #2786, .T. ) ;
#5977 = VECTOR ( 'NONE', #5436, 1.000000000000000000 ) ;
#5978 = CARTESIAN_POINT ( 'NONE',  ( 0.003499999999999928082, 0.04549999999999997102, 0.007000000000000000146 ) ) ;
#5979 = VERTEX_POINT ( 'NONE', #5978 ) ;
#5980 = EDGE_CURVE ( 'NONE', #6383, #150, #3893, .T. ) ;
#5981 = DIRECTION ( 'NONE',  ( -0.000000000000000000, 0.000000000000000000, 1.000000000000000000 ) ) ;
#5982 = LINE ( 'NONE', #4485, #6676 ) ;
#5983 = DIRECTION ( 'NONE',  ( 0.000000000000000000, 1.000000000000000000, 0.000000000000000000 ) ) ;
#5984 = CARTESIAN_POINT ( 'NONE',  ( 0.05000000000000000278, 0.03996257807826604502, -0.05895034905577770101 ) ) ;
#5985 = ORIENTED_EDGE ( 'NONE', *, *, #1331, .F. ) ;
#5986 = AXIS2_PLACEMENT_3D ( 'NONE', #774, #5576, #2840 ) ;
#5987 = AXIS2_PLACEMENT_3D ( 'NONE', #4228, #4873, #4333 ) ;
#5988 = CARTESIAN_POINT ( 'NONE',  ( -0.01300000000000000461, -0.09299999999999998546, 0.000000000000000000 ) ) ;
#5989 = EDGE_CURVE ( 'NONE', #819, #6680, #1184, .T. ) ;
#5990 = ORIENTED_EDGE ( 'NONE', *, *, #1608, .F. ) ;
#5991 = EDGE_CURVE ( 'NONE', #5979, #4613, #5416, .T. ) ;
#5992 = CARTESIAN_POINT ( 'NONE',  ( -0.007499999999999999722, -0.09499999999999998723, -0.02000000000000000389 ) ) ;
#5993 = AXIS2_PLACEMENT_3D ( 'NONE', #5652, #3048, #4192 ) ;
#5994 = FACE_OUTER_BOUND ( 'NONE', #5253, .T. ) ;
#5995 = ORIENTED_EDGE ( 'NONE', *, *, #3184, .T. ) ;
#5996 = ORIENTED_EDGE ( 'NONE', *, *, #4079, .F. ) ;
#5997 = DIRECTION ( 'NONE',  ( 0.000000000000000000, 0.000000000000000000, -1.000000000000000000 ) ) ;
#5998 = ORIENTED_EDGE ( 'NONE', *, *, #2855, .F. ) ;
#5999 = EDGE_CURVE ( 'NONE', #6354, #4278, #2720, .T. ) ;
#6000 = FACE_OUTER_BOUND ( 'NONE', #38, .T. ) ;
#6001 = CIRCLE ( 'NONE', #3959, 0.001000000000000000888 ) ;
#6002 = DIRECTION ( 'NONE',  ( -0.000000000000000000, -1.000000000000000000, -0.000000000000000000 ) ) ;
#6003 = CARTESIAN_POINT ( 'NONE',  ( -0.05000000000000000278, 0.03996257807826605196, -0.06095034905577770279 ) ) ;
#6004 = EDGE_CURVE ( 'NONE', #2106, #1421, #6561, .T. ) ;
#6005 = DIRECTION ( 'NONE',  ( -1.000000000000000000, 0.000000000000000000, 0.000000000000000000 ) ) ;
#6006 = LINE ( 'NONE', #5409, #751 ) ;
#6007 =( BOUNDED_CURVE ( )  B_SPLINE_CURVE ( 3, ( #6395, #6356, #1600, #3720 ),
 .UNSPECIFIED., .F., .T. ) 
 B_SPLINE_CURVE_WITH_KNOTS ( ( 4, 4 ),
 ( 4.712388980384689674, 6.283185307179586232 ),
 .UNSPECIFIED. ) 
 CURVE ( )  GEOMETRIC_REPRESENTATION_ITEM ( )  RATIONAL_B_SPLINE_CURVE ( ( 1.000000000000000000, 0.8047378541243649375, 0.8047378541243649375, 1.000000000000000000 ) ) 
 REPRESENTATION_ITEM ( '' )  );
#6008 = ORIENTED_EDGE ( 'NONE', *, *, #1698, .F. ) ;
#6009 = CYLINDRICAL_SURFACE ( 'NONE', #3479, 0.001000000000000000888 ) ;
#6010 = CARTESIAN_POINT ( 'NONE',  ( -0.01445706384526814457, 0.1035428611430424528, -0.02394235625743753801 ) ) ;
#6011 = VECTOR ( 'NONE', #5701, 1.000000000000000000 ) ;
#6012 = EDGE_LOOP ( 'NONE', ( #3042, #5274, #2477, #2899 ) ) ;
#6013 = DIRECTION ( 'NONE',  ( 1.000000000000000000, 0.000000000000000000, 0.000000000000000000 ) ) ;
#6014 = ORIENTED_EDGE ( 'NONE', *, *, #1454, .F. ) ;
#6015 = CIRCLE ( 'NONE', #2981, 0.0009999999999999991535 ) ;
#6016 = CARTESIAN_POINT ( 'NONE',  ( 0.006499999999999929445, 0.04549999999999997102, 0.007000000000000000146 ) ) ;
#6017 = CARTESIAN_POINT ( 'NONE',  ( 0.01499999999999999944, 0.1089999999999999858, -0.02199999999999999872 ) ) ;
#6018 = DIRECTION ( 'NONE',  ( -0.000000000000000000, -0.000000000000000000, -1.000000000000000000 ) ) ;
#6019 = CARTESIAN_POINT ( 'NONE',  ( 0.02999999999999999542, 0.01104832204050208884, 0.007000000000000000146 ) ) ;
#6020 = VERTEX_POINT ( 'NONE', #1770 ) ;
#6021 = ADVANCED_FACE ( 'NONE', ( #6049 ), #6599, .T. ) ;
#6022 = DIRECTION ( 'NONE',  ( -0.000000000000000000, -1.000000000000000000, -0.000000000000000000 ) ) ;
#6023 = ORIENTED_EDGE ( 'NONE', *, *, #5517, .F. ) ;
#6024 = DIRECTION ( 'NONE',  ( -0.000000000000000000, 1.000000000000000000, -0.000000000000000000 ) ) ;
#6025 = EDGE_CURVE ( 'NONE', #4391, #3441, #1552, .T. ) ;
#6026 = CARTESIAN_POINT ( 'NONE',  ( 0.03299999999999999462, 0.1199999999999999956, 0.000000000000000000 ) ) ;
#6027 = ORIENTED_EDGE ( 'NONE', *, *, #4509, .T. ) ;
#6028 = ORIENTED_EDGE ( 'NONE', *, *, #699, .T. ) ;
#6029 = EDGE_CURVE ( 'NONE', #6300, #1968, #2362, .T. ) ;
#6030 = AXIS2_PLACEMENT_3D ( 'NONE', #3724, #1641, #593 ) ;
#6031 = VECTOR ( 'NONE', #1042, 1.000000000000000000 ) ;
#6032 = DIRECTION ( 'NONE',  ( 0.000000000000000000, -1.000000000000000000, 0.000000000000000000 ) ) ;
#6033 = ORIENTED_EDGE ( 'NONE', *, *, #6403, .T. ) ;
#6034 = DIRECTION ( 'NONE',  ( -0.000000000000000000, -0.000000000000000000, -1.000000000000000000 ) ) ;
#6035 = LINE ( 'NONE', #740, #2065 ) ;
#6036 = AXIS2_PLACEMENT_3D ( 'NONE', #2248, #4467, #3390 ) ;
#6037 = DIRECTION ( 'NONE',  ( 1.000000000000000000, 0.000000000000000000, 0.000000000000000000 ) ) ;
#6038 = EDGE_CURVE ( 'NONE', #5207, #4436, #1111, .T. ) ;
#6039 = AXIS2_PLACEMENT_3D ( 'NONE', #4822, #4392, #5458 ) ;
#6040 = LINE ( 'NONE', #4942, #4271 ) ;
#6041 = CARTESIAN_POINT ( 'NONE',  ( -0.01000000000000000021, -0.09499999999999998723, -0.01500000000000000291 ) ) ;
#6042 = ADVANCED_FACE ( 'NONE', ( #820 ), #4057, .T. ) ;
#6043 = ORIENTED_EDGE ( 'NONE', *, *, #3367, .F. ) ;
#6044 = CARTESIAN_POINT ( 'NONE',  ( 0.02575000000000000205, 0.1020000000000000073, 0.007000000000000000146 ) ) ;
#6045 = AXIS2_PLACEMENT_3D ( 'NONE', #30, #4099, #5231 ) ;
#6046 = CARTESIAN_POINT ( 'NONE',  ( -0.01427347694897768138, 0.1042714305726759882, -0.02296245802205434949 ) ) ;
#6047 = ORIENTED_EDGE ( 'NONE', *, *, #6498, .T. ) ;
#6048 = VECTOR ( 'NONE', #5941, 1.000000000000000000 ) ;
#6049 = FACE_OUTER_BOUND ( 'NONE', #2422, .T. ) ;
#6050 = VERTEX_POINT ( 'NONE', #5122 ) ;
#6051 = VECTOR ( 'NONE', #458, 1.000000000000000000 ) ;
#6052 = DIRECTION ( 'NONE',  ( 0.000000000000000000, -1.000000000000000000, 0.000000000000000000 ) ) ;
#6053 = DIRECTION ( 'NONE',  ( -0.000000000000000000, -0.000000000000000000, -1.000000000000000000 ) ) ;
#6054 = FACE_OUTER_BOUND ( 'NONE', #4877, .T. ) ;
#6055 = CARTESIAN_POINT ( 'NONE',  ( -0.03099999999999999631, 0.02299999999999999961, 0.007000000000000000146 ) ) ;
#6056 = ORIENTED_EDGE ( 'NONE', *, *, #6190, .T. ) ;
#6057 = AXIS2_PLACEMENT_3D ( 'NONE', #4430, #2833, #639 ) ;
#6058 = CARTESIAN_POINT ( 'NONE',  ( -0.04200000000000000261, -0.04298864926096757771, -0.06495034905577767859 ) ) ;
#6059 = CARTESIAN_POINT ( 'NONE',  ( -0.008430338243672425014, -0.1049999999999999961, -0.009294206067218903355 ) ) ;
#6060 = DIRECTION ( 'NONE',  ( 0.000000000000000000, 0.000000000000000000, 1.000000000000000000 ) ) ;
#6061 = ORIENTED_EDGE ( 'NONE', *, *, #3561, .T. ) ;
#6062 = ORIENTED_EDGE ( 'NONE', *, *, #831, .T. ) ;
#6063 = ADVANCED_FACE ( 'NONE', ( #297 ), #230, .T. ) ;
#6064 = LINE ( 'NONE', #2898, #326 ) ;
#6065 = VERTEX_POINT ( 'NONE', #5051 ) ;
#6066 = AXIS2_PLACEMENT_3D ( 'NONE', #938, #3617, #6814 ) ;
#6067 = CARTESIAN_POINT ( 'NONE',  ( -0.05000000000000000278, -0.04298864926096757771, -0.05895034905577770101 ) ) ;
#6068 = EDGE_CURVE ( 'NONE', #6357, #1868, #1907, .T. ) ;
#6069 = VECTOR ( 'NONE', #1197, 1.000000000000000000 ) ;
#6070 = CARTESIAN_POINT ( 'NONE',  ( -0.003500000000000065559, 0.04549999999999999878, 0.007000000000000000146 ) ) ;
#6071 = CARTESIAN_POINT ( 'NONE',  ( 0.06000000000000000472, -0.01149999999999999634, -0.01000000000000000888 ) ) ;
#6072 = AXIS2_PLACEMENT_3D ( 'NONE', #3165, #897, #5799 ) ;
#6073 = FACE_OUTER_BOUND ( 'NONE', #6665, .T. ) ;
#6074 = CARTESIAN_POINT ( 'NONE',  ( -0.01500000000000000638, -0.09499999999999998723, -0.002000000000000001776 ) ) ;
#6075 = EDGE_CURVE ( 'NONE', #2431, #6337, #4022, .T. ) ;
#6076 = EDGE_CURVE ( 'NONE', #1659, #6773, #2946, .T. ) ;
#6077 = ORIENTED_EDGE ( 'NONE', *, *, #5152, .F. ) ;
#6078 = DIRECTION ( 'NONE',  ( 0.000000000000000000, 0.000000000000000000, 1.000000000000000000 ) ) ;
#6079 = CARTESIAN_POINT ( 'NONE',  ( 0.02000000000000000042, -0.03200000000000001454, 0.007000000000000000146 ) ) ;
#6080 = ORIENTED_EDGE ( 'NONE', *, *, #3741, .F. ) ;
#6081 = FACE_OUTER_BOUND ( 'NONE', #3473, .T. ) ;
#6082 = ORIENTED_EDGE ( 'NONE', *, *, #3698, .F. ) ;
#6083 = AXIS2_PLACEMENT_3D ( 'NONE', #4507, #4050, #6660 ) ;
#6084 = EDGE_CURVE ( 'NONE', #4464, #452, #1940, .T. ) ;
#6085 = LINE ( 'NONE', #3309, #4536 ) ;
#6086 = DIRECTION ( 'NONE',  ( 0.000000000000000000, 0.000000000000000000, 1.000000000000000000 ) ) ;
#6087 = LINE ( 'NONE', #5092, #5165 ) ;
#6088 = DIRECTION ( 'NONE',  ( 0.000000000000000000, 0.000000000000000000, -1.000000000000000000 ) ) ;
#6089 = VECTOR ( 'NONE', #1548, 1.000000000000000000 ) ;
#6090 = ORIENTED_EDGE ( 'NONE', *, *, #6447, .F. ) ;
#6091 = ADVANCED_FACE ( 'NONE', ( #6081, #3957, #856, #2984, #893, #6116, #4585, #263, #1313, #5585, #6734, #5088, #3019, #197, #2328, #4449, #1286, #3405, #1877 ), #783, .F. ) ;
#6092 = CARTESIAN_POINT ( 'NONE',  ( -0.01650000000000000772, 0.1035428611430424528, -0.02599999999999999881 ) ) ;
#6093 = CARTESIAN_POINT ( 'NONE',  ( 0.01699999999999999428, -0.09999999999999999167, -0.002000000000000001776 ) ) ;
#6094 = FACE_OUTER_BOUND ( 'NONE', #1855, .T. ) ;
#6095 = CARTESIAN_POINT ( 'NONE',  ( 0.05000000000000000278, -0.04303742192173399400, -0.06495034905577767859 ) ) ;
#6096 = CYLINDRICAL_SURFACE ( 'NONE', #2317, 0.001000000000000000888 ) ;
#6097 = AXIS2_PLACEMENT_3D ( 'NONE', #1393, #413, #3067 ) ;
#6098 = ORIENTED_EDGE ( 'NONE', *, *, #3570, .T. ) ;
#6099 = EDGE_LOOP ( 'NONE', ( #4025, #4447, #1115, #1265 ) ) ;
#6100 = AXIS2_PLACEMENT_3D ( 'NONE', #4041, #912, #5242 ) ;
#6101 = CARTESIAN_POINT ( 'NONE',  ( 0.01499999999999999251, -0.09999999999999999167, -0.002000000000000001776 ) ) ;
#6102 = ORIENTED_EDGE ( 'NONE', *, *, #2224, .F. ) ;
#6103 = DIRECTION ( 'NONE',  ( -0.000000000000000000, -1.000000000000000000, -0.000000000000000000 ) ) ;
#6104 = AXIS2_PLACEMENT_3D ( 'NONE', #1899, #711, #2319 ) ;
#6105 = DIRECTION ( 'NONE',  ( 0.000000000000000000, 0.000000000000000000, 1.000000000000000000 ) ) ;
#6106 = LINE ( 'NONE', #6624, #2622 ) ;
#6107 = EDGE_CURVE ( 'NONE', #405, #424, #2334, .T. ) ;
#6108 = DIRECTION ( 'NONE',  ( -1.000000000000000000, -0.000000000000000000, -0.000000000000000000 ) ) ;
#6109 = DIRECTION ( 'NONE',  ( -1.052139071779383273E-16, 0.000000000000000000, 1.000000000000000000 ) ) ;
#6110 = ORIENTED_EDGE ( 'NONE', *, *, #3944, .F. ) ;
#6111 = DIRECTION ( 'NONE',  ( -1.000000000000000000, 0.000000000000000000, 0.000000000000000000 ) ) ;
#6112 = DIRECTION ( 'NONE',  ( 0.000000000000000000, 1.000000000000000000, 0.000000000000000000 ) ) ;
#6113 = VERTEX_POINT ( 'NONE', #3989 ) ;
#6114 = EDGE_CURVE ( 'NONE', #2376, #5721, #4551, .T. ) ;
#6115 = EDGE_CURVE ( 'NONE', #2209, #1939, #6877, .T. ) ;
#6116 = FACE_BOUND ( 'NONE', #3984, .T. ) ;
#6117 = CARTESIAN_POINT ( 'NONE',  ( -0.007499999999999999722, -0.09999999999999999167, -0.01000000000000000194 ) ) ;
#6118 = DIRECTION ( 'NONE',  ( 1.000000000000000000, 0.000000000000000000, 0.000000000000000000 ) ) ;
#6119 = LINE ( 'NONE', #1912, #6278 ) ;
#6120 = CARTESIAN_POINT ( 'NONE',  ( -0.04200000000000000261, 0.000000000000000000, 0.000000000000000000 ) ) ;
#6121 = ORIENTED_EDGE ( 'NONE', *, *, #1780, .T. ) ;
#6122 = EDGE_CURVE ( 'NONE', #989, #3116, #321, .T. ) ;
#6123 = VECTOR ( 'NONE', #6430, 1.000000000000000000 ) ;
#6124 = CARTESIAN_POINT ( 'NONE',  ( 0.05700000000000000205, -0.01242252077633198074, -0.02101765814254362430 ) ) ;
#6126 = CIRCLE ( 'NONE', #3062, 0.001500000000000000465 ) ;
#6125 = CARTESIAN_POINT ( 'NONE',  ( -0.05000000000000000278, -0.01149999999999999634, -0.01000000000000001235 ) ) ;
#6127 = DIRECTION ( 'NONE',  ( -0.000000000000000000, -0.000000000000000000, -1.000000000000000000 ) ) ;
#6128 = ADVANCED_FACE ( 'NONE', ( #1068 ), #4195, .T. ) ;
#6129 = DIRECTION ( 'NONE',  ( -0.000000000000000000, -0.000000000000000000, 1.000000000000000000 ) ) ;
#6130 = DIRECTION ( 'NONE',  ( 0.000000000000000000, 0.000000000000000000, -1.000000000000000000 ) ) ;
#6131 = VERTEX_POINT ( 'NONE', #1453 ) ;
#6132 = ORIENTED_EDGE ( 'NONE', *, *, #2003, .F. ) ;
#6133 = CARTESIAN_POINT ( 'NONE',  ( -0.01575000000000000358, 0.1059999999999999831, -0.02296824583655185381 ) ) ;
#6134 = ORIENTED_EDGE ( 'NONE', *, *, #2417, .T. ) ;
#6135 = CARTESIAN_POINT ( 'NONE',  ( -0.005000000000000000104, 0.09349999999999999978, 0.000000000000000000 ) ) ;
#6136 = LINE ( 'NONE', #4375, #4806 ) ;
#6137 = CARTESIAN_POINT ( 'NONE',  ( -0.01399999999999999856, 0.1035428611430424528, -0.02392491604476003342 ) ) ;
#6138 = ORIENTED_EDGE ( 'NONE', *, *, #4941, .T. ) ;
#6139 = CARTESIAN_POINT ( 'NONE',  ( 0.01399999999999999856, 0.1049999999999999822, -0.02199999999999999872 ) ) ;
#6140 = CARTESIAN_POINT ( 'NONE',  ( -0.02899999999999999453, -0.02299999999999997186, 0.007000000000000000146 ) ) ;
#6141 = FACE_OUTER_BOUND ( 'NONE', #6861, .T. ) ;
#6142 = AXIS2_PLACEMENT_3D ( 'NONE', #626, #6529, #6013 ) ;
#6143 = VERTEX_POINT ( 'NONE', #6838 ) ;
#6144 = DIRECTION ( 'NONE',  ( 1.000000000000000000, -0.000000000000000000, -0.000000000000000000 ) ) ;
#6145 = CARTESIAN_POINT ( 'NONE',  ( -0.05000000000000000278, -0.04303742192173399400, 0.007000000000000000146 ) ) ;
#6146 = VERTEX_POINT ( 'NONE', #368 ) ;
#6147 = ADVANCED_FACE ( 'NONE', ( #511 ), #3159, .F. ) ;
#6148 = DIRECTION ( 'NONE',  ( 1.000000000000000000, 0.000000000000000000, 0.000000000000000000 ) ) ;
#6149 = DIRECTION ( 'NONE',  ( 0.000000000000000000, 1.000000000000000000, -0.000000000000000000 ) ) ;
#6150 = EDGE_CURVE ( 'NONE', #3791, #2531, #5190, .T. ) ;
#6151 = ORIENTED_EDGE ( 'NONE', *, *, #1736, .F. ) ;
#6152 = FACE_BOUND ( 'NONE', #6902, .T. ) ;
#6153 = DIRECTION ( 'NONE',  ( 0.000000000000000000, 0.000000000000000000, -1.000000000000000000 ) ) ;
#6154 = VECTOR ( 'NONE', #3407, 1.000000000000000000 ) ;
#6155 = VERTEX_POINT ( 'NONE', #2569 ) ;
#6156 = DIRECTION ( 'NONE',  ( 1.000000000000000000, 0.000000000000000000, 0.000000000000000000 ) ) ;
#6157 = CARTESIAN_POINT ( 'NONE',  ( 0.05700000000000000205, -0.01399999999999999856, -0.01500000000000001332 ) ) ;
#6158 = ADVANCED_FACE ( 'NONE', ( #5832 ), #3572, .F. ) ;
#6159 = EDGE_CURVE ( 'NONE', #4524, #6451, #4556, .T. ) ;
#6160 = LINE ( 'NONE', #1392, #3909 ) ;
#6161 = AXIS2_PLACEMENT_3D ( 'NONE', #43, #1474, #3076 ) ;
#6162 = CARTESIAN_POINT ( 'NONE',  ( -0.02375000000000000028, 0.1110000000000000014, 0.007000000000000000146 ) ) ;
#6163 = ORIENTED_EDGE ( 'NONE', *, *, #6289, .F. ) ;
#6164 = ORIENTED_EDGE ( 'NONE', *, *, #2045, .T. ) ;
#6165 = LINE ( 'NONE', #1364, #4910 ) ;
#6166 = PRODUCT_DEFINITION ( 'UNKNOWN', '', #5415, #6598 ) ;
#6167 = ORIENTED_EDGE ( 'NONE', *, *, #5772, .F. ) ;
#6168 = CYLINDRICAL_SURFACE ( 'NONE', #5396, 0.0009999999999999991535 ) ;
#6169 = CARTESIAN_POINT ( 'NONE',  ( 0.01006950147145528780, 0.1062714305715211499, -0.02599999999999999881 ) ) ;
#6170 = EDGE_CURVE ( 'NONE', #1748, #5721, #6914, .T. ) ;
#6171 = CARTESIAN_POINT ( 'NONE',  ( 0.01446667686357709648, 0.1043000548548138062, -0.02296867133512307813 ) ) ;
#6172 = ORIENTED_EDGE ( 'NONE', *, *, #5109, .F. ) ;
#6173 = CARTESIAN_POINT ( 'NONE',  ( -0.06000000000000000472, 0.004296149561436859651, -0.02101765814254362430 ) ) ;
#6174 = CARTESIAN_POINT ( 'NONE',  ( -0.009930498528544712614, 0.1062714305715212193, -0.02099999999999999784 ) ) ;
#6175 = FACE_OUTER_BOUND ( 'NONE', #3662, .T. ) ;
#6176 = AXIS2_PLACEMENT_3D ( 'NONE', #5309, #5807, #520 ) ;
#6177 = ORIENTED_EDGE ( 'NONE', *, *, #3789, .T. ) ;
#6178 = CARTESIAN_POINT ( 'NONE',  ( 0.008263035228247464503, 0.1149999999999999911, -0.02070664331622527193 ) ) ;
#6179 = DIRECTION ( 'NONE',  ( 1.000000000000000000, 0.000000000000000000, 0.000000000000000000 ) ) ;
#6180 = VECTOR ( 'NONE', #4787, 1.000000000000000000 ) ;
#6181 = ORIENTED_EDGE ( 'NONE', *, *, #5249, .T. ) ;
#6182 = DIRECTION ( 'NONE',  ( 0.000000000000000000, -0.000000000000000000, 1.000000000000000000 ) ) ;
#6183 = DIRECTION ( 'NONE',  ( 0.000000000000000000, 1.000000000000000000, 0.000000000000000000 ) ) ;
#6184 = ORIENTED_EDGE ( 'NONE', *, *, #2306, .F. ) ;
#6185 = EDGE_CURVE ( 'NONE', #141, #5030, #767, .T. ) ;
#6186 = CARTESIAN_POINT ( 'NONE',  ( 0.000000000000000000, 0.000000000000000000, -0.02500000000000000139 ) ) ;
#6187 = DIRECTION ( 'NONE',  ( 1.000000000000000000, -0.000000000000000000, -0.000000000000000000 ) ) ;
#6188 = ORIENTED_EDGE ( 'NONE', *, *, #1008, .T. ) ;
#6189 = VECTOR ( 'NONE', #4803, 1.000000000000000000 ) ;
#6190 = EDGE_CURVE ( 'NONE', #6233, #3697, #1329, .T. ) ;
#6191 = CYLINDRICAL_SURFACE ( 'NONE', #3451, 0.001000000000000000888 ) ;
#6192 = DIRECTION ( 'NONE',  ( 0.000000000000000000, 1.000000000000000000, -0.000000000000000000 ) ) ;
#6193 = LOCAL_TIME ( 12, 42, 38.00000000000000000, #2156 ) ;
#6194 = CARTESIAN_POINT ( 'NONE',  ( 0.05700000000000000205, -0.01399999999999999856, -0.01370000000000001598 ) ) ;
#6195 = FACE_OUTER_BOUND ( 'NONE', #1057, .T. ) ;
#6196 = ORIENTED_EDGE ( 'NONE', *, *, #4389, .F. ) ;
#6197 = EDGE_LOOP ( 'NONE', ( #4226, #181, #706, #1971 ) ) ;
#6198 = EDGE_CURVE ( 'NONE', #4975, #1748, #6768, .T. ) ;
#6199 = EDGE_CURVE ( 'NONE', #6354, #2692, #2602, .T. ) ;
#6200 = DIRECTION ( 'NONE',  ( 0.000000000000000000, -0.000000000000000000, 1.000000000000000000 ) ) ;
#6201 = ORIENTED_EDGE ( 'NONE', *, *, #5000, .T. ) ;
#6202 = CARTESIAN_POINT ( 'NONE',  ( -0.02999999999999999542, 0.02299999999999999961, 0.007000000000000000146 ) ) ;
#6203 = CARTESIAN_POINT ( 'NONE',  ( -0.05000000000000000278, 0.03996257807826605196, -0.06495034905577767859 ) ) ;
#6204 = PLANE ( 'NONE',  #3779 ) ;
#6205 = ORIENTED_EDGE ( 'NONE', *, *, #3436, .F. ) ;
#6206 = VECTOR ( 'NONE', #3881, 1.000000000000000000 ) ;
#6207 = VECTOR ( 'NONE', #4755, 1.000000000000000000 ) ;
#6208 = ORIENTED_EDGE ( 'NONE', *, *, #6928, .T. ) ;
#6209 = CARTESIAN_POINT ( 'NONE',  ( 0.01299999999999999246, -0.09499999999999998723, -0.02500000000000000139 ) ) ;
#6210 = DIRECTION ( 'NONE',  ( -0.000000000000000000, -1.000000000000000000, -0.000000000000000000 ) ) ;
#6211 = ADVANCED_FACE ( 'NONE', ( #3675 ), #3052, .T. ) ;
#6212 = EDGE_LOOP ( 'NONE', ( #5567, #1510, #4063, #4126 ) ) ;
#6213 = CARTESIAN_POINT ( 'NONE',  ( 0.05699999999999999512, 0.03996257807826604502, 0.007000000000000000146 ) ) ;
#6214 = LINE ( 'NONE', #5085, #569 ) ;
#6215 = ORIENTED_EDGE ( 'NONE', *, *, #2254, .T. ) ;
#6216 = DIRECTION ( 'NONE',  ( -1.000000000000000000, 0.000000000000000000, 0.000000000000000000 ) ) ;
#6217 = LINE ( 'NONE', #369, #2316 ) ;
#6218 = ORIENTED_EDGE ( 'NONE', *, *, #4389, .T. ) ;
#6219 = CARTESIAN_POINT ( 'NONE',  ( -0.005000000000000066024, 0.04549999999999999878, 0.007000000000000000146 ) ) ;
#6220 = CARTESIAN_POINT ( 'NONE',  ( 0.01445717442980899714, 0.1035428611430424528, -0.02394236545913496980 ) ) ;
#6221 = ORIENTED_EDGE ( 'NONE', *, *, #761, .T. ) ;
#6222 = CARTESIAN_POINT ( 'NONE',  ( 0.02375000000000000028, 0.1020000000000000073, 0.009000000000000001055 ) ) ;
#6223 = DIRECTION ( 'NONE',  ( -0.000000000000000000, -1.000000000000000000, -0.000000000000000000 ) ) ;
#6224 = CIRCLE ( 'NONE', #5326, 0.001000000000000000888 ) ;
#6225 = DIRECTION ( 'NONE',  ( -0.000000000000000000, -0.000000000000000000, -1.000000000000000000 ) ) ;
#6226 = EDGE_CURVE ( 'NONE', #277, #2097, #2169, .T. ) ;
#6227 = CARTESIAN_POINT ( 'NONE',  ( -0.01550000000000000683, 0.1089999999999999858, 0.000000000000000000 ) ) ;
#6228 = EDGE_LOOP ( 'NONE', ( #705, #1566 ) ) ;
#6229 = ORIENTED_EDGE ( 'NONE', *, *, #1391, .F. ) ;
#6230 = VECTOR ( 'NONE', #1602, 1.000000000000000000 ) ;
#6231 = VECTOR ( 'NONE', #3671, 1.000000000000000000 ) ;
#6232 = CARTESIAN_POINT ( 'NONE',  ( -0.04200000000000000261, 0.04796257807826607295, -0.05895034905577772877 ) ) ;
#6233 = VERTEX_POINT ( 'NONE', #3089 ) ;
#6234 = LINE ( 'NONE', #3488, #4173 ) ;
#6235 = DIRECTION ( 'NONE',  ( -1.000000000000000000, 0.000000000000000000, 0.000000000000000000 ) ) ;
#6236 = FACE_BOUND ( 'NONE', #5872, .T. ) ;
#6237 = EDGE_CURVE ( 'NONE', #4204, #3749, #438, .T. ) ;
#6238 = ORIENTED_EDGE ( 'NONE', *, *, #1367, .F. ) ;
#6239 = LINE ( 'NONE', #2631, #2492 ) ;
#6240 = DIRECTION ( 'NONE',  ( -0.000000000000000000, -0.000000000000000000, -1.000000000000000000 ) ) ;
#6241 = ADVANCED_FACE ( 'NONE', ( #998 ), #3126, .F. ) ;
#6242 = ORIENTED_EDGE ( 'NONE', *, *, #3243, .T. ) ;
#6243 = DIRECTION ( 'NONE',  ( 1.541976423090494647E-16, -1.000000000000000000, 0.000000000000000000 ) ) ;
#6244 = CARTESIAN_POINT ( 'NONE',  ( -0.05700000000000000899, -0.04303742192173399400, 0.007000000000000000146 ) ) ;
#6245 = ORIENTED_EDGE ( 'NONE', *, *, #6380, .F. ) ;
#6246 = DIRECTION ( 'NONE',  ( 1.000000000000000000, 0.000000000000000000, 0.000000000000000000 ) ) ;
#6247 = CARTESIAN_POINT ( 'NONE',  ( -0.01600000000000000033, 0.1089999999999999858, -0.02199999999999999872 ) ) ;
#6248 = ORIENTED_EDGE ( 'NONE', *, *, #1543, .F. ) ;
#6249 = DIRECTION ( 'NONE',  ( 0.000000000000000000, 0.000000000000000000, 1.000000000000000000 ) ) ;
#6250 = AXIS2_PLACEMENT_3D ( 'NONE', #6686, #2449, #4573 ) ;
#6251 = LINE ( 'NONE', #6772, #6888 ) ;
#6252 = VERTEX_POINT ( 'NONE', #5969 ) ;
#6253 = DIRECTION ( 'NONE',  ( 0.000000000000000000, -0.000000000000000000, -1.000000000000000000 ) ) ;
#6254 = CIRCLE ( 'NONE', #4005, 0.001000000000000000888 ) ;
#6255 = FACE_OUTER_BOUND ( 'NONE', #143, .T. ) ;
#6256 = DIRECTION ( 'NONE',  ( 1.000000000000000000, 0.000000000000000000, 0.000000000000000000 ) ) ;
#6257 = DIRECTION ( 'NONE',  ( 0.000000000000000000, 0.000000000000000000, -1.000000000000000000 ) ) ;
#6258 = ORIENTED_EDGE ( 'NONE', *, *, #4378, .F. ) ;
#6259 = ORIENTED_EDGE ( 'NONE', *, *, #6793, .T. ) ;
#6260 = DIRECTION ( 'NONE',  ( -0.000000000000000000, -0.000000000000000000, -1.000000000000000000 ) ) ;
#6261 = ORIENTED_EDGE ( 'NONE', *, *, #6484, .F. ) ;
#6262 = LINE ( 'NONE', #420, #4737 ) ;
#6263 = CIRCLE ( 'NONE', #6378, 0.001000000000000000888 ) ;
#6264 = DIRECTION ( 'NONE',  ( -0.000000000000000000, 0.000000000000000000, -1.000000000000000000 ) ) ;
#6265 = DIRECTION ( 'NONE',  ( -0.000000000000000000, 1.000000000000000000, 0.000000000000000000 ) ) ;
#6266 = ORIENTED_EDGE ( 'NONE', *, *, #2223, .T. ) ;
#6267 = EDGE_CURVE ( 'NONE', #2524, #6715, #5443, .T. ) ;
#6268 = ORIENTED_EDGE ( 'NONE', *, *, #5991, .F. ) ;
#6269 = DIRECTION ( 'NONE',  ( 1.000000000000000000, 0.000000000000000000, 0.000000000000000000 ) ) ;
#6270 = CARTESIAN_POINT ( 'NONE',  ( 0.05000000000000000278, 0.04796257807826604519, -0.06095034905577770279 ) ) ;
#6271 = ORIENTED_EDGE ( 'NONE', *, *, #4350, .F. ) ;
#6272 = FACE_BOUND ( 'NONE', #728, .T. ) ;
#6273 = CARTESIAN_POINT ( 'NONE',  ( -0.01536994392277366873, 0.1035428611430424389, -0.02299999999999999961 ) ) ;
#6274 = VERTEX_POINT ( 'NONE', #3817 ) ;
#6275 = EDGE_CURVE ( 'NONE', #5667, #2239, #3227, .T. ) ;
#6276 = EDGE_CURVE ( 'NONE', #2215, #915, #2780, .T. ) ;
#6277 = CARTESIAN_POINT ( 'NONE',  ( -0.04200000000000000261, 0.03996257807826604502, -0.06695034905577768036 ) ) ;
#6278 = VECTOR ( 'NONE', #3992, 1.000000000000000000 ) ;
#6279 = LINE ( 'NONE', #1489, #6563 ) ;
#6280 = CIRCLE ( 'NONE', #6620, 0.001299999999999998206 ) ;
#6281 = EDGE_LOOP ( 'NONE', ( #3702, #399 ) ) ;
#6282 = CARTESIAN_POINT ( 'NONE',  ( 0.000000000000000000, -0.03200000000000001454, 0.007000000000000000146 ) ) ;
#6283 = DIRECTION ( 'NONE',  ( -1.000000000000000000, 0.000000000000000000, 0.000000000000000000 ) ) ;
#6284 = EDGE_LOOP ( 'NONE', ( #5838, #2671, #834, #1110 ) ) ;
#6285 = VECTOR ( 'NONE', #5731, 1.000000000000000000 ) ;
#6286 = DIRECTION ( 'NONE',  ( 1.000000000000000000, 0.000000000000000000, 0.000000000000000000 ) ) ;
#6287 = CARTESIAN_POINT ( 'NONE',  ( 0.06000000000000000472, -0.01149999999999999634, -0.02000000000000001082 ) ) ;
#6288 = LINE ( 'NONE', #6890, #4030 ) ;
#6289 = EDGE_CURVE ( 'NONE', #482, #4114, #5060, .T. ) ;
#6290 = DIRECTION ( 'NONE',  ( -1.000000000000000000, 0.000000000000000000, 0.000000000000000000 ) ) ;
#6291 = ORIENTED_EDGE ( 'NONE', *, *, #5742, .T. ) ;
#6292 = ORIENTED_EDGE ( 'NONE', *, *, #1461, .F. ) ;
#6293 = DIRECTION ( 'NONE',  ( 0.000000000000000000, 0.000000000000000000, 1.000000000000000000 ) ) ;
#6294 = B_SPLINE_CURVE_WITH_KNOTS ( 'NONE', 3,
 ( #843, #6722, #6171, #876, #2486, #252 ),
 .UNSPECIFIED., .F., .F.,
 ( 4, 2, 4 ),
 ( 0.000000000000000000, 0.0006986831697372524299, 0.001397366339474504860 ),
 .UNSPECIFIED. ) ;
#6295 = ORIENTED_EDGE ( 'NONE', *, *, #5041, .F. ) ;
#6296 = DIRECTION ( 'NONE',  ( -0.000000000000000000, 0.000000000000000000, 1.000000000000000000 ) ) ;
#6297 = AXIS2_PLACEMENT_3D ( 'NONE', #2255, #5372, #2712 ) ;
#6298 = CARTESIAN_POINT ( 'NONE',  ( -0.02299999999999999961, 0.04099999999999999478, -0.008999999999999999320 ) ) ;
#6299 = DIRECTION ( 'NONE',  ( -0.000000000000000000, -0.000000000000000000, 1.000000000000000000 ) ) ;
#6300 = VERTEX_POINT ( 'NONE', #4269 ) ;
#6301 = ORIENTED_EDGE ( 'NONE', *, *, #2481, .F. ) ;
#6302 = EDGE_LOOP ( 'NONE', ( #1735, #2084, #105 ) ) ;
#6303 = LINE ( 'NONE', #532, #1171 ) ;
#6304 = ORIENTED_EDGE ( 'NONE', *, *, #6385, .T. ) ;
#6305 = CARTESIAN_POINT ( 'NONE',  ( 0.008376574485834620276, -0.1049999999999999961, -0.009294206067218903355 ) ) ;
#6306 = DIRECTION ( 'NONE',  ( 0.000000000000000000, 0.000000000000000000, -1.000000000000000000 ) ) ;
#6307 = EDGE_CURVE ( 'NONE', #799, #2215, #6040, .T. ) ;
#6308 = EDGE_LOOP ( 'NONE', ( #6650, #3418, #2540, #1224 ) ) ;
#6309 = CARTESIAN_POINT ( 'NONE',  ( -0.01650000000000000772, 0.1045428611430424537, -0.02400000000000000050 ) ) ;
#6310 = ADVANCED_FACE ( 'NONE', ( #3745 ), #5332, .T. ) ;
#6311 = LINE ( 'NONE', #3638, #2242 ) ;
#6312 = AXIS2_PLACEMENT_3D ( 'NONE', #5169, #5666, #4139 ) ;
#6313 = ORIENTED_EDGE ( 'NONE', *, *, #630, .F. ) ;
#6314 = TOROIDAL_SURFACE ( 'NONE', #2624, 0.002000000000000000042, 0.001000000000000000021 ) ;
#6315 = DIRECTION ( 'NONE',  ( 1.000000000000000000, 0.000000000000000000, 0.000000000000000000 ) ) ;
#6316 = CARTESIAN_POINT ( 'NONE',  ( 0.06000000000000000472, -0.01149999999999999634, -0.02000000000000001082 ) ) ;
#6317 = CIRCLE ( 'NONE', #5306, 0.001000000000000000888 ) ;
#6318 = ORIENTED_EDGE ( 'NONE', *, *, #2298, .F. ) ;
#6319 = DIRECTION ( 'NONE',  ( 0.000000000000000000, 0.000000000000000000, 1.000000000000000000 ) ) ;
#6320 = ADVANCED_FACE ( 'NONE', ( #579 ), #2222, .F. ) ;
#6321 = DIRECTION ( 'NONE',  ( 0.000000000000000000, 0.000000000000000000, -1.000000000000000000 ) ) ;
#6322 = VERTEX_POINT ( 'NONE', #4911 ) ;
#6323 = FACE_OUTER_BOUND ( 'NONE', #5435, .T. ) ;
#6324 = AXIS2_PLACEMENT_3D ( 'NONE', #4658, #4027, #5801 ) ;
#6325 = DIRECTION ( 'NONE',  ( -1.000000000000000000, 4.625929269271485914E-16, 0.000000000000000000 ) ) ;
#6326 = CARTESIAN_POINT ( 'NONE',  ( -0.06000000000000000472, 0.004296149561436859651, -0.009065587432989727357 ) ) ;
#6327 = EDGE_CURVE ( 'NONE', #4008, #1048, #19, .T. ) ;
#6328 = FACE_OUTER_BOUND ( 'NONE', #2361, .T. ) ;
#6329 = ADVANCED_FACE ( 'NONE', ( #1697 ), #3852, .F. ) ;
#6330 = ORIENTED_EDGE ( 'NONE', *, *, #3241, .F. ) ;
#6331 = ORIENTED_EDGE ( 'NONE', *, *, #2737, .T. ) ;
#6332 = CARTESIAN_POINT ( 'NONE',  ( 0.02899999999999998759, -0.02299999999999997186, 0.000000000000000000 ) ) ;
#6333 = DIRECTION ( 'NONE',  ( -0.000000000000000000, -0.000000000000000000, -1.000000000000000000 ) ) ;
#6334 = CARTESIAN_POINT ( 'NONE',  ( -0.05000000000000000278, -0.04303742192173399400, 0.000000000000000000 ) ) ;
#6335 = ORIENTED_EDGE ( 'NONE', *, *, #1583, .T. ) ;
#6336 = EDGE_LOOP ( 'NONE', ( #6392, #6463, #2601, #2835 ) ) ;
#6337 = VERTEX_POINT ( 'NONE', #1728 ) ;
#6338 = LINE ( 'NONE', #49, #3606 ) ;
#6339 = AXIS2_PLACEMENT_3D ( 'NONE', #4484, #6564, #6637 ) ;
#6340 = EDGE_LOOP ( 'NONE', ( #6208, #3001, #2588, #6472 ) ) ;
#6341 = DIRECTION ( 'NONE',  ( 1.000000000000000000, 0.000000000000000000, 0.000000000000000000 ) ) ;
#6342 = CARTESIAN_POINT ( 'NONE',  ( 0.009999999999999998473, 0.1129999999999999755, -0.01499999999999999598 ) ) ;
#6343 = AXIS2_PLACEMENT_3D ( 'NONE', #4579, #1028, #5719 ) ;
#6344 = LINE ( 'NONE', #1553, #6231 ) ;
#6345 = CARTESIAN_POINT ( 'NONE',  ( -0.003499999999999999639, 0.09349999999999999978, 0.000000000000000000 ) ) ;
#6346 = ORIENTED_EDGE ( 'NONE', *, *, #5073, .T. ) ;
#6347 = CARTESIAN_POINT ( 'NONE',  ( 0.06000000000000000472, -0.01149999999999999634, -0.01000000000000001235 ) ) ;
#6348 = CARTESIAN_POINT ( 'NONE',  ( 0.01663900294291157864, 0.1057910097415207112, -0.02313396416378028786 ) ) ;
#6349 = ORIENTED_EDGE ( 'NONE', *, *, #2288, .T. ) ;
#6350 = DIRECTION ( 'NONE',  ( 0.000000000000000000, 1.000000000000000000, 0.000000000000000000 ) ) ;
#6351 = FACE_OUTER_BOUND ( 'NONE', #3469, .T. ) ;
#6352 = VECTOR ( 'NONE', #2238, 1.000000000000000000 ) ;
#6353 = EDGE_CURVE ( 'NONE', #4599, #5370, #4373, .T. ) ;
#6354 = VERTEX_POINT ( 'NONE', #5933 ) ;
#6355 = VECTOR ( 'NONE', #1382, 1.000000000000000000 ) ;
#6356 = CARTESIAN_POINT ( 'NONE',  ( -0.01500000000000000465, -0.09917157287525379949, -0.02417157287525380921 ) ) ;
#6357 = VERTEX_POINT ( 'NONE', #1174 ) ;
#6358 = ADVANCED_FACE ( 'NONE', ( #5901 ), #2675, .F. ) ;
#6359 = DIRECTION ( 'NONE',  ( 0.000000000000000000, -0.000000000000000000, -1.000000000000000000 ) ) ;
#6360 = AXIS2_PLACEMENT_3D ( 'NONE', #4239, #710, #6391 ) ;
#6361 = CARTESIAN_POINT ( 'NONE',  ( 0.05000000000000000971, 0.09200000000000001232, -0.003000000000000000062 ) ) ;
#6362 = CARTESIAN_POINT ( 'NONE',  ( 0.05000000000000000278, -0.01399999999999999856, -0.01370000000000001598 ) ) ;
#6363 = ORIENTED_EDGE ( 'NONE', *, *, #3983, .T. ) ;
#6364 = VECTOR ( 'NONE', #4626, 1.000000000000000000 ) ;
#6365 = DIRECTION ( 'NONE',  ( 1.000000000000000000, -0.000000000000000000, 0.000000000000000000 ) ) ;
#6366 = EDGE_CURVE ( 'NONE', #5300, #625, #3300, .T. ) ;
#6367 = ORIENTED_EDGE ( 'NONE', *, *, #3986, .F. ) ;
#6368 = EDGE_CURVE ( 'NONE', #280, #640, #3332, .T. ) ;
#6369 = CARTESIAN_POINT ( 'NONE',  ( 0.008376574485834620276, -0.09999999999999999167, -0.02079367267161846139 ) ) ;
#6370 = DIRECTION ( 'NONE',  ( -1.000000000000000000, 0.000000000000000000, 0.000000000000000000 ) ) ;
#6371 = DIRECTION ( 'NONE',  ( 0.000000000000000000, -0.000000000000000000, -1.000000000000000000 ) ) ;
#6372 = AXIS2_PLACEMENT_3D ( 'NONE', #6092, #3412, #1885 ) ;
#6373 = ORIENTED_EDGE ( 'NONE', *, *, #6752, .T. ) ;
#6374 = ORIENTED_EDGE ( 'NONE', *, *, #2461, .T. ) ;
#6375 = EDGE_LOOP ( 'NONE', ( #3072, #5513, #2761, #2695 ) ) ;
#6376 = VECTOR ( 'NONE', #5974, 1.000000000000000000 ) ;
#6377 = LINE ( 'NONE', #1095, #6641 ) ;
#6378 = AXIS2_PLACEMENT_3D ( 'NONE', #2553, #2698, #3143 ) ;
#6379 = ORIENTED_EDGE ( 'NONE', *, *, #3470, .T. ) ;
#6380 = EDGE_CURVE ( 'NONE', #6146, #6440, #1663, .T. ) ;
#6381 = DIRECTION ( 'NONE',  ( 0.000000000000000000, 1.000000000000000000, -0.000000000000000000 ) ) ;
#6382 = DIRECTION ( 'NONE',  ( 0.000000000000000000, -0.000000000000000000, -1.000000000000000000 ) ) ;
#6383 = VERTEX_POINT ( 'NONE', #3263 ) ;
#6384 = CARTESIAN_POINT ( 'NONE',  ( 0.01399999999999999856, 0.1039999999999999813, -0.001000000000000000888 ) ) ;
#6385 = EDGE_CURVE ( 'NONE', #2626, #5694, #5407, .T. ) ;
#6386 = CIRCLE ( 'NONE', #5146, 0.001500000000000000465 ) ;
#6387 = EDGE_LOOP ( 'NONE', ( #2343, #2482, #1431, #5638 ) ) ;
#6388 = CARTESIAN_POINT ( 'NONE',  ( -0.01000000000000000194, 0.1049999999999999822, -0.01499999999999999944 ) ) ;
#6389 = COORDINATED_UNIVERSAL_TIME_OFFSET ( 3, 0, .AHEAD. ) ;
#6390 = CARTESIAN_POINT ( 'NONE',  ( -0.01650000000000000772, 0.1057789514145687365, -0.02393649167310392400 ) ) ;
#6391 = DIRECTION ( 'NONE',  ( 1.000000000000000000, 1.541976423090494401E-16, 0.000000000000000000 ) ) ;
#6392 = ORIENTED_EDGE ( 'NONE', *, *, #3741, .T. ) ;
#6393 = CARTESIAN_POINT ( 'NONE',  ( -0.02475000000000000117, 0.1020000000000000073, 0.009000000000000001055 ) ) ;
#6394 = DIRECTION ( 'NONE',  ( 0.000000000000000000, -0.000000000000000000, -1.000000000000000000 ) ) ;
#6395 = CARTESIAN_POINT ( 'NONE',  ( -0.01500000000000000638, -0.09799999999999998990, -0.02299999999999999961 ) ) ;
#6396 = ORIENTED_EDGE ( 'NONE', *, *, #4355, .T. ) ;
#6397 = VECTOR ( 'NONE', #2274, 1.000000000000000000 ) ;
#6398 = DIRECTION ( 'NONE',  ( 1.000000000000000000, 0.000000000000000000, 0.000000000000000000 ) ) ;
#6399 = FACE_OUTER_BOUND ( 'NONE', #4558, .T. ) ;
#6400 = DIRECTION ( 'NONE',  ( 0.000000000000000000, 0.000000000000000000, 1.000000000000000000 ) ) ;
#6401 = AXIS2_PLACEMENT_3D ( 'NONE', #4697, #412, #6777 ) ;
#6402 = ORIENTED_EDGE ( 'NONE', *, *, #879, .F. ) ;
#6403 = EDGE_CURVE ( 'NONE', #4352, #3612, #4951, .T. ) ;
#6404 = DIRECTION ( 'NONE',  ( 1.000000000000000000, 0.000000000000000000, 0.000000000000000000 ) ) ;
#6405 = ORIENTED_EDGE ( 'NONE', *, *, #28, .F. ) ;
#6406 = CARTESIAN_POINT ( 'NONE',  ( -0.02999999999999999542, -0.02299999999999997186, 0.000000000000000000 ) ) ;
#6407 = DIRECTION ( 'NONE',  ( 1.000000000000000000, -0.000000000000000000, -0.000000000000000000 ) ) ;
#6408 = VERTEX_POINT ( 'NONE', #2354 ) ;
#6409 = ORIENTED_EDGE ( 'NONE', *, *, #5823, .F. ) ;
#6410 = ORIENTED_EDGE ( 'NONE', *, *, #2218, .T. ) ;
#6411 = ADVANCED_FACE ( 'NONE', ( #2876 ), #3427, .T. ) ;
#6412 = DIRECTION ( 'NONE',  ( 1.000000000000000000, 0.000000000000000000, 0.000000000000000000 ) ) ;
#6413 = AXIS2_PLACEMENT_3D ( 'NONE', #3117, #5254, #5718 ) ;
#6414 = ORIENTED_EDGE ( 'NONE', *, *, #6447, .T. ) ;
#6415 = DIRECTION ( 'NONE',  ( 0.000000000000000000, 1.000000000000000000, -0.000000000000000000 ) ) ;
#6416 = DIRECTION ( 'NONE',  ( 0.000000000000000000, -1.000000000000000000, 0.000000000000000000 ) ) ;
#6417 = EDGE_LOOP ( 'NONE', ( #5493, #1199, #604, #3247 ) ) ;
#6418 = CARTESIAN_POINT ( 'NONE',  ( -0.000000000000000000, -0.03500000000000001721, 0.000000000000000000 ) ) ;
#6419 = ORIENTED_EDGE ( 'NONE', *, *, #2633, .T. ) ;
#6420 = DIRECTION ( 'NONE',  ( -0.000000000000000000, 0.000000000000000000, 1.000000000000000000 ) ) ;
#6421 = EDGE_CURVE ( 'NONE', #3013, #2376, #712, .T. ) ;
#6422 = CARTESIAN_POINT ( 'NONE',  ( 0.01581950147145529117, 0.1059999999999999831, -0.02298357525446362987 ) ) ;
#6423 = VERTEX_POINT ( 'NONE', #4542 ) ;
#6424 = CARTESIAN_POINT ( 'NONE',  ( -0.009930498528544712614, 0.1062714305715212193, -0.02099999999999999784 ) ) ;
#6425 = CARTESIAN_POINT ( 'NONE',  ( 0.000000000000000000, -0.04303742192173399400, 0.000000000000000000 ) ) ;
#6426 = AXIS2_PLACEMENT_3D ( 'NONE', #6755, #6857, #1505 ) ;
#6427 = ORIENTED_EDGE ( 'NONE', *, *, #304, .F. ) ;
#6428 = DIRECTION ( 'NONE',  ( 1.000000000000000000, -1.541976423090494401E-16, 0.000000000000000000 ) ) ;
#6429 = ORIENTED_EDGE ( 'NONE', *, *, #1622, .F. ) ;
#6430 = DIRECTION ( 'NONE',  ( 0.000000000000000000, -1.000000000000000000, 0.000000000000000000 ) ) ;
#6431 = LINE ( 'NONE', #4954, #1706 ) ;
#6432 = DIRECTION ( 'NONE',  ( -0.000000000000000000, -0.000000000000000000, -1.000000000000000000 ) ) ;
#6433 = VECTOR ( 'NONE', #5581, 1.000000000000000000 ) ;
#6434 = ORIENTED_EDGE ( 'NONE', *, *, #6159, .T. ) ;
#6435 = CARTESIAN_POINT ( 'NONE',  ( 0.01452707299546202903, 0.1035428611430424528, -0.02315489462865770801 ) ) ;
#6436 = ORIENTED_EDGE ( 'NONE', *, *, #4868, .T. ) ;
#6437 = CARTESIAN_POINT ( 'NONE',  ( 0.05699999999999999512, 0.04796257807826604519, -0.07299999999999999545 ) ) ;
#6438 = DIRECTION ( 'NONE',  ( 1.000000000000000000, 0.000000000000000000, 0.000000000000000000 ) ) ;
#6439 = ORIENTED_EDGE ( 'NONE', *, *, #6029, .T. ) ;
#6440 = VERTEX_POINT ( 'NONE', #1830 ) ;
#6441 = ORIENTED_EDGE ( 'NONE', *, *, #1947, .T. ) ;
#6442 = ADVANCED_FACE ( 'NONE', ( #3949 ), #5007, .F. ) ;
#6443 = DIRECTION ( 'NONE',  ( 0.000000000000000000, 1.000000000000000000, 0.000000000000000000 ) ) ;
#6444 = VERTEX_POINT ( 'NONE', #812 ) ;
#6445 = DIRECTION ( 'NONE',  ( -1.000000000000000000, 0.000000000000000000, 0.000000000000000000 ) ) ;
#6446 = DIRECTION ( 'NONE',  ( 0.000000000000000000, -1.000000000000000000, 0.000000000000000000 ) ) ;
#6447 = EDGE_CURVE ( 'NONE', #3749, #2654, #4578, .T. ) ;
#6448 = FACE_OUTER_BOUND ( 'NONE', #3022, .T. ) ;
#6449 = VECTOR ( 'NONE', #1704, 1.000000000000000000 ) ;
#6450 = DIRECTION ( 'NONE',  ( 1.000000000000000000, -0.000000000000000000, -0.000000000000000000 ) ) ;
#6451 = VERTEX_POINT ( 'NONE', #5079 ) ;
#6452 = VECTOR ( 'NONE', #4818, 1.000000000000000000 ) ;
#6453 = VECTOR ( 'NONE', #3635, 1.000000000000000000 ) ;
#6454 = CARTESIAN_POINT ( 'NONE',  ( 0.01106950147145528696, 0.1062714305715211499, -0.02099999999999999784 ) ) ;
#6455 = APPROVAL_DATE_TIME ( #5833, #2435 ) ;
#6456 = EDGE_CURVE ( 'NONE', #757, #4899, #3834, .T. ) ;
#6457 = EDGE_CURVE ( 'NONE', #6252, #4391, #1866, .T. ) ;
#6458 = DIRECTION ( 'NONE',  ( 0.000000000000000000, 0.000000000000000000, 1.000000000000000000 ) ) ;
#6459 = CIRCLE ( 'NONE', #4431, 0.001000000000000000888 ) ;
#6460 = ORIENTED_EDGE ( 'NONE', *, *, #1078, .F. ) ;
#6461 = CYLINDRICAL_SURFACE ( 'NONE', #841, 0.001299999999999999073 ) ;
#6462 = DIRECTION ( 'NONE',  ( -0.000000000000000000, -1.000000000000000000, -0.000000000000000000 ) ) ;
#6463 = ORIENTED_EDGE ( 'NONE', *, *, #1407, .T. ) ;
#6464 = DIRECTION ( 'NONE',  ( -0.000000000000000000, -0.000000000000000000, -1.000000000000000000 ) ) ;
#6465 = ORIENTED_EDGE ( 'NONE', *, *, #2811, .T. ) ;
#6466 = DIRECTION ( 'NONE',  ( 0.000000000000000000, 0.000000000000000000, 1.000000000000000000 ) ) ;
#6467 = FACE_OUTER_BOUND ( 'NONE', #2972, .T. ) ;
#6468 = LINE ( 'NONE', #5948, #6578 ) ;
#6469 = EDGE_LOOP ( 'NONE', ( #3843, #5094, #4743, #5825 ) ) ;
#6470 = CARTESIAN_POINT ( 'NONE',  ( -0.01650000000000000772, 0.1099999999999999867, -0.02393649167310370890 ) ) ;
#6471 = AXIS2_PLACEMENT_3D ( 'NONE', #3467, #3924, #1348 ) ;
#6472 = ORIENTED_EDGE ( 'NONE', *, *, #500, .T. ) ;
#6473 = FACE_OUTER_BOUND ( 'NONE', #15, .T. ) ;
#6474 = CARTESIAN_POINT ( 'NONE',  ( 0.000000000000000000, 0.000000000000000000, -0.008999999999999999320 ) ) ;
#6475 = ORIENTED_EDGE ( 'NONE', *, *, #5433, .T. ) ;
#6476 = VERTEX_POINT ( 'NONE', #2455 ) ;
#6477 = ORIENTED_EDGE ( 'NONE', *, *, #4674, .T. ) ;
#6478 = VECTOR ( 'NONE', #3040, 1.000000000000000000 ) ;
#6479 = DIRECTION ( 'NONE',  ( 1.000000000000000000, -0.000000000000000000, 0.000000000000000000 ) ) ;
#6480 = ORIENTED_EDGE ( 'NONE', *, *, #6170, .F. ) ;
#6481 = FACE_BOUND ( 'NONE', #3214, .T. ) ;
#6482 = PLANE ( 'NONE',  #508 ) ;
#6483 = VECTOR ( 'NONE', #376, 1.000000000000000000 ) ;
#6484 = EDGE_CURVE ( 'NONE', #2488, #566, #3047, .T. ) ;
#6485 = DIRECTION ( 'NONE',  ( 1.000000000000000000, 0.000000000000000000, 0.000000000000000000 ) ) ;
#6486 = PLANE ( 'NONE',  #1627 ) ;
#6487 = ORIENTED_EDGE ( 'NONE', *, *, #4760, .F. ) ;
#6488 = EDGE_CURVE ( 'NONE', #2088, #782, #1829, .T. ) ;
#6489 = DIRECTION ( 'NONE',  ( 0.000000000000000000, -1.000000000000000000, 0.000000000000000000 ) ) ;
#6490 = COORDINATED_UNIVERSAL_TIME_OFFSET ( 3, 0, .AHEAD. ) ;
#6491 = FACE_BOUND ( 'NONE', #1771, .T. ) ;
#6492 = VECTOR ( 'NONE', #3660, 1.000000000000000000 ) ;
#6493 = EDGE_LOOP ( 'NONE', ( #986, #6134, #2278, #2528 ) ) ;
#6494 = DIRECTION ( 'NONE',  ( 0.000000000000000000, 0.000000000000000000, 1.000000000000000000 ) ) ;
#6495 = CARTESIAN_POINT ( 'NONE',  ( 0.01399999999999999856, 0.1035428611430424528, -0.02392491604476003342 ) ) ;
#6496 = EDGE_LOOP ( 'NONE', ( #5655, #2205, #889, #2289 ) ) ;
#6497 = ADVANCED_FACE ( 'NONE', ( #2420 ), #4042, .T. ) ;
#6498 = EDGE_CURVE ( 'NONE', #2073, #5778, #2386, .T. ) ;
#6499 = DIRECTION ( 'NONE',  ( -0.000000000000000000, -0.000000000000000000, -1.000000000000000000 ) ) ;
#6500 = ORIENTED_EDGE ( 'NONE', *, *, #4709, .F. ) ;
#6501 = CARTESIAN_POINT ( 'NONE',  ( -0.007499999999999998855, 0.1049999999999999822, -0.01000000000000000021 ) ) ;
#6502 = EDGE_CURVE ( 'NONE', #5068, #5704, #1275, .T. ) ;
#6503 = CARTESIAN_POINT ( 'NONE',  ( 0.02000000000000000042, -0.03200000000000001454, 0.000000000000000000 ) ) ;
#6504 = LINE ( 'NONE', #664, #5118 ) ;
#6505 = VERTEX_POINT ( 'NONE', #4440 ) ;
#6506 = CYLINDRICAL_SURFACE ( 'NONE', #2453, 0.002000000000000000042 ) ;
#6507 = ORIENTED_EDGE ( 'NONE', *, *, #1161, .F. ) ;
#6508 = LINE ( 'NONE', #2860, #6397 ) ;
#6509 = VECTOR ( 'NONE', #1190, 1.000000000000000000 ) ;
#6510 = DIRECTION ( 'NONE',  ( -0.000000000000000000, 0.000000000000000000, 1.000000000000000000 ) ) ;
#6511 = AXIS2_PLACEMENT_3D ( 'NONE', #5953, #600, #3141 ) ;
#6512 = ORIENTED_EDGE ( 'NONE', *, *, #3457, .F. ) ;
#6513 = ORIENTED_EDGE ( 'NONE', *, *, #2337, .T. ) ;
#6514 = DIRECTION ( 'NONE',  ( -1.000000000000000000, -0.000000000000000000, -0.000000000000000000 ) ) ;
#6515 = VERTEX_POINT ( 'NONE', #1340 ) ;
#6516 = CARTESIAN_POINT ( 'NONE',  ( 0.004999999999999928980, 0.04549999999999997102, 0.007000000000000000146 ) ) ;
#6517 = LINE ( 'NONE', #4767, #833 ) ;
#6518 = LINE ( 'NONE', #1727, #4288 ) ;
#6519 = VECTOR ( 'NONE', #5478, 1.000000000000000000 ) ;
#6520 = EDGE_CURVE ( 'NONE', #3079, #216, #1495, .T. ) ;
#6521 = CARTESIAN_POINT ( 'NONE',  ( 0.06000000000000000472, -0.01399999999999999856, -0.01500000000000001332 ) ) ;
#6522 = DIRECTION ( 'NONE',  ( -0.000000000000000000, 1.000000000000000000, -0.000000000000000000 ) ) ;
#6523 = LOCAL_TIME ( 12, 42, 38.00000000000000000, #60 ) ;
#6524 = EDGE_CURVE ( 'NONE', #3562, #969, #742, .T. ) ;
#6525 = EDGE_LOOP ( 'NONE', ( #4325, #2785, #4152, #6245 ) ) ;
#6526 = CARTESIAN_POINT ( 'NONE',  ( 0.01299999999999999246, -0.09699999999999998901, -0.002000000000000001776 ) ) ;
#6527 = CARTESIAN_POINT ( 'NONE',  ( 0.01563900294291058202, 0.1048538458423359937, -0.02299999999999999961 ) ) ;
#6528 = ORIENTED_EDGE ( 'NONE', *, *, #4473, .T. ) ;
#6529 = DIRECTION ( 'NONE',  ( -0.000000000000000000, 0.000000000000000000, 1.000000000000000000 ) ) ;
#6530 = ORIENTED_EDGE ( 'NONE', *, *, #3983, .F. ) ;
#6531 = CARTESIAN_POINT ( 'NONE',  ( -0.01700000000000000816, -0.09799999999999998990, -0.002000000000000001776 ) ) ;
#6532 = EDGE_CURVE ( 'NONE', #5883, #690, #5176, .T. ) ;
#6533 = LINE ( 'NONE', #3831, #5678 ) ;
#6534 = LINE ( 'NONE', #1118, #1476 ) ;
#6535 = FACE_OUTER_BOUND ( 'NONE', #1755, .T. ) ;
#6536 = ORIENTED_EDGE ( 'NONE', *, *, #6456, .T. ) ;
#6537 = AXIS2_PLACEMENT_3D ( 'NONE', #959, #3086, #4053 ) ;
#6538 = CIRCLE ( 'NONE', #1509, 0.001000000000000000888 ) ;
#6539 = CARTESIAN_POINT ( 'NONE',  ( -0.01000000000000000021, -0.09999999999999999167, -0.01370000000000000384 ) ) ;
#6540 = VERTEX_POINT ( 'NONE', #2841 ) ;
#6541 = CARTESIAN_POINT ( 'NONE',  ( 0.008263035228247464503, 0.1099999999999999867, -0.009194146154766909620 ) ) ;
#6542 = EDGE_CURVE ( 'NONE', #4398, #6825, #4973, .T. ) ;
#6543 = ADVANCED_FACE ( 'NONE', ( #6073 ), #5541, .F. ) ;
#6544 = CIRCLE ( 'NONE', #1072, 0.001000000000000000888 ) ;
#6545 = FACE_BOUND ( 'NONE', #3680, .T. ) ;
#6546 = ORIENTED_EDGE ( 'NONE', *, *, #971, .T. ) ;
#6547 = ORIENTED_EDGE ( 'NONE', *, *, #6567, .T. ) ;
#6548 = DIRECTION ( 'NONE',  ( 0.000000000000000000, 1.000000000000000000, 0.000000000000000000 ) ) ;
#6549 = ORIENTED_EDGE ( 'NONE', *, *, #1928, .F. ) ;
#6550 = CYLINDRICAL_SURFACE ( 'NONE', #2001, 0.001000000000000000888 ) ;
#6551 = DIRECTION ( 'NONE',  ( -0.000000000000000000, -0.000000000000000000, 1.000000000000000000 ) ) ;
#6552 = CARTESIAN_POINT ( 'NONE',  ( -0.008430338243672425014, -0.1049999999999999961, -0.02079367267161846139 ) ) ;
#6553 = DIRECTION ( 'NONE',  ( -0.000000000000000000, -0.000000000000000000, 1.000000000000000000 ) ) ;
#6554 = AXIS2_PLACEMENT_3D ( 'NONE', #5413, #5906, #5302 ) ;
#6555 = ORIENTED_EDGE ( 'NONE', *, *, #3602, .T. ) ;
#6556 = DIRECTION ( 'NONE',  ( -0.000000000000000000, -0.000000000000000000, -1.000000000000000000 ) ) ;
#6557 = FACE_OUTER_BOUND ( 'NONE', #1143, .T. ) ;
#6558 = CIRCLE ( 'NONE', #6339, 0.001000000000000000888 ) ;
#6559 = VECTOR ( 'NONE', #4463, 1.000000000000000000 ) ;
#6560 = EDGE_LOOP ( 'NONE', ( #1092, #5602, #1346, #5784 ) ) ;
#6561 = LINE ( 'NONE', #4312, #1777 ) ;
#6562 = ORIENTED_EDGE ( 'NONE', *, *, #1153, .T. ) ;
#6563 = VECTOR ( 'NONE', #545, 1.000000000000000000 ) ;
#6564 = DIRECTION ( 'NONE',  ( 1.000000000000000000, 0.000000000000000000, -0.000000000000000000 ) ) ;
#6565 = VECTOR ( 'NONE', #1410, 1.000000000000000000 ) ;
#6566 = DIRECTION ( 'NONE',  ( 0.000000000000000000, 0.000000000000000000, 1.000000000000000000 ) ) ;
#6567 = EDGE_CURVE ( 'NONE', #1377, #6274, #4611, .T. ) ;
#6568 = DIRECTION ( 'NONE',  ( 0.000000000000000000, 0.000000000000000000, -1.000000000000000000 ) ) ;
#6569 = CARTESIAN_POINT ( 'NONE',  ( -0.02999999999999999542, 0.01104832204050209578, -0.003000000000000000062 ) ) ;
#6570 = ORIENTED_EDGE ( 'NONE', *, *, #6276, .T. ) ;
#6571 = EDGE_CURVE ( 'NONE', #2197, #993, #6239, .T. ) ;
#6572 = DIRECTION ( 'NONE',  ( 0.000000000000000000, -1.000000000000000000, 0.000000000000000000 ) ) ;
#6573 = ORIENTED_EDGE ( 'NONE', *, *, #47, .T. ) ;
#6574 = CARTESIAN_POINT ( 'NONE',  ( 0.06000000000000000472, -0.01399999999999999856, -0.01370000000000001598 ) ) ;
#6575 = LINE ( 'NONE', #4362, #1137 ) ;
#6576 = ORIENTED_EDGE ( 'NONE', *, *, #2218, .F. ) ;
#6577 = VERTEX_POINT ( 'NONE', #430 ) ;
#6578 = VECTOR ( 'NONE', #3171, 1.000000000000000000 ) ;
#6579 = VECTOR ( 'NONE', #6667, 1.000000000000000000 ) ;
#6580 = EDGE_CURVE ( 'NONE', #3172, #4616, #6636, .T. ) ;
#6581 = ADVANCED_FACE ( 'NONE', ( #2489 ), #606, .T. ) ;
#6582 = CARTESIAN_POINT ( 'NONE',  ( -0.01600000000000000033, 0.1059999999999999831, 0.000000000000000000 ) ) ;
#6583 = ORIENTED_EDGE ( 'NONE', *, *, #1349, .T. ) ;
#6584 = DIRECTION ( 'NONE',  ( -2.312964634635742957E-16, 0.000000000000000000, 1.000000000000000000 ) ) ;
#6585 = DIRECTION ( 'NONE',  ( -0.000000000000000000, -1.000000000000000000, -0.000000000000000000 ) ) ;
#6586 = AXIS2_PLACEMENT_3D ( 'NONE', #4435, #737, #5569 ) ;
#6587 = CARTESIAN_POINT ( 'NONE',  ( -0.05000000000000000278, -0.04298864926096757771, -0.05895034905577770101 ) ) ;
#6588 = EDGE_CURVE ( 'NONE', #4644, #5171, #2037, .T. ) ;
#6589 = VECTOR ( 'NONE', #523, 1.000000000000000000 ) ;
#6590 = DIRECTION ( 'NONE',  ( 0.000000000000000000, -0.000000000000000000, -1.000000000000000000 ) ) ;
#6591 = FACE_OUTER_BOUND ( 'NONE', #1408, .T. ) ;
#6592 = ADVANCED_FACE ( 'NONE', ( #6795 ), #2110, .F. ) ;
#6593 = ORIENTED_EDGE ( 'NONE', *, *, #6580, .F. ) ;
#6594 = CARTESIAN_POINT ( 'NONE',  ( 0.06000000000000000472, 0.004296149561436859651, -0.009065587432989727357 ) ) ;
#6595 = CARTESIAN_POINT ( 'NONE',  ( -0.05000000000000000278, 0.04796257807826605213, -0.06495034905577770634 ) ) ;
#6596 = ORIENTED_EDGE ( 'NONE', *, *, #2180, .F. ) ;
#6597 = VECTOR ( 'NONE', #854, 1.000000000000000000 ) ;
#6598 = DESIGN_CONTEXT ( 'detailed design', #1959, 'design' ) ;
#6599 = PLANE ( 'NONE',  #4443 ) ;
#6600 = ORIENTED_EDGE ( 'NONE', *, *, #2843, .F. ) ;
#6601 = VECTOR ( 'NONE', #3108, 1.000000000000000000 ) ;
#6602 = CARTESIAN_POINT ( 'NONE',  ( 0.01399999999999999856, 0.1059999999999999831, -0.001000000000000000888 ) ) ;
#6603 = DIRECTION ( 'NONE',  ( 0.000000000000000000, 1.000000000000000000, 0.000000000000000000 ) ) ;
#6604 = CARTESIAN_POINT ( 'NONE',  ( 0.02999999999999998848, 0.02299999999999999961, 0.007000000000000000146 ) ) ;
#6605 = DIRECTION ( 'NONE',  ( 1.734723475976811630E-15, -1.000000000000000000, 0.000000000000000000 ) ) ;
#6606 = ORIENTED_EDGE ( 'NONE', *, *, #2261, .T. ) ;
#6607 = AXIS2_PLACEMENT_3D ( 'NONE', #1751, #4897, #2207 ) ;
#6608 = DIRECTION ( 'NONE',  ( 0.000000000000000000, -1.000000000000000000, 0.000000000000000000 ) ) ;
#6609 = FACE_BOUND ( 'NONE', #3033, .T. ) ;
#6610 = CARTESIAN_POINT ( 'NONE',  ( 0.01499999999999999944, 0.1099999999999999867, -0.02199999999999999872 ) ) ;
#6611 = CARTESIAN_POINT ( 'NONE',  ( -0.005000000000000066024, 0.04549999999999999878, 0.000000000000000000 ) ) ;
#6612 = EDGE_CURVE ( 'NONE', #3653, #4871, #1605, .T. ) ;
#6613 = CARTESIAN_POINT ( 'NONE',  ( -0.01000000000000000021, -0.09499999999999998723, -0.01500000000000000291 ) ) ;
#6614 = ORIENTED_EDGE ( 'NONE', *, *, #478, .T. ) ;
#6615 = EDGE_LOOP ( 'NONE', ( #6205, #6301 ) ) ;
#6616 = CARTESIAN_POINT ( 'NONE',  ( 0.05000000000000000971, 0.09200000000000001232, -0.003000000000000000062 ) ) ;
#6617 = VERTEX_POINT ( 'NONE', #3634 ) ;
#6618 = AXIS2_PLACEMENT_3D ( 'NONE', #3100, #4210, #6256 ) ;
#6619 = CARTESIAN_POINT ( 'NONE',  ( -0.01050000000000000239, 0.09024999999999998301, 0.000000000000000000 ) ) ;
#6620 = AXIS2_PLACEMENT_3D ( 'NONE', #2062, #2966, #1958 ) ;
#6621 = CARTESIAN_POINT ( 'NONE',  ( 0.01563900294291058549, 0.1099999999999999867, -0.02396715050892726101 ) ) ;
#6622 = EDGE_CURVE ( 'NONE', #2393, #625, #1965, .T. ) ;
#6623 = EDGE_CURVE ( 'NONE', #3389, #2625, #2074, .T. ) ;
#6624 = CARTESIAN_POINT ( 'NONE',  ( -0.04200000000000000261, -0.04298864926096757771, -0.06695034905577768036 ) ) ;
#6625 = AXIS2_PLACEMENT_3D ( 'NONE', #6393, #5905, #4308 ) ;
#6626 = B_SPLINE_CURVE_WITH_KNOTS ( 'NONE', 3,
 ( #302, #6810, #2013, #6220, #443, #3611 ),
 .UNSPECIFIED., .F., .F.,
 ( 4, 2, 4 ),
 ( 0.000000000000000000, 0.0006858637450883511410, 0.001371727490176702282 ),
 .UNSPECIFIED. ) ;
#6627 = DIRECTION ( 'NONE',  ( 1.000000000000000000, -1.387778780781445676E-14, 0.000000000000000000 ) ) ;
#6628 = CYLINDRICAL_SURFACE ( 'NONE', #5561, 0.001299999999999999073 ) ;
#6629 = EDGE_CURVE ( 'NONE', #3821, #4436, #4084, .T. ) ;
#6630 = EDGE_CURVE ( 'NONE', #3303, #5300, #6903, .T. ) ;
#6631 = ORIENTED_EDGE ( 'NONE', *, *, #3228, .T. ) ;
#6632 = LINE ( 'NONE', #1836, #6764 ) ;
#6633 = CARTESIAN_POINT ( 'NONE',  ( 0.02899999999999998759, -0.02299999999999997186, 0.007000000000000000146 ) ) ;
#6634 = ORIENTED_EDGE ( 'NONE', *, *, #6403, .F. ) ;
#6635 = CARTESIAN_POINT ( 'NONE',  ( -0.04200000000000000261, 0.04796257807826604519, -0.06695034905577770812 ) ) ;
#6636 = CIRCLE ( 'NONE', #6413, 0.001000000000000000238 ) ;
#6637 = DIRECTION ( 'NONE',  ( 0.000000000000000000, 0.000000000000000000, -1.000000000000000000 ) ) ;
#6638 = DIRECTION ( 'NONE',  ( -1.000000000000000000, -0.000000000000000000, -0.000000000000000000 ) ) ;
#6639 = CARTESIAN_POINT ( 'NONE',  ( 0.02299999999999999961, 0.04099999999999999478, 0.000000000000000000 ) ) ;
#6640 = DIRECTION ( 'NONE',  ( 0.000000000000000000, 0.000000000000000000, 1.000000000000000000 ) ) ;
#6641 = VECTOR ( 'NONE', #3736, 1.000000000000000000 ) ;
#6642 = VERTEX_POINT ( 'NONE', #360 ) ;
#6643 = CARTESIAN_POINT ( 'NONE',  ( 0.04999999999999999584, 0.04796257807826604519, 0.007000000000000000146 ) ) ;
#6644 = DIRECTION ( 'NONE',  ( -1.000000000000000000, -0.000000000000000000, -0.000000000000000000 ) ) ;
#6645 = CARTESIAN_POINT ( 'NONE',  ( 0.02000000000000000042, -0.03200000000000001454, 0.000000000000000000 ) ) ;
#6646 = CARTESIAN_POINT ( 'NONE',  ( -0.02000000000000000042, -0.03200000000000001454, -0.008999999999999999320 ) ) ;
#6647 = CARTESIAN_POINT ( 'NONE',  ( -0.06000000000000000472, 0.003500000000000003542, -0.02000000000000001082 ) ) ;
#6648 = VECTOR ( 'NONE', #5236, 1.000000000000000000 ) ;
#6649 = VERTEX_POINT ( 'NONE', #4716 ) ;
#6650 = ORIENTED_EDGE ( 'NONE', *, *, #342, .F. ) ;
#6651 = CARTESIAN_POINT ( 'NONE',  ( 0.02999999999999999542, 0.01104832204050208884, 0.000000000000000000 ) ) ;
#6652 = ORIENTED_EDGE ( 'NONE', *, *, #762, .F. ) ;
#6653 = CARTESIAN_POINT ( 'NONE',  ( 0.02575000000000000205, 0.1020000000000000073, 0.009000000000000001055 ) ) ;
#6654 = VECTOR ( 'NONE', #1827, 1.000000000000000000 ) ;
#6655 = CARTESIAN_POINT ( 'NONE',  ( 0.05000000000000000278, 0.03996257807826604502, 0.007000000000000000146 ) ) ;
#6656 = CARTESIAN_POINT ( 'NONE',  ( 0.004999999999999928980, 0.04549999999999997102, 0.007000000000000000146 ) ) ;
#6657 = ADVANCED_FACE ( 'NONE', ( #3528 ), #1999, .T. ) ;
#6658 = DIRECTION ( 'NONE',  ( 0.000000000000000000, -1.000000000000000000, 0.000000000000000000 ) ) ;
#6659 = EDGE_CURVE ( 'NONE', #1614, #3088, #5753, .T. ) ;
#6660 = DIRECTION ( 'NONE',  ( 0.000000000000000000, 1.000000000000000000, 0.000000000000000000 ) ) ;
#6661 = CARTESIAN_POINT ( 'NONE',  ( -0.01650000000000261327, 0.1048449544714222109, -0.02305328441917788712 ) ) ;
#6662 = EDGE_LOOP ( 'NONE', ( #2426, #2043 ) ) ;
#6663 = DIRECTION ( 'NONE',  ( 0.000000000000000000, 0.000000000000000000, 1.000000000000000000 ) ) ;
#6664 = CARTESIAN_POINT ( 'NONE',  ( -0.02299999999999999961, 0.03799999999999999212, -0.008999999999999999320 ) ) ;
#6665 = EDGE_LOOP ( 'NONE', ( #5341, #563, #6056, #489 ) ) ;
#6666 = EDGE_CURVE ( 'NONE', #5758, #3225, #2593, .T. ) ;
#6667 = DIRECTION ( 'NONE',  ( -0.000000000000000000, -0.000000000000000000, 1.000000000000000000 ) ) ;
#6668 = DIRECTION ( 'NONE',  ( -0.000000000000000000, -0.000000000000000000, -1.000000000000000000 ) ) ;
#6669 = DIRECTION ( 'NONE',  ( 0.000000000000000000, 0.000000000000000000, -1.000000000000000000 ) ) ;
#6670 = DIRECTION ( 'NONE',  ( 1.000000000000000000, 0.000000000000000000, 0.000000000000000000 ) ) ;
#6671 = DIRECTION ( 'NONE',  ( -1.000000000000000000, 0.000000000000000000, 0.000000000000000000 ) ) ;
#6672 = EDGE_LOOP ( 'NONE', ( #2454, #1165, #1192, #5688 ) ) ;
#6673 = VECTOR ( 'NONE', #2017, 1.000000000000000000 ) ;
#6674 = EDGE_CURVE ( 'NONE', #5705, #5350, #6867, .T. ) ;
#6675 = PLANE ( 'NONE',  #4916 ) ;
#6676 = VECTOR ( 'NONE', #2792, 1.000000000000000000 ) ;
#6677 = CARTESIAN_POINT ( 'NONE',  ( 0.000000000000000000, -0.03500000000000001721, -0.01200000000000000025 ) ) ;
#6678 = FACE_OUTER_BOUND ( 'NONE', #2024, .T. ) ;
#6679 = LINE ( 'NONE', #1296, #6899 ) ;
#6680 = VERTEX_POINT ( 'NONE', #3598 ) ;
#6681 = ORIENTED_EDGE ( 'NONE', *, *, #6198, .T. ) ;
#6682 = CARTESIAN_POINT ( 'NONE',  ( -0.01300000000000000461, -0.09499999999999998723, -0.02500000000000000139 ) ) ;
#6683 = EDGE_LOOP ( 'NONE', ( #4933, #1297, #6102, #919 ) ) ;
#6684 = PLANE ( 'NONE',  #4404 ) ;
#6685 = DIRECTION ( 'NONE',  ( -1.000000000000000000, 0.000000000000000000, 0.000000000000000000 ) ) ;
#6686 = CARTESIAN_POINT ( 'NONE',  ( -0.01536994392277366700, 0.1045428611430424537, -0.02400000000000000050 ) ) ;
#6687 = ORIENTED_EDGE ( 'NONE', *, *, #4306, .F. ) ;
#6688 = CARTESIAN_POINT ( 'NONE',  ( -0.008430338243672425014, -0.1049999999999999961, -0.009294206067218903355 ) ) ;
#6689 = CARTESIAN_POINT ( 'NONE',  ( 0.01399999999999999856, 0.1045428611430424537, -0.02392491604476003342 ) ) ;
#6690 = DIRECTION ( 'NONE',  ( 1.000000000000000000, 0.000000000000000000, 0.000000000000000000 ) ) ;
#6691 = ADVANCED_FACE ( 'NONE', ( #3668 ), #1027, .F. ) ;
#6692 = AXIS2_PLACEMENT_3D ( 'NONE', #3538, #333, #5621 ) ;
#6693 = EDGE_LOOP ( 'NONE', ( #4946, #2636 ) ) ;
#6694 = CARTESIAN_POINT ( 'NONE',  ( -0.01000000000000000194, 0.1129999999999999755, -0.01629999999999999852 ) ) ;
#6695 = ADVANCED_FACE ( 'NONE', ( #2891, #2148, #4904, #5322, #5402, #1692, #6481, #121, #2667, #4795, #3809, #535, #1619, #3739, #5025, #4296, #5892, #6609, #239 ), #609, .T. ) ;
#6696 = PLANE ( 'NONE',  #2130 ) ;
#6697 = ORIENTED_EDGE ( 'NONE', *, *, #801, .T. ) ;
#6698 = VECTOR ( 'NONE', #4532, 1.000000000000000000 ) ;
#6699 = DIRECTION ( 'NONE',  ( -0.000000000000000000, 0.000000000000000000, -1.000000000000000000 ) ) ;
#6700 = DIRECTION ( 'NONE',  ( 1.000000000000000000, -1.541976423090494647E-16, 0.000000000000000000 ) ) ;
#6701 = CIRCLE ( 'NONE', #2796, 0.001000000000000000888 ) ;
#6702 = VERTEX_POINT ( 'NONE', #1098 ) ;
#6703 = DIRECTION ( 'NONE',  ( 0.000000000000000000, -0.000000000000000000, -1.000000000000000000 ) ) ;
#6704 = ADVANCED_FACE ( 'NONE', ( #1587 ), #3219, .T. ) ;
#6705 = DIRECTION ( 'NONE',  ( 1.000000000000000000, -0.000000000000000000, -0.000000000000000000 ) ) ;
#6706 = AXIS2_PLACEMENT_3D ( 'NONE', #2912, #1282, #4515 ) ;
#6707 = ADVANCED_FACE ( 'NONE', ( #1169 ), #4227, .T. ) ;
#6708 = ORIENTED_EDGE ( 'NONE', *, *, #2428, .F. ) ;
#6709 = DIRECTION ( 'NONE',  ( -0.2499999999999951150, 0.000000000000000000, 0.9682458365518554766 ) ) ;
#6710 = CARTESIAN_POINT ( 'NONE',  ( -0.01550000000000000683, 0.1035428611430424528, -0.02299999999999999961 ) ) ;
#6711 = DIRECTION ( 'NONE',  ( 0.000000000000000000, 1.000000000000000000, -0.000000000000000000 ) ) ;
#6712 = VECTOR ( 'NONE', #2256, 1.000000000000000000 ) ;
#6713 = DIRECTION ( 'NONE',  ( 0.000000000000000000, -1.000000000000000000, 0.000000000000000000 ) ) ;
#6714 = EDGE_CURVE ( 'NONE', #969, #3261, #1815, .T. ) ;
#6715 = VERTEX_POINT ( 'NONE', #573 ) ;
#6716 = VERTEX_POINT ( 'NONE', #2774 ) ;
#6717 = CYLINDRICAL_SURFACE ( 'NONE', #557, 0.001000000000000000888 ) ;
#6718 = ADVANCED_FACE ( 'NONE', ( #2705 ), #3292, .F. ) ;
#6719 = EDGE_LOOP ( 'NONE', ( #4060, #3844, #1618, #2030 ) ) ;
#6720 = DIRECTION ( 'NONE',  ( -1.000000000000000000, 0.000000000000000000, 0.000000000000000000 ) ) ;
#6721 = CARTESIAN_POINT ( 'NONE',  ( 0.003499999999999994001, 0.09349999999999999978, 0.000000000000000000 ) ) ;
#6722 = CARTESIAN_POINT ( 'NONE',  ( 0.01423555907763906191, 0.1042714305715212314, -0.02296245802238001607 ) ) ;
#6723 = ORIENTED_EDGE ( 'NONE', *, *, #2584, .F. ) ;
#6724 = DIRECTION ( 'NONE',  ( -0.000000000000000000, 0.000000000000000000, -1.000000000000000000 ) ) ;
#6725 = VERTEX_POINT ( 'NONE', #52 ) ;
#6726 = DIRECTION ( 'NONE',  ( 0.000000000000000000, 0.000000000000000000, 1.000000000000000000 ) ) ;
#6727 = LINE ( 'NONE', #884, #2427 ) ;
#6728 = VECTOR ( 'NONE', #2724, 1.000000000000000000 ) ;
#6729 = ORIENTED_EDGE ( 'NONE', *, *, #5501, .T. ) ;
#6730 = LINE ( 'NONE', #887, #4177 ) ;
#6731 = LINE ( 'NONE', #6836, #5592 ) ;
#6732 = ORIENTED_EDGE ( 'NONE', *, *, #3689, .F. ) ;
#6733 = EDGE_CURVE ( 'NONE', #109, #5583, #1657, .T. ) ;
#6734 = FACE_BOUND ( 'NONE', #5708, .T. ) ;
#6735 = EDGE_CURVE ( 'NONE', #915, #5875, #645, .T. ) ;
#6736 = CARTESIAN_POINT ( 'NONE',  ( 0.02375000000000000028, 0.1110000000000000014, 0.007000000000000000146 ) ) ;
#6737 = ORIENTED_EDGE ( 'NONE', *, *, #4047, .F. ) ;
#6738 = DIRECTION ( 'NONE',  ( 1.000000000000000000, 0.000000000000000000, 0.000000000000000000 ) ) ;
#6739 = DIRECTION ( 'NONE',  ( -1.000000000000000000, 0.000000000000000000, -0.000000000000000000 ) ) ;
#6740 = ADVANCED_FACE ( 'NONE', ( #5858 ), #4872, .F. ) ;
#6741 = EDGE_LOOP ( 'NONE', ( #2896, #2663 ) ) ;
#6742 = AXIS2_PLACEMENT_3D ( 'NONE', #3083, #2560, #2526 ) ;
#6743 = FACE_OUTER_BOUND ( 'NONE', #4686, .T. ) ;
#6744 = EDGE_CURVE ( 'NONE', #5241, #6408, #1061, .T. ) ;
#6745 = CARTESIAN_POINT ( 'NONE',  ( -0.05000000000000000971, 0.000000000000000000, 0.000000000000000000 ) ) ;
#6746 = ORGANIZATION ( 'UNSPECIFIED', 'UNSPECIFIED', '' ) ;
#6747 = CARTESIAN_POINT ( 'NONE',  ( -0.03099999999999999631, -0.02299999999999997186, 0.000000000000000000 ) ) ;
#6748 = DIRECTION ( 'NONE',  ( 1.000000000000000000, 1.541976423090494647E-16, -0.000000000000000000 ) ) ;
#6749 = ORIENTED_EDGE ( 'NONE', *, *, #4609, .F. ) ;
#6750 = ORIENTED_EDGE ( 'NONE', *, *, #3484, .T. ) ;
#6751 = DIRECTION ( 'NONE',  ( -0.000000000000000000, -1.000000000000000000, -0.000000000000000000 ) ) ;
#6752 = EDGE_CURVE ( 'NONE', #1935, #4092, #268, .T. ) ;
#6753 = VERTEX_POINT ( 'NONE', #6125 ) ;
#6754 = ADVANCED_FACE ( 'NONE', ( #3966 ), #794, .F. ) ;
#6755 = CARTESIAN_POINT ( 'NONE',  ( 0.02999999999999998848, -0.02299999999999997186, 0.007000000000000000146 ) ) ;
#6756 = DIRECTION ( 'NONE',  ( -0.000000000000000000, -0.000000000000000000, -1.000000000000000000 ) ) ;
#6757 = LINE ( 'NONE', #2415, #1782 ) ;
#6758 = ORIENTED_EDGE ( 'NONE', *, *, #3667, .T. ) ;
#6759 = AXIS2_PLACEMENT_3D ( 'NONE', #6384, #5863, #1065 ) ;
#6760 = VERTEX_POINT ( 'NONE', #5596 ) ;
#6761 = CARTESIAN_POINT ( 'NONE',  ( -0.01600000000000000033, 0.1049999999999999822, 0.000000000000000000 ) ) ;
#6762 = DIRECTION ( 'NONE',  ( 0.000000000000000000, 0.000000000000000000, -1.000000000000000000 ) ) ;
#6763 = EDGE_LOOP ( 'NONE', ( #2808, #3376, #4749, #5411 ) ) ;
#6764 = VECTOR ( 'NONE', #2359, 1.000000000000000000 ) ;
#6765 = PLANE ( 'NONE',  #1186 ) ;
#6766 = CARTESIAN_POINT ( 'NONE',  ( -0.03099999999999999631, 0.02299999999999999961, 0.007000000000000000146 ) ) ;
#6767 = ORIENTED_EDGE ( 'NONE', *, *, #2234, .T. ) ;
#6768 = LINE ( 'NONE', #1972, #997 ) ;
#6769 = DIRECTION ( 'NONE',  ( 1.000000000000000000, -0.000000000000000000, -0.000000000000000000 ) ) ;
#6770 = ORIENTED_EDGE ( 'NONE', *, *, #341, .T. ) ;
#6771 = LINE ( 'NONE', #5266, #1712 ) ;
#6772 = CARTESIAN_POINT ( 'NONE',  ( 0.05699999999999999512, 0.04796257807826604519, 0.007000000000000000146 ) ) ;
#6773 = VERTEX_POINT ( 'NONE', #1323 ) ;
#6774 = DIRECTION ( 'NONE',  ( -0.000000000000000000, -0.000000000000000000, 1.000000000000000000 ) ) ;
#6775 = DIRECTION ( 'NONE',  ( -1.000000000000000000, 0.000000000000000000, 0.000000000000000000 ) ) ;
#6776 = AXIS2_PLACEMENT_3D ( 'NONE', #4693, #373, #4167 ) ;
#6777 = DIRECTION ( 'NONE',  ( 0.000000000000000000, 0.000000000000000000, 1.000000000000000000 ) ) ;
#6778 = CARTESIAN_POINT ( 'NONE',  ( 0.01106950147145528696, 0.1062714305715211499, -0.02099999999999999784 ) ) ;
#6779 = ORIENTED_EDGE ( 'NONE', *, *, #3180, .F. ) ;
#6780 = EDGE_LOOP ( 'NONE', ( #1060, #2115, #5609, #6546 ) ) ;
#6781 = EDGE_CURVE ( 'NONE', #4200, #4981, #2371, .T. ) ;
#6782 = AXIS2_PLACEMENT_3D ( 'NONE', #3574, #4618, #3054 ) ;
#6783 = VECTOR ( 'NONE', #2959, 1.000000000000000000 ) ;
#6784 = CARTESIAN_POINT ( 'NONE',  ( -0.05000000000000000278, -0.01149999999999999634, -0.01000000000000001235 ) ) ;
#6785 = VERTEX_POINT ( 'NONE', #1851 ) ;
#6786 = DIRECTION ( 'NONE',  ( -0.000000000000000000, 1.000000000000000000, -0.000000000000000000 ) ) ;
#6787 = DIRECTION ( 'NONE',  ( -1.000000000000000000, 0.000000000000000000, 0.000000000000000000 ) ) ;
#6788 = VECTOR ( 'NONE', #6668, 1.000000000000000000 ) ;
#6789 = CARTESIAN_POINT ( 'NONE',  ( -0.05000000000000000278, 0.003500000000000003109, -0.01000000000000000888 ) ) ;
#6790 = ORIENTED_EDGE ( 'NONE', *, *, #3051, .F. ) ;
#6791 = ORIENTED_EDGE ( 'NONE', *, *, #2057, .F. ) ;
#6792 = EDGE_CURVE ( 'NONE', #2390, #5667, #3217, .T. ) ;
#6793 = EDGE_CURVE ( 'NONE', #531, #4413, #5293, .T. ) ;
#6794 = ORIENTED_EDGE ( 'NONE', *, *, #1780, .F. ) ;
#6795 = FACE_OUTER_BOUND ( 'NONE', #4659, .T. ) ;
#6796 = DIRECTION ( 'NONE',  ( 0.000000000000000000, 0.000000000000000000, -1.000000000000000000 ) ) ;
#6797 = ORIENTED_EDGE ( 'NONE', *, *, #4251, .T. ) ;
#6798 = CARTESIAN_POINT ( 'NONE',  ( -0.02999999999999999542, 0.02299999999999999961, 0.000000000000000000 ) ) ;
#6799 = LINE ( 'NONE', #1970, #898 ) ;
#6800 = ADVANCED_FACE ( 'NONE', ( #1025 ), #4294, .F. ) ;
#6801 = ORIENTED_EDGE ( 'NONE', *, *, #1989, .F. ) ;
#6802 = AXIS2_PLACEMENT_3D ( 'NONE', #1839, #6182, #6148 ) ;
#6803 = CARTESIAN_POINT ( 'NONE',  ( -0.01550000000000000856, 0.1046771243444677008, -0.02400000000000000050 ) ) ;
#6804 = B_SPLINE_CURVE_WITH_KNOTS ( 'NONE', 3,
 ( #5040, #2935, #5075, #287, #1761, #3395 ),
 .UNSPECIFIED., .F., .F.,
 ( 4, 2, 4 ),
 ( 0.000000000000000000, 0.0005733124022280930389, 0.001146624804456186078 ),
 .UNSPECIFIED. ) ;
#6805 = EDGE_CURVE ( 'NONE', #6515, #3400, #1617, .T. ) ;
#6806 = CARTESIAN_POINT ( 'NONE',  ( -0.02000000000000000042, -0.03200000000000001454, 0.007000000000000000146 ) ) ;
#6807 = ORIENTED_EDGE ( 'NONE', *, *, #3530, .T. ) ;
#6808 = FACE_OUTER_BOUND ( 'NONE', #4326, .T. ) ;
#6809 = VECTOR ( 'NONE', #3363, 1.000000000000000000 ) ;
#6810 = CARTESIAN_POINT ( 'NONE',  ( 0.01514107935671443576, 0.1035428611430424528, -0.02399999999999999703 ) ) ;
#6811 = ORIENTED_EDGE ( 'NONE', *, *, #5351, .T. ) ;
#6812 = CARTESIAN_POINT ( 'NONE',  ( 0.007500000000000000590, 0.1129999999999999755, -0.02000000000000000042 ) ) ;
#6813 = DIRECTION ( 'NONE',  ( -0.000000000000000000, 0.000000000000000000, 1.000000000000000000 ) ) ;
#6814 = DIRECTION ( 'NONE',  ( 0.000000000000000000, 0.000000000000000000, 1.000000000000000000 ) ) ;
#6815 = DIRECTION ( 'NONE',  ( 1.000000000000000000, 0.000000000000000000, 0.000000000000000000 ) ) ;
#6816 = EDGE_LOOP ( 'NONE', ( #4178, #4600, #2402, #1914 ) ) ;
#6817 = ORIENTED_EDGE ( 'NONE', *, *, #3618, .F. ) ;
#6818 = CARTESIAN_POINT ( 'NONE',  ( 0.01000000000000000021, -0.09999999999999999167, -0.01500000000000000638 ) ) ;
#6819 = EDGE_LOOP ( 'NONE', ( #2990, #4694 ) ) ;
#6820 = CARTESIAN_POINT ( 'NONE',  ( 0.000000000000000000, 0.1099999999999999867, 0.000000000000000000 ) ) ;
#6821 = EDGE_CURVE ( 'NONE', #6825, #3799, #4225, .T. ) ;
#6822 = AXIS2_PLACEMENT_3D ( 'NONE', #1018, #2448, #4572 ) ;
#6823 = LINE ( 'NONE', #6298, #1577 ) ;
#6824 = CARTESIAN_POINT ( 'NONE',  ( 0.02899999999999998759, 0.02299999999999999961, 0.007000000000000000146 ) ) ;
#6825 = VERTEX_POINT ( 'NONE', #3115 ) ;
#6826 = EDGE_LOOP ( 'NONE', ( #5137, #5840, #1077, #3677 ) ) ;
#6827 = ORIENTED_EDGE ( 'NONE', *, *, #2223, .F. ) ;
#6828 = CIRCLE ( 'NONE', #906, 0.001300000000000000808 ) ;
#6829 = EDGE_LOOP ( 'NONE', ( #5958, #6794 ) ) ;
#6830 = DIRECTION ( 'NONE',  ( 1.000000000000000000, 0.000000000000000000, 0.000000000000000000 ) ) ;
#6831 = CARTESIAN_POINT ( 'NONE',  ( 0.02575000000000000205, 0.1110000000000000014, 0.009000000000000001055 ) ) ;
#6832 = EDGE_CURVE ( 'NONE', #2282, #1572, #6377, .T. ) ;
#6833 = EDGE_CURVE ( 'NONE', #735, #878, #1279, .T. ) ;
#6834 = ORIENTED_EDGE ( 'NONE', *, *, #3710, .T. ) ;
#6835 = DIRECTION ( 'NONE',  ( -1.000000000000000000, -1.541976423090494647E-16, 0.000000000000000000 ) ) ;
#6836 = CARTESIAN_POINT ( 'NONE',  ( 0.05000000000000000278, 0.03996257807826605196, -0.06095034905577770279 ) ) ;
#6837 = ORIENTED_EDGE ( 'NONE', *, *, #828, .T. ) ;
#6838 = CARTESIAN_POINT ( 'NONE',  ( -0.02375000000000000028, 0.1020000000000000073, 0.007000000000000000146 ) ) ;
#6839 = EDGE_CURVE ( 'NONE', #4893, #4165, #6303, .T. ) ;
#6840 = VECTOR ( 'NONE', #4621, 1.000000000000000000 ) ;
#6841 = CARTESIAN_POINT ( 'NONE',  ( 0.01568374724456636157, 0.1050131043494539201, -0.02299999999999999961 ) ) ;
#6842 = AXIS2_PLACEMENT_3D ( 'NONE', #760, #4930, #3352 ) ;
#6843 = VERTEX_POINT ( 'NONE', #988 ) ;
#6844 = DIRECTION ( 'NONE',  ( 0.000000000000000000, 1.000000000000000000, 0.000000000000000000 ) ) ;
#6845 = PLANE ( 'NONE',  #5090 ) ;
#6846 = ORIENTED_EDGE ( 'NONE', *, *, #1008, .F. ) ;
#6847 = EDGE_CURVE ( 'NONE', #1475, #993, #2665, .T. ) ;
#6848 = VECTOR ( 'NONE', #3197, 1.000000000000000000 ) ;
#6849 = CARTESIAN_POINT ( 'NONE',  ( -0.01600000000000000033, 0.1089999999999999858, -0.001000000000000000888 ) ) ;
#6850 = CARTESIAN_POINT ( 'NONE',  ( -0.007499999999999999722, -0.1049999999999999961, -0.02000000000000000389 ) ) ;
#6851 = DIRECTION ( 'NONE',  ( 1.000000000000000000, 0.000000000000000000, 0.000000000000000000 ) ) ;
#6852 = DIRECTION ( 'NONE',  ( 0.000000000000000000, 0.000000000000000000, -1.000000000000000000 ) ) ;
#6853 = AXIS2_PLACEMENT_3D ( 'NONE', #324, #776, #2938 ) ;
#6854 = EDGE_LOOP ( 'NONE', ( #99, #2211, #1536, #2179 ) ) ;
#6855 = FACE_OUTER_BOUND ( 'NONE', #4794, .T. ) ;
#6856 = EDGE_LOOP ( 'NONE', ( #5314, #3255, #602, #3569 ) ) ;
#6857 = DIRECTION ( 'NONE',  ( -0.000000000000000000, 0.000000000000000000, 1.000000000000000000 ) ) ;
#6858 = VECTOR ( 'NONE', #6108, 1.000000000000000000 ) ;
#6859 = CARTESIAN_POINT ( 'NONE',  ( 0.01563900294291058549, 0.1089999999999999858, -0.02396715050892726101 ) ) ;
#6860 = DIRECTION ( 'NONE',  ( 0.000000000000000000, 0.000000000000000000, 1.000000000000000000 ) ) ;
#6861 = EDGE_LOOP ( 'NONE', ( #2182, #3320, #5685, #6512 ) ) ;
#6862 = ORIENTED_EDGE ( 'NONE', *, *, #2188, .F. ) ;
#6863 = ORIENTED_EDGE ( 'NONE', *, *, #4857, .F. ) ;
#6864 = VECTOR ( 'NONE', #6644, 1.000000000000000000 ) ;
#6865 = LINE ( 'NONE', #3149, #612 ) ;
#6866 = ORIENTED_EDGE ( 'NONE', *, *, #2767, .F. ) ;
#6867 = LINE ( 'NONE', #883, #5067 ) ;
#6868 = CARTESIAN_POINT ( 'NONE',  ( 0.000000000000000000, -0.04298864926096757771, 0.000000000000000000 ) ) ;
#6869 = EDGE_CURVE ( 'NONE', #1801, #531, #5286, .T. ) ;
#6870 = DIRECTION ( 'NONE',  ( 0.000000000000000000, 0.000000000000000000, 1.000000000000000000 ) ) ;
#6871 = PLANE ( 'NONE',  #4407 ) ;
#6872 = DIRECTION ( 'NONE',  ( 0.000000000000000000, 0.000000000000000000, 1.000000000000000000 ) ) ;
#6873 = EDGE_LOOP ( 'NONE', ( #3482, #1724 ) ) ;
#6874 = AXIS2_PLACEMENT_3D ( 'NONE', #2640, #6002, #186 ) ;
#6875 = EDGE_CURVE ( 'NONE', #5778, #5785, #5683, .T. ) ;
#6876 = AXIS2_PLACEMENT_3D ( 'NONE', #3153, #5290, #2775 ) ;
#6877 = LINE ( 'NONE', #4654, #4907 ) ;
#6878 = MECHANICAL_CONTEXT ( 'NONE', #2447, 'mechanical' ) ;
#6879 = DIRECTION ( 'NONE',  ( 0.000000000000000000, 1.000000000000000000, -0.000000000000000000 ) ) ;
#6880 = CIRCLE ( 'NONE', #4624, 0.001500000000000000465 ) ;
#6881 = ORIENTED_EDGE ( 'NONE', *, *, #6456, .F. ) ;
#6882 = PLANE ( 'NONE',  #3591 ) ;
#6883 = DIRECTION ( 'NONE',  ( 0.000000000000000000, 0.000000000000000000, -1.000000000000000000 ) ) ;
#6884 = ORIENTED_EDGE ( 'NONE', *, *, #6226, .F. ) ;
#6885 = EDGE_CURVE ( 'NONE', #4895, #4423, #6338, .T. ) ;
#6886 = DIRECTION ( 'NONE',  ( 0.000000000000000000, 1.000000000000000000, 0.000000000000000000 ) ) ;
#6887 = EDGE_LOOP ( 'NONE', ( #393, #3203 ) ) ;
#6888 = VECTOR ( 'NONE', #1913, 1.000000000000000000 ) ;
#6889 = DIRECTION ( 'NONE',  ( 0.000000000000000000, 0.000000000000000000, -1.000000000000000000 ) ) ;
#6890 = CARTESIAN_POINT ( 'NONE',  ( 0.02375000000000000028, 0.1110000000000000014, 0.009000000000000001055 ) ) ;
#6891 = DIRECTION ( 'NONE',  ( 0.000000000000000000, -0.000000000000000000, 1.000000000000000000 ) ) ;
#6892 = EDGE_LOOP ( 'NONE', ( #3600, #1847 ) ) ;
#6893 = DIRECTION ( 'NONE',  ( -1.000000000000000000, 0.000000000000000000, 0.000000000000000000 ) ) ;
#6894 = ORIENTED_EDGE ( 'NONE', *, *, #4780, .F. ) ;
#6895 = CARTESIAN_POINT ( 'NONE',  ( 0.04200000000000000261, -0.04303742192173399400, -0.06095034905577770279 ) ) ;
#6896 = DIRECTION ( 'NONE',  ( 0.000000000000000000, 0.000000000000000000, 1.000000000000000000 ) ) ;
#6897 = CARTESIAN_POINT ( 'NONE',  ( 0.007500000000000000590, 0.1129999999999999755, -0.009999999999999996739 ) ) ;
#6898 = VECTOR ( 'NONE', #6052, 1.000000000000000000 ) ;
#6899 = VECTOR ( 'NONE', #4002, 1.000000000000000000 ) ;
#6900 = ORIENTED_EDGE ( 'NONE', *, *, #5555, .F. ) ;
#6901 = ORIENTED_EDGE ( 'NONE', *, *, #4785, .F. ) ;
#6902 = EDGE_LOOP ( 'NONE', ( #6593, #3388 ) ) ;
#6903 =( BOUNDED_CURVE ( )  B_SPLINE_CURVE ( 3, ( #1444, #1409, #991, #4645 ),
 .UNSPECIFIED., .F., .F. ) 
 B_SPLINE_CURVE_WITH_KNOTS ( ( 4, 4 ),
 ( 1.570796326794896558, 3.141592653589793116 ),
 .UNSPECIFIED. ) 
 CURVE ( )  GEOMETRIC_REPRESENTATION_ITEM ( )  RATIONAL_B_SPLINE_CURVE ( ( 1.000000000000000000, 0.8047378541243649375, 0.8047378541243649375, 1.000000000000000000 ) ) 
 REPRESENTATION_ITEM ( '' )  );
#6904 = DIRECTION ( 'NONE',  ( -1.000000000000000000, -0.000000000000000000, -0.000000000000000000 ) ) ;
#6905 = AXIS2_PLACEMENT_3D ( 'NONE', #5903, #3230, #3090 ) ;
#6906 = ORIENTED_EDGE ( 'NONE', *, *, #5800, .F. ) ;
#6907 = DIRECTION ( 'NONE',  ( 0.000000000000000000, 1.000000000000000000, 0.000000000000000000 ) ) ;
#6908 = DIRECTION ( 'NONE',  ( -0.000000000000000000, 1.000000000000000000, -0.000000000000000000 ) ) ;
#6909 = CIRCLE ( 'NONE', #1209, 0.001299999999999999073 ) ;
#6910 = ORIENTED_EDGE ( 'NONE', *, *, #1832, .F. ) ;
#6911 = LINE ( 'NONE', #2114, #5192 ) ;
#6912 = ORIENTED_EDGE ( 'NONE', *, *, #370, .T. ) ;
#6913 = EDGE_CURVE ( 'NONE', #5604, #109, #3665, .T. ) ;
#6914 = LINE ( 'NONE', #5865, #663 ) ;
#6915 = DATE_AND_TIME ( #4765, #3718 ) ;
#6916 = LINE ( 'NONE', #3607, #4768 ) ;
#6917 = EDGE_CURVE ( 'NONE', #2523, #2865, #6865, .T. ) ;
#6918 = DIRECTION ( 'NONE',  ( -1.000000000000000000, 0.000000000000000000, 0.000000000000000000 ) ) ;
#6919 = EDGE_LOOP ( 'NONE', ( #1129, #871, #6429, #3273 ) ) ;
#6920 = CARTESIAN_POINT ( 'NONE',  ( 0.01049999999999999892, 0.04874999999999998085, 0.000000000000000000 ) ) ;
#6921 = CARTESIAN_POINT ( 'NONE',  ( -0.01093049852854471177, 0.1062714305715212193, -0.02099999999999999784 ) ) ;
#6922 = AXIS2_PLACEMENT_3D ( 'NONE', #4892, #6432, #1119 ) ;
#6923 = AXIS2_PLACEMENT_3D ( 'NONE', #5518, #6499, #4415 ) ;
#6924 = DIRECTION ( 'NONE',  ( -0.000000000000000000, 0.000000000000000000, 1.000000000000000000 ) ) ;
#6925 = VERTEX_POINT ( 'NONE', #2145 ) ;
#6926 = CARTESIAN_POINT ( 'NONE',  ( 0.04999999999999999584, -0.09999999999999999167, 0.007000000000000000146 ) ) ;
#6927 = ADVANCED_FACE ( 'NONE', ( #3769 ), #4262, .F. ) ;
#6928 = EDGE_CURVE ( 'NONE', #3808, #3342, #1131, .T. ) ;
#6929 = CARTESIAN_POINT ( 'NONE',  ( 0.04999999999999999584, -0.09999999999999999167, 0.007000000000000000146 ) ) ;
#6930 = DIRECTION ( 'NONE',  ( 0.000000000000000000, 0.000000000000000000, 1.000000000000000000 ) ) ;
#6931 = EDGE_LOOP ( 'NONE', ( #3432, #1456, #4591, #5448 ) ) ;
#6932 = VECTOR ( 'NONE', #3798, 1.000000000000000000 ) ;
#6933 = FACE_OUTER_BOUND ( 'NONE', #3306, .T. ) ;
#6934 = ORIENTED_EDGE ( 'NONE', *, *, #3530, .F. ) ;
ENDSEC;
END-ISO-10303-21;
