ISO-10303-21;
HEADER;
FILE_DESCRIPTION (( 'STEP AP203' ),
    '1' );
FILE_NAME ('Flange Bearing Housing.STEP',
    '2026-08-12T09:43:39',
    ( '' ),
    ( '' ),
    'SwSTEP 2.0',
    'SolidWorks 2025',
    '' );
FILE_SCHEMA (( 'CONFIG_CONTROL_DESIGN' ));
ENDSEC;

DATA;
#1 = ORIENTED_EDGE ( 'NONE', *, *, #728, .F. ) ;
#2 = EDGE_CURVE ( 'NONE', #1072, #456, #1129, .T. ) ;
#3 = LINE ( 'NONE', #1184, #1334 ) ;
#4 = ORIENTED_EDGE ( 'NONE', *, *, #667, .F. ) ;
#5 = EDGE_CURVE ( 'NONE', #82, #489, #378, .T. ) ;
#6 = EDGE_CURVE ( 'NONE', #489, #82, #1280, .T. ) ;
#7 = DIRECTION ( 'NONE',  ( 0.000000000000000000, 0.000000000000000000, 1.000000000000000000 ) ) ;
#8 = AXIS2_PLACEMENT_3D ( 'NONE', #977, #220, #1375 ) ;
#9 = DIRECTION ( 'NONE',  ( -1.000000000000000000, 0.000000000000000000, -2.392722035830078479E-16 ) ) ;
#10 = AXIS2_PLACEMENT_3D ( 'NONE', #861, #611, #1387 ) ;
#11 = VECTOR ( 'NONE', #440, 1000.000000000000000 ) ;
#12 = PLANE ( 'NONE',  #1354 ) ;
#13 = CIRCLE ( 'NONE', #1657, 0.5000000000000004441 ) ;
#14 = LINE ( 'NONE', #760, #634 ) ;
#15 = VERTEX_POINT ( 'NONE', #476 ) ;
#16 = AXIS2_PLACEMENT_3D ( 'NONE', #1259, #110, #1043 ) ;
#17 = DIRECTION ( 'NONE',  ( 1.000000000000000000, -1.300831432532264674E-16, -0.000000000000000000 ) ) ;
#18 = ORIENTED_EDGE ( 'NONE', *, *, #76, .F. ) ;
#19 = CARTESIAN_POINT ( 'NONE',  ( -7.484589843551773924, 7.083554288306425306, 14.50000000000000000 ) ) ;
#20 = CARTESIAN_POINT ( 'NONE',  ( -7.484589843551773924, -1.183459590056387345, 14.50000000000000000 ) ) ;
#21 = CARTESIAN_POINT ( 'NONE',  ( -7.484589843551773924, 0.000000000000000000, 0.000000000000000000 ) ) ;
#22 = VERTEX_POINT ( 'NONE', #322 ) ;
#23 = LINE ( 'NONE', #912, #1238 ) ;
#24 = ORIENTED_EDGE ( 'NONE', *, *, #1039, .T. ) ;
#25 = LINE ( 'NONE', #432, #1086 ) ;
#26 = ADVANCED_FACE ( 'NONE', ( #213 ), #1635, .F. ) ;
#27 = EDGE_LOOP ( 'NONE', ( #1180, #1231, #1236, #325 ) ) ;
#28 = ORIENTED_EDGE ( 'NONE', *, *, #419, .T. ) ;
#29 = DIRECTION ( 'NONE',  ( -1.000000000000000000, 0.000000000000000000, 0.000000000000000000 ) ) ;
#30 = DIRECTION ( 'NONE',  ( -1.000000000000000000, -0.000000000000000000, -0.000000000000000000 ) ) ;
#31 = ORIENTED_EDGE ( 'NONE', *, *, #106, .T. ) ;
#32 = DIRECTION ( 'NONE',  ( 0.000000000000000000, 0.000000000000000000, -1.000000000000000000 ) ) ;
#33 = CARTESIAN_POINT ( 'NONE',  ( -14.48458984355177570, -1.100939143281160826, -13.99999999999999645 ) ) ;
#34 = VERTEX_POINT ( 'NONE', #1223 ) ;
#35 = AXIS2_PLACEMENT_3D ( 'NONE', #924, #17, #1045 ) ;
#36 = FACE_OUTER_BOUND ( 'NONE', #649, .T. ) ;
#37 = DIRECTION ( 'NONE',  ( -1.000000000000000000, 0.000000000000000000, 0.000000000000000000 ) ) ;
#38 = VERTEX_POINT ( 'NONE', #1502 ) ;
#39 = AXIS2_PLACEMENT_3D ( 'NONE', #81, #1505, #595 ) ;
#40 = FACE_OUTER_BOUND ( 'NONE', #92, .T. ) ;
#41 = APPROVAL ( #210, 'UNSPECIFIED' ) ;
#42 = APPLICATION_CONTEXT ( 'configuration controlled 3d designs of mechanical parts and assemblies' ) ;
#43 = VERTEX_POINT ( 'NONE', #1349 ) ;
#44 = CARTESIAN_POINT ( 'NONE',  ( -14.48458984355177392, 7.083554288306425306, 14.00000000000000000 ) ) ;
#45 = CARTESIAN_POINT ( 'NONE',  ( -14.48458984355177392, 6.583554288306425306, 14.50000000000000000 ) ) ;
#46 = ORIENTED_EDGE ( 'NONE', *, *, #573, .T. ) ;
#47 = DIRECTION ( 'NONE',  ( -1.000000000000000000, 0.000000000000000000, 2.392722035830078479E-16 ) ) ;
#48 = CARTESIAN_POINT ( 'NONE',  ( -13.98458984355177392, 6.583554288306425306, 14.50000000000000000 ) ) ;
#49 = ORIENTED_EDGE ( 'NONE', *, *, #482, .T. ) ;
#50 = CARTESIAN_POINT ( 'NONE',  ( -7.984589843551773924, 0.000000000000000000, -14.50000000000000000 ) ) ;
#51 = EDGE_CURVE ( 'NONE', #1072, #1583, #238, .T. ) ;
#52 = DIRECTION ( 'NONE',  ( 1.000000000000000000, -1.300831432532264674E-16, 0.000000000000000000 ) ) ;
#53 = ORIENTED_EDGE ( 'NONE', *, *, #1128, .T. ) ;
#54 = ADVANCED_FACE ( 'NONE', ( #1233 ), #223, .F. ) ;
#55 = ORIENTED_EDGE ( 'NONE', *, *, #730, .F. ) ;
#56 = EDGE_CURVE ( 'NONE', #43, #1500, #847, .T. ) ;
#57 = EDGE_LOOP ( 'NONE', ( #582, #704 ) ) ;
#58 = CARTESIAN_POINT ( 'NONE',  ( -13.98458984355177392, -1.308045924467708510, -23.50000000000000000 ) ) ;
#59 = ADVANCED_FACE ( 'NONE', ( #1096 ), #1103, .F. ) ;
#60 = CARTESIAN_POINT ( 'NONE',  ( -7.984589843551773924, 6.958967953895084158, -14.50000000000000000 ) ) ;
#61 = ORIENTED_EDGE ( 'NONE', *, *, #715, .T. ) ;
#62 = AXIS2_PLACEMENT_3D ( 'NONE', #21, #1424, #1532 ) ;
#63 = AXIS2_PLACEMENT_3D ( 'NONE', #1548, #397, #405 ) ;
#64 = VECTOR ( 'NONE', #639, 1000.000000000000000 ) ;
#65 = EDGE_CURVE ( 'NONE', #1534, #770, #987, .T. ) ;
#66 = CIRCLE ( 'NONE', #1304, 0.5000000000000004441 ) ;
#67 = ORIENTED_EDGE ( 'NONE', *, *, #1499, .F. ) ;
#68 = EDGE_CURVE ( 'NONE', #471, #783, #860, .T. ) ;
#69 = DIRECTION ( 'NONE',  ( 0.000000000000000000, 0.000000000000000000, 1.000000000000000000 ) ) ;
#70 = DIRECTION ( 'NONE',  ( 0.000000000000000000, 1.000000000000000000, 0.000000000000000000 ) ) ;
#71 = SPHERICAL_SURFACE ( 'NONE', #335, 0.5000000000000000000 ) ;
#72 = CARTESIAN_POINT ( 'NONE',  ( -7.484589843551773924, 7.083554288306425306, 14.00000000000000000 ) ) ;
#73 = EDGE_LOOP ( 'NONE', ( #606, #825, #452, #752 ) ) ;
#74 = EDGE_CURVE ( 'NONE', #835, #22, #588, .T. ) ;
#75 = VECTOR ( 'NONE', #1023, 1000.000000000000000 ) ;
#76 = EDGE_CURVE ( 'NONE', #1089, #43, #1264, .T. ) ;
#77 = EDGE_CURVE ( 'NONE', #857, #183, #1257, .T. ) ;
#78 = VERTEX_POINT ( 'NONE', #1531 ) ;
#79 = DIRECTION ( 'NONE',  ( -1.000000000000000000, 0.000000000000000000, 0.000000000000000000 ) ) ;
#80 = CARTESIAN_POINT ( 'NONE',  ( -7.484589843551773924, 6.000000000000000000, 14.50000000000000000 ) ) ;
#81 = CARTESIAN_POINT ( 'NONE',  ( -13.98458984355177215, 6.958967953895085046, -14.50000000000000000 ) ) ;
#82 = VERTEX_POINT ( 'NONE', #1005 ) ;
#83 = VERTEX_POINT ( 'NONE', #758 ) ;
#84 = ORIENTED_EDGE ( 'NONE', *, *, #775, .T. ) ;
#85 = ORIENTED_EDGE ( 'NONE', *, *, #1124, .F. ) ;
#86 = CYLINDRICAL_SURFACE ( 'NONE', #714, 0.5000000000000004441 ) ;
#87 = ORIENTED_EDGE ( 'NONE', *, *, #1153, .F. ) ;
#88 = DATE_AND_TIME ( #864, #1241 ) ;
#89 = VECTOR ( 'NONE', #206, 1000.000000000000000 ) ;
#90 = AXIS2_PLACEMENT_3D ( 'NONE', #1597, #30, #957 ) ;
#91 = CARTESIAN_POINT ( 'NONE',  ( -14.50000000000000178, 6.000000000000000000, 13.99999999999999645 ) ) ;
#92 = EDGE_LOOP ( 'NONE', ( #995, #1088, #150, #125 ) ) ;
#93 = CARTESIAN_POINT ( 'NONE',  ( -14.48458984355177570, -0.9763528088698394392, 13.99999999999999645 ) ) ;
#94 = LINE ( 'NONE', #1277, #792 ) ;
#95 = CC_DESIGN_PERSON_AND_ORGANIZATION_ASSIGNMENT ( #615, #1123, ( #424 ) ) ;
#96 = DIRECTION ( 'NONE',  ( 0.000000000000000000, 1.000000000000000000, 0.000000000000000000 ) ) ;
#97 = CARTESIAN_POINT ( 'NONE',  ( -14.48458984355177215, 6.751861172708538916, -24.00000000000000000 ) ) ;
#98 = VERTEX_POINT ( 'NONE', #406 ) ;
#99 = MECHANICAL_CONTEXT ( 'NONE', #1144, 'mechanical' ) ;
#100 = DIRECTION ( 'NONE',  ( 0.000000000000000000, 0.000000000000000000, 1.000000000000000000 ) ) ;
#101 = ORIENTED_EDGE ( 'NONE', *, *, #2, .F. ) ;
#102 = DIRECTION ( 'NONE',  ( 0.000000000000000000, 0.000000000000000000, 1.000000000000000000 ) ) ;
#103 = CARTESIAN_POINT ( 'NONE',  ( 1.163414459189985485E-15, 6.000000000000000000, 9.500000000000000000 ) ) ;
#104 = EDGE_LOOP ( 'NONE', ( #447, #614, #1474, #1322 ) ) ;
#105 = COORDINATED_UNIVERSAL_TIME_OFFSET ( 3, 0, .AHEAD. ) ;
#106 = EDGE_CURVE ( 'NONE', #1109, #78, #665, .T. ) ;
#107 = SPHERICAL_SURFACE ( 'NONE', #333, 0.5000000000000000000 ) ;
#108 = DIRECTION ( 'NONE',  ( 1.000000000000000000, -0.000000000000000000, -0.000000000000000000 ) ) ;
#109 = CYLINDRICAL_SURFACE ( 'NONE', #282, 0.5000000000000004441 ) ;
#110 = DIRECTION ( 'NONE',  ( 0.000000000000000000, -1.000000000000000000, 0.000000000000000000 ) ) ;
#111 = ORIENTED_EDGE ( 'NONE', *, *, #305, .F. ) ;
#112 = EDGE_CURVE ( 'NONE', #1329, #1072, #509, .T. ) ;
#113 = APPROVAL_ROLE ( '' ) ;
#114 = APPROVAL ( #473, 'UNSPECIFIED' ) ;
#115 = AXIS2_PLACEMENT_3D ( 'NONE', #1642, #484, #996 ) ;
#116 = VECTOR ( 'NONE', #656, 1000.000000000000000 ) ;
#117 = VECTOR ( 'NONE', #681, 1000.000000000000000 ) ;
#118 = AXIS2_PLACEMENT_3D ( 'NONE', #808, #172, #1581 ) ;
#119 = PLANE ( 'NONE',  #1311 ) ;
#120 = AXIS2_PLACEMENT_3D ( 'NONE', #122, #1677, #1541 ) ;
#121 = CARTESIAN_POINT ( 'NONE',  ( -7.984589843551773924, 6.458967953895085046, -14.00000000000000000 ) ) ;
#122 = CARTESIAN_POINT ( 'NONE',  ( -7.984589843551773924, 6.458967953895085046, -24.00000000000000000 ) ) ;
#123 = EDGE_LOOP ( 'NONE', ( #28, #531, #558, #438 ) ) ;
#124 = CARTESIAN_POINT ( 'NONE',  ( 1.163414459189985485E-15, 6.000000000000000000, 9.500000000000000000 ) ) ;
#125 = ORIENTED_EDGE ( 'NONE', *, *, #1147, .T. ) ;
#126 = ADVANCED_FACE ( 'NONE', ( #144, #266 ), #119, .F. ) ;
#127 = EDGE_CURVE ( 'NONE', #98, #1612, #1286, .T. ) ;
#128 = VECTOR ( 'NONE', #1549, 1000.000000000000000 ) ;
#129 = CARTESIAN_POINT ( 'NONE',  ( -7.484589843551773924, 7.083554288306425306, 23.50000000000000000 ) ) ;
#130 = CARTESIAN_POINT ( 'NONE',  ( -13.98458984355177215, 6.000000000000000000, -13.99999999999999645 ) ) ;
#131 = CARTESIAN_POINT ( 'NONE',  ( -7.484589843551773924, 0.000000000000000000, 0.000000000000000000 ) ) ;
#132 = EDGE_CURVE ( 'NONE', #941, #1356, #1450, .T. ) ;
#133 = ORIENTED_EDGE ( 'NONE', *, *, #1095, .F. ) ;
#134 = DIRECTION ( 'NONE',  ( 1.000000000000000000, -1.300831432532264181E-16, 0.000000000000000000 ) ) ;
#135 = VERTEX_POINT ( 'NONE', #882 ) ;
#136 = CARTESIAN_POINT ( 'NONE',  ( -7.484589843551773924, 0.000000000000000000, -14.50000000000000000 ) ) ;
#137 = DIRECTION ( 'NONE',  ( -1.000000000000000000, -0.000000000000000000, -0.000000000000000000 ) ) ;
#138 = DIRECTION ( 'NONE',  ( -1.000000000000000000, 0.000000000000000000, 0.000000000000000000 ) ) ;
#139 = EDGE_LOOP ( 'NONE', ( #205, #815, #4, #445 ) ) ;
#140 = CARTESIAN_POINT ( 'NONE',  ( -7.484589843551773924, 6.583554288306425306, 24.00000000000000000 ) ) ;
#141 = ORIENTED_EDGE ( 'NONE', *, *, #68, .F. ) ;
#142 = DIRECTION ( 'NONE',  ( 0.000000000000000000, 0.000000000000000000, -1.000000000000000000 ) ) ;
#143 = AXIS2_PLACEMENT_3D ( 'NONE', #1228, #731, #600 ) ;
#144 = FACE_BOUND ( 'NONE', #57, .T. ) ;
#145 = VECTOR ( 'NONE', #408, 1000.000000000000000 ) ;
#146 = VECTOR ( 'NONE', #950, 1000.000000000000000 ) ;
#147 = CARTESIAN_POINT ( 'NONE',  ( -14.48458984355177215, 6.458967953895085934, -24.00000000000000000 ) ) ;
#148 = AXIS2_PLACEMENT_3D ( 'NONE', #215, #1637, #1388 ) ;
#149 = DIRECTION ( 'NONE',  ( 0.000000000000000000, 1.000000000000000000, 0.000000000000000000 ) ) ;
#150 = ORIENTED_EDGE ( 'NONE', *, *, #371, .F. ) ;
#151 = APPROVAL_PERSON_ORGANIZATION ( #1647, #41, #629 ) ;
#152 = CARTESIAN_POINT ( 'NONE',  ( -6.484589843551773924, 2.950047349125015206, 18.00000000000000000 ) ) ;
#153 = VERTEX_POINT ( 'NONE', #136 ) ;
#154 = FACE_OUTER_BOUND ( 'NONE', #331, .T. ) ;
#155 = VERTEX_POINT ( 'NONE', #389 ) ;
#156 = DIRECTION ( 'NONE',  ( 0.000000000000000000, -1.000000000000000000, 0.000000000000000000 ) ) ;
#157 = DIRECTION ( 'NONE',  ( 0.000000000000000000, -0.000000000000000000, 1.000000000000000000 ) ) ;
#158 = EDGE_LOOP ( 'NONE', ( #169, #721 ) ) ;
#159 = CARTESIAN_POINT ( 'NONE',  ( -7.484589843551773924, 6.583554288306425306, 24.00000000000000000 ) ) ;
#160 = CARTESIAN_POINT ( 'NONE',  ( -7.484589843551773924, 2.908270204971806105, -19.25000000000000000 ) ) ;
#161 = CARTESIAN_POINT ( 'NONE',  ( -7.484589843551773924, -0.9763528088698398832, 24.00000000000000000 ) ) ;
#162 = VERTEX_POINT ( 'NONE', #241 ) ;
#163 = LINE ( 'NONE', #1067, #1218 ) ;
#164 = CARTESIAN_POINT ( 'NONE',  ( -14.48458984355177215, 6.000000000000000000, -13.99999999999999645 ) ) ;
#165 = EDGE_LOOP ( 'NONE', ( #235, #1037, #521, #1232 ) ) ;
#166 = ADVANCED_FACE ( 'NONE', ( #1650 ), #1015, .T. ) ;
#167 = LINE ( 'NONE', #159, #117 ) ;
#168 = VECTOR ( 'NONE', #820, 1000.000000000000000 ) ;
#169 = ORIENTED_EDGE ( 'NONE', *, *, #1210, .T. ) ;
#170 = VECTOR ( 'NONE', #1282, 1000.000000000000000 ) ;
#171 = DIRECTION ( 'NONE',  ( -1.000000000000000000, 0.000000000000000000, 0.000000000000000000 ) ) ;
#172 = DIRECTION ( 'NONE',  ( 0.000000000000000000, -1.000000000000000000, 0.000000000000000000 ) ) ;
#173 = VERTEX_POINT ( 'NONE', #1031 ) ;
#174 = CC_DESIGN_APPROVAL ( #961, ( #336 ) ) ;
#175 = CARTESIAN_POINT ( 'NONE',  ( -13.98458984355177392, -1.183459590056387345, 24.00000000000000000 ) ) ;
#176 = ADVANCED_FACE ( 'NONE', ( #1392 ), #1537, .T. ) ;
#177 = DIRECTION ( 'NONE',  ( 0.000000000000000000, 0.000000000000000000, -1.000000000000000000 ) ) ;
#178 = EDGE_LOOP ( 'NONE', ( #687, #884, #392, #486, #598, #729, #1507, #1430 ) ) ;
#179 = ORIENTED_EDGE ( 'NONE', *, *, #661, .F. ) ;
#180 = PLANE ( 'NONE',  #1602 ) ;
#181 = ADVANCED_FACE ( 'NONE', ( #650 ), #1668, .F. ) ;
#182 = DIRECTION ( 'NONE',  ( -1.000000000000000000, 1.300831432532264181E-16, 0.000000000000000000 ) ) ;
#183 = VERTEX_POINT ( 'NONE', #511 ) ;
#184 = ADVANCED_FACE ( 'NONE', ( #767 ), #643, .T. ) ;
#185 = CYLINDRICAL_SURFACE ( 'NONE', #454, 9.500000000000000000 ) ;
#186 = EDGE_CURVE ( 'NONE', #1069, #155, #1274, .T. ) ;
#187 = DIRECTION ( 'NONE',  ( 1.000000000000000000, -1.300831432532264181E-16, -0.000000000000000000 ) ) ;
#188 = EDGE_LOOP ( 'NONE', ( #1595, #442, #46, #222 ) ) ;
#189 = CARTESIAN_POINT ( 'NONE',  ( -7.484589843551773924, -0.8080459244677092867, -14.50000000000000000 ) ) ;
#190 = DIRECTION ( 'NONE',  ( -1.000000000000000000, 0.000000000000000000, 0.000000000000000000 ) ) ;
#191 = ORIENTED_EDGE ( 'NONE', *, *, #212, .F. ) ;
#192 = ORIENTED_EDGE ( 'NONE', *, *, #1452, .F. ) ;
#193 = DIRECTION ( 'NONE',  ( 2.392722035830078479E-16, -0.000000000000000000, 1.000000000000000000 ) ) ;
#194 = DIRECTION ( 'NONE',  ( 0.000000000000000000, -0.000000000000000000, 1.000000000000000000 ) ) ;
#195 = CARTESIAN_POINT ( 'NONE',  ( -13.98458984355177392, 7.083554288306425306, 14.50000000000000000 ) ) ;
#196 = CIRCLE ( 'NONE', #115, 0.5000000000000004441 ) ;
#197 = FACE_OUTER_BOUND ( 'NONE', #1413, .T. ) ;
#198 = ORIENTED_EDGE ( 'NONE', *, *, #1027, .F. ) ;
#199 = AXIS2_PLACEMENT_3D ( 'NONE', #1175, #142, #536 ) ;
#200 =( BOUNDED_CURVE ( )  B_SPLINE_CURVE ( 3, ( #260, #768, #373, #1266 ),
 .UNSPECIFIED., .F., .F. ) 
 B_SPLINE_CURVE_WITH_KNOTS ( ( 4, 4 ),
 ( 1.570796326794896780, 3.141592653589793116 ),
 .UNSPECIFIED. ) 
 CURVE ( )  GEOMETRIC_REPRESENTATION_ITEM ( )  RATIONAL_B_SPLINE_CURVE ( ( 1.000000000000000000, 0.8047378541243650485, 0.8047378541243650485, 1.000000000000000000 ) ) 
 REPRESENTATION_ITEM ( '' )  );
#201 = AXIS2_PLACEMENT_3D ( 'NONE', #1379, #852, #1001 ) ;
#202 = LOCAL_TIME ( 12, 43, 39.00000000000000000, #1135 ) ;
#203 = ADVANCED_FACE ( 'NONE', ( #1423 ), #274, .T. ) ;
#204 = ORIENTED_EDGE ( 'NONE', *, *, #413, .T. ) ;
#205 = ORIENTED_EDGE ( 'NONE', *, *, #1011, .F. ) ;
#206 = DIRECTION ( 'NONE',  ( 0.000000000000000000, 0.000000000000000000, 1.000000000000000000 ) ) ;
#207 = CARTESIAN_POINT ( 'NONE',  ( -7.984589843551773924, 7.083554288306425306, 14.50000000000000000 ) ) ;
#208 = LINE ( 'NONE', #620, #765 ) ;
#209 = EDGE_LOOP ( 'NONE', ( #1402, #761, #657, #640, #1598, #277, #671, #1272, #24, #279, #1363, #589, #327, #958, #877, #1528 ) ) ;
#210 = APPROVAL_STATUS ( 'not_yet_approved' ) ;
#211 = ORIENTED_EDGE ( 'NONE', *, *, #916, .F. ) ;
#212 = EDGE_CURVE ( 'NONE', #770, #789, #1176, .T. ) ;
#213 = FACE_OUTER_BOUND ( 'NONE', #1029, .T. ) ;
#214 = CARTESIAN_POINT ( 'NONE',  ( -14.48458984355177392, -0.8080459244677083985, -24.00000000000000000 ) ) ;
#215 = CARTESIAN_POINT ( 'NONE',  ( -7.484589843551773924, 7.083554288306425306, 24.00000000000000000 ) ) ;
#216 = DIRECTION ( 'NONE',  ( 0.000000000000000000, 0.000000000000000000, 1.000000000000000000 ) ) ;
#217 = EDGE_LOOP ( 'NONE', ( #1473, #507, #1226 ) ) ;
#218 = EDGE_LOOP ( 'NONE', ( #1161, #1102, #1589, #1592 ) ) ;
#219 = CC_DESIGN_PERSON_AND_ORGANIZATION_ASSIGNMENT ( #1237, #885, ( #1125 ) ) ;
#220 = DIRECTION ( 'NONE',  ( -1.000000000000000000, 0.000000000000000000, 0.000000000000000000 ) ) ;
#221 = ADVANCED_FACE ( 'NONE', ( #1275 ), #888, .F. ) ;
#222 = ORIENTED_EDGE ( 'NONE', *, *, #952, .F. ) ;
#223 = PLANE ( 'NONE',  #1582 ) ;
#224 = DIRECTION ( 'NONE',  ( 1.000000000000000000, 0.000000000000000000, 0.000000000000000000 ) ) ;
#225 = CARTESIAN_POINT ( 'NONE',  ( 8.402028536145332599E-16, 6.458967953895084158, -23.50000000000000000 ) ) ;
#226 = ORIENTED_EDGE ( 'NONE', *, *, #782, .T. ) ;
#227 = AXIS2_PLACEMENT_3D ( 'NONE', #323, #79, #981 ) ;
#228 = VECTOR ( 'NONE', #1040, 1000.000000000000000 ) ;
#229 = AXIS2_PLACEMENT_3D ( 'NONE', #131, #138, #530 ) ;
#230 = FACE_OUTER_BOUND ( 'NONE', #1111, .T. ) ;
#231 = VERTEX_POINT ( 'NONE', #844 ) ;
#232 = ADVANCED_FACE ( 'NONE', ( #865 ), #988, .T. ) ;
#233 = DIRECTION ( 'NONE',  ( 0.000000000000000000, -1.000000000000000000, 2.168404344971007142E-16 ) ) ;
#234 = CARTESIAN_POINT ( 'NONE',  ( -13.98458984355177215, 6.000000000000000000, -14.00000000000000000 ) ) ;
#235 = ORIENTED_EDGE ( 'NONE', *, *, #1134, .F. ) ;
#236 = PERSON_AND_ORGANIZATION_ROLE ( 'classification_officer' ) ;
#237 = ADVANCED_FACE ( 'NONE', ( #468 ), #1501, .T. ) ;
#238 = CIRCLE ( 'NONE', #641, 0.5000000000000004441 ) ;
#239 = CARTESIAN_POINT ( 'NONE',  ( -14.48458984355177215, 6.958967953895085046, -24.00000000000000000 ) ) ;
#240 = EDGE_CURVE ( 'NONE', #554, #789, #1006, .T. ) ;
#241 = CARTESIAN_POINT ( 'NONE',  ( -14.48458984355177215, 0.000000000000000000, -13.99999999999999645 ) ) ;
#242 = LINE ( 'NONE', #1151, #472 ) ;
#243 = CARTESIAN_POINT ( 'NONE',  ( 0.000000000000000000, 6.000000000000000000, 0.000000000000000000 ) ) ;
#244 = ORIENTED_EDGE ( 'NONE', *, *, #1240, .T. ) ;
#245 =( BOUNDED_CURVE ( )  B_SPLINE_CURVE ( 3, ( #1104, #1113, #1616, #1625 ),
 .UNSPECIFIED., .F., .F. ) 
 B_SPLINE_CURVE_WITH_KNOTS ( ( 4, 4 ),
 ( 3.141592653589793116, 4.712388980384689674 ),
 .UNSPECIFIED. ) 
 CURVE ( )  GEOMETRIC_REPRESENTATION_ITEM ( )  RATIONAL_B_SPLINE_CURVE ( ( 1.000000000000000000, 0.8047378541243649375, 0.8047378541243649375, 1.000000000000000000 ) ) 
 REPRESENTATION_ITEM ( '' )  );
#246 = LINE ( 'NONE', #502, #1139 ) ;
#247 = DIRECTION ( 'NONE',  ( -1.000000000000000000, 1.300831432532264674E-16, 0.000000000000000000 ) ) ;
#248 = CARTESIAN_POINT ( 'NONE',  ( -7.484589843551773924, 2.950047349125015206, 18.00000000000000000 ) ) ;
#249 = DIRECTION ( 'NONE',  ( -2.098367683302296725E-16, -1.000000000000000000, 0.000000000000000000 ) ) ;
#250 = ORIENTED_EDGE ( 'NONE', *, *, #673, .F. ) ;
#251 = EDGE_CURVE ( 'NONE', #231, #475, #1490, .T. ) ;
#252 = CARTESIAN_POINT ( 'NONE',  ( -7.484589843551773924, 6.458967953895085046, -14.50000000000000000 ) ) ;
#253 = ORIENTED_EDGE ( 'NONE', *, *, #1153, .T. ) ;
#254 = EDGE_CURVE ( 'NONE', #668, #1212, #196, .T. ) ;
#255 = CIRCLE ( 'NONE', #875, 0.5000000000000004441 ) ;
#256 = EDGE_CURVE ( 'NONE', #993, #1089, #1508, .T. ) ;
#257 = CARTESIAN_POINT ( 'NONE',  ( -7.484589843551773924, 6.583554288306425306, 23.50000000000000000 ) ) ;
#258 = CIRCLE ( 'NONE', #1633, 1.000000000000000888 ) ;
#259 = DIRECTION ( 'NONE',  ( 0.000000000000000000, -1.000000000000000000, 0.000000000000000000 ) ) ;
#260 = CARTESIAN_POINT ( 'NONE',  ( -7.984589843551773924, -1.308045924467709176, -23.50000000000000000 ) ) ;
#261 = CARTESIAN_POINT ( 'NONE',  ( -13.98458984355177392, 6.583554288306425306, 0.000000000000000000 ) ) ;
#262 = ORIENTED_EDGE ( 'NONE', *, *, #132, .T. ) ;
#263 = DIRECTION ( 'NONE',  ( -1.000000000000000000, -0.000000000000000000, -0.000000000000000000 ) ) ;
#264 = ORIENTED_EDGE ( 'NONE', *, *, #240, .F. ) ;
#265 = FACE_OUTER_BOUND ( 'NONE', #539, .T. ) ;
#266 = FACE_OUTER_BOUND ( 'NONE', #1269, .T. ) ;
#267 = ADVANCED_FACE ( 'NONE', ( #230 ), #747, .T. ) ;
#268 = LINE ( 'NONE', #1400, #845 ) ;
#269 = CARTESIAN_POINT ( 'NONE',  ( -7.484589843551773924, 6.583554288306425306, 14.50000000000000000 ) ) ;
#270 = VERTEX_POINT ( 'NONE', #886 ) ;
#271 = CARTESIAN_POINT ( 'NONE',  ( 0.000000000000000000, 6.000000000000000000, -9.500000000000000000 ) ) ;
#272 = VERTEX_POINT ( 'NONE', #526 ) ;
#273 = DIRECTION ( 'NONE',  ( -0.000000000000000000, -0.000000000000000000, -1.000000000000000000 ) ) ;
#274 = CYLINDRICAL_SURFACE ( 'NONE', #1281, 0.5000000000000004441 ) ;
#275 = CARTESIAN_POINT ( 'NONE',  ( -13.98458984355177215, 6.958967953895085046, -23.50000000000000000 ) ) ;
#276 = FACE_OUTER_BOUND ( 'NONE', #209, .T. ) ;
#277 = ORIENTED_EDGE ( 'NONE', *, *, #74, .T. ) ;
#278 = CARTESIAN_POINT ( 'NONE',  ( -14.48458984355177215, 6.458967953895085934, -14.50000000000000000 ) ) ;
#279 = ORIENTED_EDGE ( 'NONE', *, *, #959, .T. ) ;
#280 = CARTESIAN_POINT ( 'NONE',  ( -7.984589843551773924, 0.000000000000000000, 13.99999999999999822 ) ) ;
#281 = AXIS2_PLACEMENT_3D ( 'NONE', #348, #591, #858 ) ;
#282 = AXIS2_PLACEMENT_3D ( 'NONE', #917, #382, #651 ) ;
#283 = VECTOR ( 'NONE', #1535, 1000.000000000000000 ) ;
#284 = CARTESIAN_POINT ( 'NONE',  ( -7.984589843551773924, -1.183459590056387345, 23.50000000000000000 ) ) ;
#285 = ORIENTED_EDGE ( 'NONE', *, *, #251, .F. ) ;
#286 = DIRECTION ( 'NONE',  ( 0.000000000000000000, -0.000000000000000000, 1.000000000000000000 ) ) ;
#287 = LINE ( 'NONE', #1672, #500 ) ;
#288 = ORIENTED_EDGE ( 'NONE', *, *, #985, .F. ) ;
#289 = DIRECTION ( 'NONE',  ( -1.000000000000000000, -0.000000000000000000, -0.000000000000000000 ) ) ;
#290 = DIRECTION ( 'NONE',  ( 0.000000000000000000, -1.000000000000000000, 0.000000000000000000 ) ) ;
#291 = ORIENTED_EDGE ( 'NONE', *, *, #1030, .F. ) ;
#292 = CARTESIAN_POINT ( 'NONE',  ( 0.000000000000000000, 0.000000000000000000, -14.00000000000000000 ) ) ;
#293 = FACE_OUTER_BOUND ( 'NONE', #27, .T. ) ;
#294 = ORIENTED_EDGE ( 'NONE', *, *, #1339, .T. ) ;
#295 = EDGE_CURVE ( 'NONE', #1380, #1579, #1060, .T. ) ;
#296 = DIRECTION ( 'NONE',  ( -1.000000000000000000, 0.000000000000000000, 0.000000000000000000 ) ) ;
#297 = CARTESIAN_POINT ( 'NONE',  ( -14.48458984355177215, 6.458967953895085934, -14.50000000000000000 ) ) ;
#298 = DIRECTION ( 'NONE',  ( 0.000000000000000000, 0.000000000000000000, 1.000000000000000000 ) ) ;
#299 = ORIENTED_EDGE ( 'NONE', *, *, #623, .F. ) ;
#300 =( BOUNDED_CURVE ( )  B_SPLINE_CURVE ( 3, ( #1461, #1073, #565, #428 ),
 .UNSPECIFIED., .F., .F. ) 
 B_SPLINE_CURVE_WITH_KNOTS ( ( 4, 4 ),
 ( 0.000000000000000000, 1.570796326794896558 ),
 .UNSPECIFIED. ) 
 CURVE ( )  GEOMETRIC_REPRESENTATION_ITEM ( )  RATIONAL_B_SPLINE_CURVE ( ( 1.000000000000000000, 0.8047378541243649375, 0.8047378541243649375, 1.000000000000000000 ) ) 
 REPRESENTATION_ITEM ( '' )  );
#301 = DIRECTION ( 'NONE',  ( -0.000000000000000000, -0.000000000000000000, 1.000000000000000000 ) ) ;
#302 = DIRECTION ( 'NONE',  ( -0.000000000000000000, -1.000000000000000000, -0.000000000000000000 ) ) ;
#303 = EDGE_CURVE ( 'NONE', #1010, #835, #1398, .T. ) ;
#304 = VERTEX_POINT ( 'NONE', #1391 ) ;
#305 = EDGE_CURVE ( 'NONE', #471, #1072, #510, .T. ) ;
#306 = CARTESIAN_POINT ( 'NONE',  ( 0.000000000000000000, 6.000000000000000000, -14.00000000000000000 ) ) ;
#307 = EDGE_CURVE ( 'NONE', #1368, #911, #370, .T. ) ;
#308 = VERTEX_POINT ( 'NONE', #766 ) ;
#309 = ADVANCED_FACE ( 'NONE', ( #265 ), #107, .T. ) ;
#310 = VECTOR ( 'NONE', #402, 1000.000000000000000 ) ;
#311 = LINE ( 'NONE', #44, #321 ) ;
#312 = CARTESIAN_POINT ( 'NONE',  ( 0.000000000000000000, 0.000000000000000000, -14.00000000000000000 ) ) ;
#313 = ORIENTED_EDGE ( 'NONE', *, *, #904, .F. ) ;
#314 = AXIS2_PLACEMENT_3D ( 'NONE', #243, #1025, #400 ) ;
#315 = DIRECTION ( 'NONE',  ( -0.000000000000000000, -1.000000000000000000, -0.000000000000000000 ) ) ;
#316 = ORIENTED_EDGE ( 'NONE', *, *, #836, .F. ) ;
#317 = ORIENTED_EDGE ( 'NONE', *, *, #782, .F. ) ;
#318 = DIRECTION ( 'NONE',  ( 0.000000000000000000, 0.000000000000000000, 1.000000000000000000 ) ) ;
#319 = LINE ( 'NONE', #1479, #662 ) ;
#320 = ORIENTED_EDGE ( 'NONE', *, *, #357, .F. ) ;
#321 = VECTOR ( 'NONE', #807, 1000.000000000000000 ) ;
#322 = CARTESIAN_POINT ( 'NONE',  ( -14.48458984355177215, 6.000000000000000000, -14.50000000000000000 ) ) ;
#323 = CARTESIAN_POINT ( 'NONE',  ( -14.48458984355177392, 2.908270204971806105, -19.25000000000000000 ) ) ;
#324 = CYLINDRICAL_SURFACE ( 'NONE', #118, 0.5000000000000004441 ) ;
#325 = ORIENTED_EDGE ( 'NONE', *, *, #1452, .T. ) ;
#326 = EDGE_CURVE ( 'NONE', #748, #1290, #246, .T. ) ;
#327 = ORIENTED_EDGE ( 'NONE', *, *, #535, .T. ) ;
#328 = DIRECTION ( 'NONE',  ( 1.000000000000000000, -0.000000000000000000, -0.000000000000000000 ) ) ;
#329 = CARTESIAN_POINT ( 'NONE',  ( -14.48458984355177392, -0.6834595900563874560, 0.000000000000000000 ) ) ;
#330 = PLANE ( 'NONE',  #201 ) ;
#331 = EDGE_LOOP ( 'NONE', ( #757, #545, #1178, #294 ) ) ;
#332 = AXIS2_PLACEMENT_3D ( 'NONE', #874, #867, #1477 ) ;
#333 = AXIS2_PLACEMENT_3D ( 'NONE', #624, #1165, #1157 ) ;
#334 = PERSON_AND_ORGANIZATION ( #338, #501 ) ;
#335 = AXIS2_PLACEMENT_3D ( 'NONE', #724, #96, #586 ) ;
#336 = SECURITY_CLASSIFICATION ( '', '', #1654 ) ;
#337 = ORIENTED_EDGE ( 'NONE', *, *, #68, .T. ) ;
#338 = PERSON ( 'UNSPECIFIED', 'UNSPECIFIED', 'UNSPECIFIED', ('UNSPECIFIED'), ('UNSPECIFIED'), ('UNSPECIFIED') ) ;
#339 = ORIENTED_EDGE ( 'NONE', *, *, #1074, .F. ) ;
#340 = CARTESIAN_POINT ( 'NONE',  ( 0.000000000000000000, 6.000000000000000000, 0.000000000000000000 ) ) ;
#341 = CYLINDRICAL_SURFACE ( 'NONE', #1385, 0.5000000000000004441 ) ;
#342 = FACE_OUTER_BOUND ( 'NONE', #411, .T. ) ;
#343 = ORIENTED_EDGE ( 'NONE', *, *, #715, .F. ) ;
#344 = DATE_AND_TIME ( #1364, #202 ) ;
#345 = EDGE_CURVE ( 'NONE', #1140, #1542, #518, .T. ) ;
#346 = AXIS2_PLACEMENT_3D ( 'NONE', #1405, #259, #528 ) ;
#347 = EDGE_LOOP ( 'NONE', ( #726, #285, #1653, #1214 ) ) ;
#348 = CARTESIAN_POINT ( 'NONE',  ( -7.484589843551773924, -1.183459590056387345, 24.00000000000000000 ) ) ;
#349 = DIRECTION ( 'NONE',  ( -0.000000000000000000, -1.000000000000000000, -0.000000000000000000 ) ) ;
#350 = DIRECTION ( 'NONE',  ( 1.000000000000000000, 0.000000000000000000, 0.000000000000000000 ) ) ;
#351 = DIRECTION ( 'NONE',  ( 0.000000000000000000, 0.000000000000000000, 1.000000000000000000 ) ) ;
#352 = LINE ( 'NONE', #234, #1061 ) ;
#353 = ORIENTED_EDGE ( 'NONE', *, *, #916, .T. ) ;
#354 = ORIENTED_EDGE ( 'NONE', *, *, #51, .T. ) ;
#355 = EDGE_CURVE ( 'NONE', #993, #418, #1524, .T. ) ;
#356 = CARTESIAN_POINT ( 'NONE',  ( -7.484589843551773924, 6.458967953895085046, 0.000000000000000000 ) ) ;
#357 = EDGE_CURVE ( 'NONE', #15, #748, #635, .T. ) ;
#358 = DIRECTION ( 'NONE',  ( 0.000000000000000000, 0.000000000000000000, 1.000000000000000000 ) ) ;
#359 = LINE ( 'NONE', #1120, #1383 ) ;
#360 = DIRECTION ( 'NONE',  ( 0.000000000000000000, 0.000000000000000000, 1.000000000000000000 ) ) ;
#361 = CARTESIAN_POINT ( 'NONE',  ( -14.27748306236522602, 6.958967953895085046, -23.79289321881345032 ) ) ;
#362 = ORIENTED_EDGE ( 'NONE', *, *, #307, .T. ) ;
#363 = ADVANCED_FACE ( 'NONE', ( #1674 ), #1273, .F. ) ;
#364 = PERSON_AND_ORGANIZATION ( #338, #501 ) ;
#365 = AXIS2_PLACEMENT_3D ( 'NONE', #1296, #149, #298 ) ;
#366 = VECTOR ( 'NONE', #1453, 1000.000000000000000 ) ;
#367 = VECTOR ( 'NONE', #1251, 1000.000000000000000 ) ;
#368 = EDGE_CURVE ( 'NONE', #1133, #911, #907, .T. ) ;
#369 = AXIS2_PLACEMENT_3D ( 'NONE', #1017, #1661, #910 ) ;
#370 = LINE ( 'NONE', #239, #1355 ) ;
#371 = EDGE_CURVE ( 'NONE', #1018, #1140, #632, .T. ) ;
#372 = DIRECTION ( 'NONE',  ( 0.000000000000000000, 0.000000000000000000, 1.000000000000000000 ) ) ;
#373 = CARTESIAN_POINT ( 'NONE',  ( -7.484589843551773924, -1.100939143281161714, -23.99999999999999645 ) ) ;
#374 = DIRECTION ( 'NONE',  ( -0.000000000000000000, -1.000000000000000000, -0.000000000000000000 ) ) ;
#375 = FACE_BOUND ( 'NONE', #791, .T. ) ;
#376 = ORIENTED_EDGE ( 'NONE', *, *, #326, .F. ) ;
#377 = EDGE_CURVE ( 'NONE', #1542, #960, #617, .T. ) ;
#378 = CIRCLE ( 'NONE', #1367, 9.500000000000000000 ) ;
#379 = DIRECTION ( 'NONE',  ( -1.000000000000000000, 0.000000000000000000, 2.392722035830078479E-16 ) ) ;
#380 = ADVANCED_FACE ( 'NONE', ( #1584 ), #810, .F. ) ;
#381 = CARTESIAN_POINT ( 'NONE',  ( -13.98458984355177215, 6.958967953895085046, -24.00000000000000000 ) ) ;
#382 = DIRECTION ( 'NONE',  ( -0.000000000000000000, 0.000000000000000000, 1.000000000000000000 ) ) ;
#383 = CARTESIAN_POINT ( 'NONE',  ( -13.98458984355177392, 6.000000000000000000, 13.99999999999999645 ) ) ;
#384 = ORIENTED_EDGE ( 'NONE', *, *, #2, .T. ) ;
#385 = ADVANCED_FACE ( 'NONE', ( #40 ), #690, .T. ) ;
#386 = CARTESIAN_POINT ( 'NONE',  ( -7.984589843551773924, -1.308045924467709176, -14.50000000000000000 ) ) ;
#387 = EDGE_CURVE ( 'NONE', #1010, #941, #25, .T. ) ;
#388 = DIRECTION ( 'NONE',  ( -0.000000000000000000, -1.000000000000000000, -0.000000000000000000 ) ) ;
#389 = CARTESIAN_POINT ( 'NONE',  ( -13.98458984355177392, -1.183459590056387345, 23.50000000000000000 ) ) ;
#390 = FACE_OUTER_BOUND ( 'NONE', #139, .T. ) ;
#391 = PLANE ( 'NONE',  #229 ) ;
#392 = ORIENTED_EDGE ( 'NONE', *, *, #515, .F. ) ;
#393 = CARTESIAN_POINT ( 'NONE',  ( -7.984589843551773924, -0.8080459244677092867, -14.50000000000000000 ) ) ;
#394 = ORIENTED_EDGE ( 'NONE', *, *, #1022, .F. ) ;
#395 = AXIS2_PLACEMENT_3D ( 'NONE', #723, #1230, #224 ) ;
#396 = VECTOR ( 'NONE', #824, 1000.000000000000000 ) ;
#397 = DIRECTION ( 'NONE',  ( 1.000000000000000000, -0.000000000000000000, 0.000000000000000000 ) ) ;
#398 = CARTESIAN_POINT ( 'NONE',  ( -14.48458984355177215, 6.958967953895085046, -24.00000000000000000 ) ) ;
#399 = LINE ( 'NONE', #1016, #1299 ) ;
#400 = DIRECTION ( 'NONE',  ( 0.000000000000000000, -0.000000000000000000, 1.000000000000000000 ) ) ;
#401 = ORIENTED_EDGE ( 'NONE', *, *, #1603, .T. ) ;
#402 = DIRECTION ( 'NONE',  ( -0.000000000000000000, -1.000000000000000000, -0.000000000000000000 ) ) ;
#403 = ORIENTED_EDGE ( 'NONE', *, *, #77, .T. ) ;
#404 = EDGE_CURVE ( 'NONE', #135, #1341, #1337, .T. ) ;
#405 = DIRECTION ( 'NONE',  ( 0.000000000000000000, 0.000000000000000000, -1.000000000000000000 ) ) ;
#406 = CARTESIAN_POINT ( 'NONE',  ( -13.98458984355177392, 7.083554288306425306, 23.50000000000000000 ) ) ;
#407 = CIRCLE ( 'NONE', #1555, 0.5000000000000004441 ) ;
#408 = DIRECTION ( 'NONE',  ( 1.000000000000000000, -0.000000000000000000, -0.000000000000000000 ) ) ;
#409 = EDGE_LOOP ( 'NONE', ( #684, #1451, #971, #1410, #1189, #921, #1118, #353 ) ) ;
#410 = DIRECTION ( 'NONE',  ( 0.000000000000000000, 0.000000000000000000, -1.000000000000000000 ) ) ;
#411 = EDGE_LOOP ( 'NONE', ( #192, #1338, #1087, #577 ) ) ;
#412 = CARTESIAN_POINT ( 'NONE',  ( -7.484589843551773924, -0.8080459244677092867, -14.00000000000000000 ) ) ;
#413 = EDGE_CURVE ( 'NONE', #270, #78, #1591, .T. ) ;
#414 = CIRCLE ( 'NONE', #1323, 1.000000000000000888 ) ;
#415 = DIRECTION ( 'NONE',  ( 0.000000000000000000, -1.000000000000000000, 0.000000000000000000 ) ) ;
#416 = ORIENTED_EDGE ( 'NONE', *, *, #1287, .F. ) ;
#417 = LINE ( 'NONE', #124, #689 ) ;
#418 = VERTEX_POINT ( 'NONE', #1078 ) ;
#419 = EDGE_CURVE ( 'NONE', #1329, #783, #1293, .T. ) ;
#420 = CARTESIAN_POINT ( 'NONE',  ( -13.98458984355177392, 6.583554288306425306, 14.00000000000000000 ) ) ;
#421 = AXIS2_PLACEMENT_3D ( 'NONE', #973, #1503, #350 ) ;
#422 = VECTOR ( 'NONE', #929, 1000.000000000000000 ) ;
#423 = AXIS2_PLACEMENT_3D ( 'NONE', #488, #351, #580 ) ;
#424 = PRODUCT_DEFINITION ( 'UNKNOWN', '', #1145, #688 ) ;
#425 = EDGE_LOOP ( 'NONE', ( #339, #1562, #967, #1260 ) ) ;
#426 = ORIENTED_EDGE ( 'NONE', *, *, #959, .F. ) ;
#427 = LOCAL_TIME ( 12, 43, 39.00000000000000000, #597 ) ;
#428 = CARTESIAN_POINT ( 'NONE',  ( -13.98458984355177392, -1.183459590056387345, 23.50000000000000000 ) ) ;
#429 = LINE ( 'NONE', #1208, #1194 ) ;
#430 = ORIENTED_EDGE ( 'NONE', *, *, #481, .T. ) ;
#431 = EDGE_CURVE ( 'NONE', #1133, #183, #1008, .T. ) ;
#432 = CARTESIAN_POINT ( 'NONE',  ( -7.984589843551773924, 6.958967953895085046, -14.00000000000000000 ) ) ;
#433 = ADVANCED_FACE ( 'NONE', ( #1306 ), #1062, .F. ) ;
#434 = CARTESIAN_POINT ( 'NONE',  ( -14.50000000000000178, 6.000000000000000000, 13.99999999999999645 ) ) ;
#435 = EDGE_LOOP ( 'NONE', ( #925, #809, #970, #1372 ) ) ;
#436 = ADVANCED_FACE ( 'NONE', ( #1577 ), #559, .T. ) ;
#437 = CARTESIAN_POINT ( 'NONE',  ( -7.984589843551773924, -0.8080459244677092867, -24.00000000000000000 ) ) ;
#438 = ORIENTED_EDGE ( 'NONE', *, *, #801, .T. ) ;
#439 = ADVANCED_FACE ( 'NONE', ( #154 ), #1315, .F. ) ;
#440 = DIRECTION ( 'NONE',  ( -1.000000000000000000, 0.000000000000000000, 0.000000000000000000 ) ) ;
#441 = DIRECTION ( 'NONE',  ( 0.000000000000000000, 0.000000000000000000, 1.000000000000000000 ) ) ;
#442 = ORIENTED_EDGE ( 'NONE', *, *, #1149, .T. ) ;
#443 = DIRECTION ( 'NONE',  ( 0.000000000000000000, 1.000000000000000000, 0.000000000000000000 ) ) ;
#444 = CARTESIAN_POINT ( 'NONE',  ( -14.48458984355177215, 6.000000000000000000, 0.000000000000000000 ) ) ;
#445 = ORIENTED_EDGE ( 'NONE', *, *, #1448, .F. ) ;
#446 = CARTESIAN_POINT ( 'NONE',  ( -14.48458984355177392, 6.000000000000000000, 13.99999999999999645 ) ) ;
#447 = ORIENTED_EDGE ( 'NONE', *, *, #1285, .F. ) ;
#448 = CIRCLE ( 'NONE', #365, 14.00000000000000000 ) ;
#449 = ORIENTED_EDGE ( 'NONE', *, *, #1077, .T. ) ;
#450 = CARTESIAN_POINT ( 'NONE',  ( -14.50000000000000178, 0.000000000000000000, 13.99999999999999645 ) ) ;
#451 = CARTESIAN_POINT ( 'NONE',  ( -7.484589843551773924, 6.751861172708537140, -24.00000000000000000 ) ) ;
#452 = ORIENTED_EDGE ( 'NONE', *, *, #599, .F. ) ;
#453 = AXIS2_PLACEMENT_3D ( 'NONE', #1160, #249, #627 ) ;
#454 = AXIS2_PLACEMENT_3D ( 'NONE', #826, #315, #964 ) ;
#455 = ORIENTED_EDGE ( 'NONE', *, *, #710, .T. ) ;
#456 = VERTEX_POINT ( 'NONE', #663 ) ;
#457 = LINE ( 'NONE', #450, #930 ) ;
#458 = CARTESIAN_POINT ( 'NONE',  ( -7.484589843551773924, 2.950047349125015206, 20.00000000000000000 ) ) ;
#459 = DIRECTION ( 'NONE',  ( -0.000000000000000000, 0.000000000000000000, 1.000000000000000000 ) ) ;
#460 = AXIS2_PLACEMENT_3D ( 'NONE', #1509, #328, #358 ) ;
#461 = VERTEX_POINT ( 'NONE', #1565 ) ;
#462 = DIRECTION ( 'NONE',  ( 0.000000000000000000, -1.000000000000000000, 0.000000000000000000 ) ) ;
#463 = CARTESIAN_POINT ( 'NONE',  ( -7.984589843551773924, -1.308045924467709176, -24.00000000000000000 ) ) ;
#464 = FACE_OUTER_BOUND ( 'NONE', #73, .T. ) ;
#465 = DIRECTION ( 'NONE',  ( -0.000000000000000000, 0.000000000000000000, -1.000000000000000000 ) ) ;
#466 = ORIENTED_EDGE ( 'NONE', *, *, #377, .F. ) ;
#467 = VERTEX_POINT ( 'NONE', #280 ) ;
#468 = FACE_OUTER_BOUND ( 'NONE', #702, .T. ) ;
#469 = CARTESIAN_POINT ( 'NONE',  ( -6.484589843551773924, 2.908270204971806105, -19.25000000000000000 ) ) ;
#470 = DIRECTION ( 'NONE',  ( 0.000000000000000000, 0.000000000000000000, 1.000000000000000000 ) ) ;
#471 = VERTEX_POINT ( 'NONE', #420 ) ;
#472 = VECTOR ( 'NONE', #1258, 1000.000000000000000 ) ;
#473 = APPROVAL_STATUS ( 'not_yet_approved' ) ;
#474 = VECTOR ( 'NONE', #966, 1000.000000000000000 ) ;
#475 = VERTEX_POINT ( 'NONE', #795 ) ;
#476 = CARTESIAN_POINT ( 'NONE',  ( -7.484589843551773924, -0.6834595900563874560, 14.50000000000000000 ) ) ;
#477 = FACE_OUTER_BOUND ( 'NONE', #1404, .T. ) ;
#478 = CARTESIAN_POINT ( 'NONE',  ( 0.000000000000000000, 0.000000000000000000, -14.00000000000000000 ) ) ;
#479 = CARTESIAN_POINT ( 'NONE',  ( -7.484589843551773924, 2.908270204971806105, -20.25000000000000000 ) ) ;
#480 = EDGE_LOOP ( 'NONE', ( #653, #1308, #1360, #628 ) ) ;
#481 = EDGE_CURVE ( 'NONE', #155, #770, #1048, .T. ) ;
#482 = EDGE_CURVE ( 'NONE', #475, #270, #1444, .T. ) ;
#483 = ORIENTED_EDGE ( 'NONE', *, *, #506, .F. ) ;
#484 = DIRECTION ( 'NONE',  ( -0.000000000000000000, 0.000000000000000000, -1.000000000000000000 ) ) ;
#485 = EDGE_CURVE ( 'NONE', #1583, #1081, #167, .T. ) ;
#486 = ORIENTED_EDGE ( 'NONE', *, *, #1590, .T. ) ;
#487 = DIRECTION ( 'NONE',  ( 0.000000000000000000, 0.000000000000000000, 1.000000000000000000 ) ) ;
#488 = CARTESIAN_POINT ( 'NONE',  ( -13.98458984355177392, -0.6834595900563874560, 0.000000000000000000 ) ) ;
#489 = VERTEX_POINT ( 'NONE', #550 ) ;
#490 = EDGE_CURVE ( 'NONE', #1081, #83, #1071, .T. ) ;
#491 = DATE_AND_TIME ( #1382, #427 ) ;
#492 = DIRECTION ( 'NONE',  ( 0.000000000000000000, 0.000000000000000000, 1.000000000000000000 ) ) ;
#493 = LINE ( 'NONE', #463, #1267 ) ;
#494 =( NAMED_UNIT ( * ) SI_UNIT ( $, .STERADIAN. ) SOLID_ANGLE_UNIT ( ) );
#495 = DIRECTION ( 'NONE',  ( 1.000000000000000000, -1.300831432532264674E-16, 0.000000000000000000 ) ) ;
#496 = EDGE_LOOP ( 'NONE', ( #1418, #1200 ) ) ;
#497 = COORDINATED_UNIVERSAL_TIME_OFFSET ( 3, 0, .AHEAD. ) ;
#498 = AXIS2_PLACEMENT_3D ( 'NONE', #48, #290, #177 ) ;
#499 = AXIS2_PLACEMENT_3D ( 'NONE', #1205, #296, #1432 ) ;
#500 = VECTOR ( 'NONE', #410, 1000.000000000000000 ) ;
#501 = ORGANIZATION ( 'UNSPECIFIED', 'UNSPECIFIED', '' ) ;
#502 = CARTESIAN_POINT ( 'NONE',  ( -7.484589843551773924, 0.000000000000000000, 0.000000000000000000 ) ) ;
#503 = DIRECTION ( 'NONE',  ( 0.000000000000000000, -1.000000000000000000, 0.000000000000000000 ) ) ;
#504 = DIRECTION ( 'NONE',  ( -1.300831432532264181E-16, -1.000000000000000000, 0.000000000000000000 ) ) ;
#505 = DIRECTION ( 'NONE',  ( 0.000000000000000000, 0.000000000000000000, 1.000000000000000000 ) ) ;
#506 = EDGE_CURVE ( 'NONE', #1312, #1662, #1459, .T. ) ;
#507 = ORIENTED_EDGE ( 'NONE', *, *, #112, .F. ) ;
#508 = LINE ( 'NONE', #152, #1270 ) ;
#509 = CIRCLE ( 'NONE', #830, 0.5000000000000004441 ) ;
#510 = LINE ( 'NONE', #1421, #228 ) ;
#511 = CARTESIAN_POINT ( 'NONE',  ( -13.98458984355177215, 6.958967953895085046, -14.50000000000000000 ) ) ;
#512 = DIRECTION ( 'NONE',  ( 1.000000000000000000, -0.000000000000000000, 2.392722035830078479E-16 ) ) ;
#513 = PLANE ( 'NONE',  #369 ) ;
#514 = ORIENTED_EDGE ( 'NONE', *, *, #573, .F. ) ;
#515 = EDGE_CURVE ( 'NONE', #827, #1081, #568, .T. ) ;
#516 = LINE ( 'NONE', #271, #170 ) ;
#517 = ORIENTED_EDGE ( 'NONE', *, *, #658, .F. ) ;
#518 = LINE ( 'NONE', #1014, #1516 ) ;
#519 = CYLINDRICAL_SURFACE ( 'NONE', #1487, 0.4999999999999998890 ) ;
#520 = CARTESIAN_POINT ( 'NONE',  ( -14.48458984355177215, 6.958967953895085046, -14.50000000000000000 ) ) ;
#521 = ORIENTED_EDGE ( 'NONE', *, *, #1202, .T. ) ;
#522 = CARTESIAN_POINT ( 'NONE',  ( -14.48458984355177392, -0.000000000000000000, 14.50000000000000000 ) ) ;
#523 = ORIENTED_EDGE ( 'NONE', *, *, #680, .F. ) ;
#524 = VECTOR ( 'NONE', #999, 1000.000000000000000 ) ;
#525 = CIRCLE ( 'NONE', #1489, 1.000000000000000888 ) ;
#526 = CARTESIAN_POINT ( 'NONE',  ( -13.98458984355177215, 6.458967953895085934, -14.00000000000000000 ) ) ;
#527 = CC_DESIGN_SECURITY_CLASSIFICATION ( #336, ( #1145 ) ) ;
#528 = DIRECTION ( 'NONE',  ( 0.000000000000000000, 0.000000000000000000, -1.000000000000000000 ) ) ;
#529 = CARTESIAN_POINT ( 'NONE',  ( -1.051131537477189301E-16, -0.8080459244677102859, -23.50000000000000000 ) ) ;
#530 = DIRECTION ( 'NONE',  ( 0.000000000000000000, 0.000000000000000000, 1.000000000000000000 ) ) ;
#531 = ORIENTED_EDGE ( 'NONE', *, *, #1022, .T. ) ;
#532 = LINE ( 'NONE', #1419, #64 ) ;
#533 = ORIENTED_EDGE ( 'NONE', *, *, #240, .T. ) ;
#534 = ADVANCED_FACE ( 'NONE', ( #1211 ), #185, .F. ) ;
#535 = EDGE_CURVE ( 'NONE', #1574, #456, #1215, .T. ) ;
#536 = DIRECTION ( 'NONE',  ( -1.000000000000000000, 0.000000000000000000, 0.000000000000000000 ) ) ;
#537 = ADVANCED_FACE ( 'NONE', ( #1596 ), #1587, .F. ) ;
#538 = CARTESIAN_POINT ( 'NONE',  ( -7.691696624738321830, 7.083554288306426194, 23.79289321881345032 ) ) ;
#539 = EDGE_LOOP ( 'NONE', ( #697, #1076, #1373 ) ) ;
#540 = CARTESIAN_POINT ( 'NONE',  ( 0.000000000000000000, 6.000000000000000000, 0.000000000000000000 ) ) ;
#541 = EDGE_LOOP ( 'NONE', ( #1641, #1463, #1623, #403 ) ) ;
#542 = ADVANCED_FACE ( 'NONE', ( #823, #700 ), #706, .F. ) ;
#543 = CARTESIAN_POINT ( 'NONE',  ( 0.000000000000000000, 0.000000000000000000, -24.00000000000000000 ) ) ;
#544 = ORIENTED_EDGE ( 'NONE', *, *, #661, .T. ) ;
#545 = ORIENTED_EDGE ( 'NONE', *, *, #1210, .F. ) ;
#546 = CARTESIAN_POINT ( 'NONE',  ( 0.000000000000000000, 6.000000000000000000, 14.00000000000000000 ) ) ;
#547 = DIRECTION ( 'NONE',  ( 1.000000000000000000, 0.000000000000000000, -0.000000000000000000 ) ) ;
#548 = ORIENTED_EDGE ( 'NONE', *, *, #1011, .T. ) ;
#549 = ADVANCED_FACE ( 'NONE', ( #1340 ), #695, .T. ) ;
#550 = CARTESIAN_POINT ( 'NONE',  ( 1.163414459189985485E-15, 0.000000000000000000, 9.500000000000000000 ) ) ;
#551 = CIRCLE ( 'NONE', #1138, 0.5000000000000004441 ) ;
#552 = EDGE_CURVE ( 'NONE', #800, #475, #457, .T. ) ;
#553 = AXIS2_PLACEMENT_3D ( 'NONE', #1449, #302, #708 ) ;
#554 = VERTEX_POINT ( 'NONE', #945 ) ;
#555 = CARTESIAN_POINT ( 'NONE',  ( 0.000000000000000000, 6.000000000000000000, -9.500000000000000000 ) ) ;
#556 = ADVANCED_FACE ( 'NONE', ( #36 ), #180, .T. ) ;
#557 = PLANE ( 'NONE',  #1575 ) ;
#558 = ORIENTED_EDGE ( 'NONE', *, *, #127, .T. ) ;
#559 = CYLINDRICAL_SURFACE ( 'NONE', #499, 0.5000000000000004441 ) ;
#560 = DIRECTION ( 'NONE',  ( 0.000000000000000000, 0.000000000000000000, 1.000000000000000000 ) ) ;
#561 = CARTESIAN_POINT ( 'NONE',  ( -13.98458984355177392, -1.308045924467708510, -14.50000000000000000 ) ) ;
#562 = AXIS2_PLACEMENT_3D ( 'NONE', #1136, #1658, #1158 ) ;
#563 = ORIENTED_EDGE ( 'NONE', *, *, #1590, .F. ) ;
#564 = VECTOR ( 'NONE', #1316, 1000.000000000000000 ) ;
#565 = CARTESIAN_POINT ( 'NONE',  ( -14.27748306236522602, -1.183459590056387345, 23.79289321881345032 ) ) ;
#566 = LINE ( 'NONE', #1331, #818 ) ;
#567 = VERTEX_POINT ( 'NONE', #555 ) ;
#568 = LINE ( 'NONE', #703, #1336 ) ;
#569 = EDGE_LOOP ( 'NONE', ( #141, #288, #913 ) ) ;
#570 = DIRECTION ( 'NONE',  ( 0.000000000000000000, 0.000000000000000000, 1.000000000000000000 ) ) ;
#571 = CARTESIAN_POINT ( 'NONE',  ( -14.48458984355177392, 2.950047349125015206, 20.00000000000000000 ) ) ;
#572 = EDGE_LOOP ( 'NONE', ( #1522, #264, #944 ) ) ;
#573 = EDGE_CURVE ( 'NONE', #583, #1369, #414, .T. ) ;
#574 = ORIENTED_EDGE ( 'NONE', *, *, #1095, .T. ) ;
#575 = VECTOR ( 'NONE', #832, 1000.000000000000000 ) ;
#576 = VECTOR ( 'NONE', #379, 1000.000000000000000 ) ;
#577 = ORIENTED_EDGE ( 'NONE', *, *, #74, .F. ) ;
#578 = AXIS2_PLACEMENT_3D ( 'NONE', #742, #1243, #716 ) ;
#579 = CARTESIAN_POINT ( 'NONE',  ( -7.984589843551773924, -0.6834595900563874560, 14.00000000000000000 ) ) ;
#580 = DIRECTION ( 'NONE',  ( 1.000000000000000000, 0.000000000000000000, 0.000000000000000000 ) ) ;
#581 = CARTESIAN_POINT ( 'NONE',  ( 0.000000000000000000, 0.000000000000000000, 14.00000000000000000 ) ) ;
#582 = ORIENTED_EDGE ( 'NONE', *, *, #295, .F. ) ;
#583 = VERTEX_POINT ( 'NONE', #1609 ) ;
#584 = DIRECTION ( 'NONE',  ( 0.000000000000000000, 0.000000000000000000, 1.000000000000000000 ) ) ;
#585 = DIRECTION ( 'NONE',  ( 0.000000000000000000, -2.168404344971006896E-16, -1.000000000000000000 ) ) ;
#586 = DIRECTION ( 'NONE',  ( 1.000000000000000000, 0.000000000000000000, 0.000000000000000000 ) ) ;
#587 = PLANE ( 'NONE',  #745 ) ;
#588 = CIRCLE ( 'NONE', #616, 0.5000000000000004441 ) ;
#589 = ORIENTED_EDGE ( 'NONE', *, *, #1248, .T. ) ;
#590 = ORIENTED_EDGE ( 'NONE', *, *, #1624, .T. ) ;
#591 = DIRECTION ( 'NONE',  ( 0.000000000000000000, -1.000000000000000000, -0.000000000000000000 ) ) ;
#592 = DIRECTION ( 'NONE',  ( 0.000000000000000000, 1.000000000000000000, 0.000000000000000000 ) ) ;
#593 = CARTESIAN_POINT ( 'NONE',  ( -7.984589843551773924, 6.958967953895084158, -24.00000000000000000 ) ) ;
#594 = CYLINDRICAL_SURFACE ( 'NONE', #578, 1.000000000000000888 ) ;
#595 = DIRECTION ( 'NONE',  ( 1.000000000000000000, 0.000000000000000000, 0.000000000000000000 ) ) ;
#596 = EDGE_LOOP ( 'NONE', ( #211, #821, #1044, #718 ) ) ;
#597 = COORDINATED_UNIVERSAL_TIME_OFFSET ( 3, 0, .AHEAD. ) ;
#598 = ORIENTED_EDGE ( 'NONE', *, *, #357, .T. ) ;
#599 = EDGE_CURVE ( 'NONE', #173, #155, #300, .T. ) ;
#600 = DIRECTION ( 'NONE',  ( -1.000000000000000000, 0.000000000000000000, 0.000000000000000000 ) ) ;
#601 = CARTESIAN_POINT ( 'NONE',  ( -14.48458984355177215, 6.958967953895085046, -24.00000000000000000 ) ) ;
#602 = EDGE_CURVE ( 'NONE', #467, #554, #956, .T. ) ;
#603 = DIRECTION ( 'NONE',  ( 0.000000000000000000, 1.000000000000000000, 0.000000000000000000 ) ) ;
#604 = CIRCLE ( 'NONE', #498, 0.5000000000000004441 ) ;
#605 = CARTESIAN_POINT ( 'NONE',  ( -14.48458984355177392, 2.908270204971806105, -18.25000000000000000 ) ) ;
#606 = ORIENTED_EDGE ( 'NONE', *, *, #65, .T. ) ;
#607 = ADVANCED_FACE ( 'NONE', ( #1447 ), #1580, .T. ) ;
#608 = DATE_AND_TIME ( #622, #1358 ) ;
#609 = APPROVAL_PERSON_ORGANIZATION ( #334, #114, #113 ) ;
#610 = CARTESIAN_POINT ( 'NONE',  ( -14.27748306236522602, -1.183459590056387345, 14.20710678118654791 ) ) ;
#611 = DIRECTION ( 'NONE',  ( 0.000000000000000000, 1.000000000000000000, 0.000000000000000000 ) ) ;
#612 = CARTESIAN_POINT ( 'NONE',  ( -14.48458984355177392, -0.6834595900563874560, 14.00000000000000000 ) ) ;
#613 = DIRECTION ( 'NONE',  ( -1.000000000000000000, 0.000000000000000000, 0.000000000000000000 ) ) ;
#614 = ORIENTED_EDGE ( 'NONE', *, *, #1313, .T. ) ;
#615 = PERSON_AND_ORGANIZATION ( #338, #501 ) ;
#616 = AXIS2_PLACEMENT_3D ( 'NONE', #873, #908, #492 ) ;
#617 = LINE ( 'NONE', #1649, #146 ) ;
#618 = EDGE_LOOP ( 'NONE', ( #85, #262, #1093, #574 ) ) ;
#619 = FACE_OUTER_BOUND ( 'NONE', #806, .T. ) ;
#620 = CARTESIAN_POINT ( 'NONE',  ( -7.484589843551773924, 6.000000000000000000, 0.000000000000000000 ) ) ;
#621 = ORIENTED_EDGE ( 'NONE', *, *, #694, .T. ) ;
#622 = CALENDAR_DATE ( 2026, 12, 8 ) ;
#623 = EDGE_CURVE ( 'NONE', #270, #1534, #311, .T. ) ;
#624 = CARTESIAN_POINT ( 'NONE',  ( -7.984589843551773924, -0.8080459244677092867, -14.50000000000000000 ) ) ;
#625 = CARTESIAN_POINT ( 'NONE',  ( 0.000000000000000000, 6.000000000000000000, 14.00000000000000000 ) ) ;
#626 = DIRECTION ( 'NONE',  ( 0.000000000000000000, 0.000000000000000000, -1.000000000000000000 ) ) ;
#627 = DIRECTION ( 'NONE',  ( 1.000000000000000000, 0.000000000000000000, 0.000000000000000000 ) ) ;
#628 = ORIENTED_EDGE ( 'NONE', *, *, #377, .T. ) ;
#629 = APPROVAL_ROLE ( '' ) ;
#630 = LINE ( 'NONE', #1301, #310 ) ;
#631 = VECTOR ( 'NONE', #1054, 1000.000000000000000 ) ;
#632 = CIRCLE ( 'NONE', #1384, 14.00000000000000000 ) ;
#633 = VECTOR ( 'NONE', #1495, 1000.000000000000000 ) ;
#634 = VECTOR ( 'NONE', #1278, 1000.000000000000000 ) ;
#635 = LINE ( 'NONE', #895, #1465 ) ;
#636 = CARTESIAN_POINT ( 'NONE',  ( -14.48458984355177392, 6.000000000000000000, 0.000000000000000000 ) ) ;
#637 = DIRECTION ( 'NONE',  ( 1.000000000000000000, 0.000000000000000000, 0.000000000000000000 ) ) ;
#638 = ORIENTED_EDGE ( 'NONE', *, *, #1445, .T. ) ;
#639 = DIRECTION ( 'NONE',  ( 0.000000000000000000, 1.000000000000000000, -0.000000000000000000 ) ) ;
#640 = ORIENTED_EDGE ( 'NONE', *, *, #1429, .T. ) ;
#641 = AXIS2_PLACEMENT_3D ( 'NONE', #733, #349, #584 ) ;
#642 = CARTESIAN_POINT ( 'NONE',  ( -14.48458984355177392, 2.908270204971806105, -19.25000000000000000 ) ) ;
#643 = CYLINDRICAL_SURFACE ( 'NONE', #346, 0.5000000000000004441 ) ;
#644 =( BOUNDED_CURVE ( )  B_SPLINE_CURVE ( 3, ( #701, #451, #842, #946 ),
 .UNSPECIFIED., .F., .F. ) 
 B_SPLINE_CURVE_WITH_KNOTS ( ( 4, 4 ),
 ( 1.300831432532263441E-16, 1.570796326794896780 ),
 .UNSPECIFIED. ) 
 CURVE ( )  GEOMETRIC_REPRESENTATION_ITEM ( )  RATIONAL_B_SPLINE_CURVE ( ( 1.000000000000000000, 0.8047378541243649375, 0.8047378541243649375, 1.000000000000000000 ) ) 
 REPRESENTATION_ITEM ( '' )  );
#645 = CARTESIAN_POINT ( 'NONE',  ( -7.984589843551773924, -1.308045924467709176, -23.50000000000000000 ) ) ;
#646 = DIRECTION ( 'NONE',  ( 0.000000000000000000, 0.000000000000000000, -1.000000000000000000 ) ) ;
#647 = EDGE_LOOP ( 'NONE', ( #1058, #1207, #1427, #548 ) ) ;
#648 = DIRECTION ( 'NONE',  ( 0.000000000000000000, -1.000000000000000000, 0.000000000000000000 ) ) ;
#649 = EDGE_LOOP ( 'NONE', ( #713, #253, #1460, #250 ) ) ;
#650 = FACE_OUTER_BOUND ( 'NONE', #104, .T. ) ;
#651 = DIRECTION ( 'NONE',  ( 1.000000000000000000, 0.000000000000000000, 0.000000000000000000 ) ) ;
#652 = CARTESIAN_POINT ( 'NONE',  ( -14.50000000000000178, 6.000000000000000000, -13.99999999999999645 ) ) ;
#653 = ORIENTED_EDGE ( 'NONE', *, *, #856, .T. ) ;
#654 =( BOUNDED_CURVE ( )  B_SPLINE_CURVE ( 3, ( #1593, #796, #538, #937 ),
 .UNSPECIFIED., .F., .F. ) 
 B_SPLINE_CURVE_WITH_KNOTS ( ( 4, 4 ),
 ( 0.000000000000000000, 1.570796326794896558 ),
 .UNSPECIFIED. ) 
 CURVE ( )  GEOMETRIC_REPRESENTATION_ITEM ( )  RATIONAL_B_SPLINE_CURVE ( ( 1.000000000000000000, 0.8047378541243649375, 0.8047378541243649375, 1.000000000000000000 ) ) 
 REPRESENTATION_ITEM ( '' )  );
#655 = EDGE_CURVE ( 'NONE', #1440, #153, #407, .T. ) ;
#656 = DIRECTION ( 'NONE',  ( -1.000000000000000000, 1.300831432532264674E-16, -0.000000000000000000 ) ) ;
#657 = ORIENTED_EDGE ( 'NONE', *, *, #56, .F. ) ;
#658 = EDGE_CURVE ( 'NONE', #270, #467, #1319, .T. ) ;
#659 = CIRCLE ( 'NONE', #1599, 0.5000000000000004441 ) ;
#660 = AXIS2_PLACEMENT_3D ( 'NONE', #1196, #289, #1560 ) ;
#661 = EDGE_CURVE ( 'NONE', #162, #800, #163, .T. ) ;
#662 = VECTOR ( 'NONE', #182, 1000.000000000000000 ) ;
#663 = CARTESIAN_POINT ( 'NONE',  ( -7.984589843551773924, 6.000000000000000000, 13.99999999999999822 ) ) ;
#664 = AXIS2_PLACEMENT_3D ( 'NONE', #1190, #1330, #685 ) ;
#665 = LINE ( 'NONE', #636, #1554 ) ;
#666 = DIRECTION ( 'NONE',  ( 0.000000000000000000, 0.000000000000000000, 1.000000000000000000 ) ) ;
#667 = EDGE_CURVE ( 'NONE', #38, #1368, #1174, .T. ) ;
#668 = VERTEX_POINT ( 'NONE', #189 ) ;
#669 =( BOUNDED_CURVE ( )  B_SPLINE_CURVE ( 3, ( #284, #1567, #161, #683 ),
 .UNSPECIFIED., .F., .F. ) 
 B_SPLINE_CURVE_WITH_KNOTS ( ( 4, 4 ),
 ( 1.570796326794896558, 3.141592653589793116 ),
 .UNSPECIFIED. ) 
 CURVE ( )  GEOMETRIC_REPRESENTATION_ITEM ( )  RATIONAL_B_SPLINE_CURVE ( ( 1.000000000000000000, 0.8047378541243649375, 0.8047378541243649375, 1.000000000000000000 ) ) 
 REPRESENTATION_ITEM ( '' )  );
#670 = DIRECTION ( 'NONE',  ( 0.000000000000000000, 1.000000000000000000, 0.000000000000000000 ) ) ;
#671 = ORIENTED_EDGE ( 'NONE', *, *, #1307, .F. ) ;
#672 = CARTESIAN_POINT ( 'NONE',  ( -6.484589843551773924, 2.950047349125015206, 19.00000000000000000 ) ) ;
#673 = EDGE_CURVE ( 'NONE', #135, #162, #359, .T. ) ;
#674 = ORIENTED_EDGE ( 'NONE', *, *, #599, .T. ) ;
#675 = DIRECTION ( 'NONE',  ( 0.000000000000000000, 0.000000000000000000, -1.000000000000000000 ) ) ;
#676 = CARTESIAN_POINT ( 'NONE',  ( -7.484589843551773924, 6.958967953895084158, -14.50000000000000000 ) ) ;
#677 = ADVANCED_FACE ( 'NONE', ( #619 ), #1097, .T. ) ;
#678 = ORIENTED_EDGE ( 'NONE', *, *, #1247, .T. ) ;
#679 = PRODUCT_DEFINITION_SHAPE ( 'NONE', 'NONE',  #424 ) ;
#680 = EDGE_CURVE ( 'NONE', #1356, #461, #1493, .T. ) ;
#681 = DIRECTION ( 'NONE',  ( -0.000000000000000000, -0.000000000000000000, 1.000000000000000000 ) ) ;
#682 = EDGE_CURVE ( 'NONE', #83, #98, #245, .T. ) ;
#683 = CARTESIAN_POINT ( 'NONE',  ( -7.484589843551773924, -0.6834595900563874560, 24.00000000000000000 ) ) ;
#684 = ORIENTED_EDGE ( 'NONE', *, *, #355, .F. ) ;
#685 = DIRECTION ( 'NONE',  ( -1.000000000000000000, 1.300831432532264181E-16, 0.000000000000000000 ) ) ;
#686 = DIRECTION ( 'NONE',  ( 0.000000000000000000, 1.000000000000000000, 0.000000000000000000 ) ) ;
#687 = ORIENTED_EDGE ( 'NONE', *, *, #948, .T. ) ;
#688 = DESIGN_CONTEXT ( 'detailed design', #42, 'design' ) ;
#689 = VECTOR ( 'NONE', #1544, 1000.000000000000000 ) ;
#690 = CYLINDRICAL_SURFACE ( 'NONE', #793, 14.00000000000000000 ) ;
#691 = CIRCLE ( 'NONE', #1569, 0.5000000000000004441 ) ;
#692 = VECTOR ( 'NONE', #1191, 1000.000000000000000 ) ;
#693 = ORIENTED_EDGE ( 'NONE', *, *, #535, .F. ) ;
#694 = EDGE_CURVE ( 'NONE', #919, #1212, #493, .T. ) ;
#695 = CYLINDRICAL_SURFACE ( 'NONE', #1143, 0.5000000000000004441 ) ;
#696 = CARTESIAN_POINT ( 'NONE',  ( -7.984589843551773924, -0.8080459244677091757, -14.00000000000000000 ) ) ;
#697 = ORIENTED_EDGE ( 'NONE', *, *, #707, .T. ) ;
#698 = CARTESIAN_POINT ( 'NONE',  ( -7.484589843551773924, 6.583554288306425306, 24.00000000000000000 ) ) ;
#699 = ORIENTED_EDGE ( 'NONE', *, *, #976, .F. ) ;
#700 = FACE_BOUND ( 'NONE', #1172, .T. ) ;
#701 = CARTESIAN_POINT ( 'NONE',  ( -7.484589843551773924, 6.458967953895085046, -24.00000000000000000 ) ) ;
#702 = EDGE_LOOP ( 'NONE', ( #226, #1628, #430, #1169 ) ) ;
#703 = CARTESIAN_POINT ( 'NONE',  ( -7.484589843551773924, 7.083554288306425306, 24.00000000000000000 ) ) ;
#704 = ORIENTED_EDGE ( 'NONE', *, *, #775, .F. ) ;
#705 = ORIENTED_EDGE ( 'NONE', *, *, #1013, .F. ) ;
#706 = PLANE ( 'NONE',  #1604 ) ;
#707 = EDGE_CURVE ( 'NONE', #668, #1341, #255, .T. ) ;
#708 = DIRECTION ( 'NONE',  ( 0.000000000000000000, 0.000000000000000000, 1.000000000000000000 ) ) ;
#709 = ORIENTED_EDGE ( 'NONE', *, *, #485, .F. ) ;
#710 = EDGE_CURVE ( 'NONE', #1534, #173, #1130, .T. ) ;
#711 = VECTOR ( 'NONE', #1328, 1000.000000000000000 ) ;
#712 = VECTOR ( 'NONE', #872, 1000.000000000000000 ) ;
#713 = ORIENTED_EDGE ( 'NONE', *, *, #404, .T. ) ;
#714 = AXIS2_PLACEMENT_3D ( 'NONE', #225, #495, #725 ) ;
#715 = EDGE_CURVE ( 'NONE', #1089, #1356, #1538, .T. ) ;
#716 = DIRECTION ( 'NONE',  ( 0.000000000000000000, 0.000000000000000000, 1.000000000000000000 ) ) ;
#717 = DIRECTION ( 'NONE',  ( -0.000000000000000000, -1.000000000000000000, -0.000000000000000000 ) ) ;
#718 = ORIENTED_EDGE ( 'NONE', *, *, #904, .T. ) ;
#719 = AXIS2_PLACEMENT_3D ( 'NONE', #1121, #1000, #637 ) ;
#720 = EDGE_CURVE ( 'NONE', #34, #1380, #1651, .T. ) ;
#721 = ORIENTED_EDGE ( 'NONE', *, *, #1374, .T. ) ;
#722 = ORIENTED_EDGE ( 'NONE', *, *, #1622, .T. ) ;
#723 = CARTESIAN_POINT ( 'NONE',  ( -7.984589843551773924, 6.583554288306425306, 14.50000000000000000 ) ) ;
#724 = CARTESIAN_POINT ( 'NONE',  ( -13.98458984355177215, 6.458967953895085934, -14.50000000000000000 ) ) ;
#725 = DIRECTION ( 'NONE',  ( 1.300831432532261962E-16, 1.000000000000000000, 0.000000000000000000 ) ) ;
#726 = ORIENTED_EDGE ( 'NONE', *, *, #552, .T. ) ;
#727 = PERSON_AND_ORGANIZATION_ROLE ( 'creator' ) ;
#728 = EDGE_CURVE ( 'NONE', #567, #1458, #1059, .T. ) ;
#729 = ORIENTED_EDGE ( 'NONE', *, *, #326, .T. ) ;
#730 = EDGE_CURVE ( 'NONE', #748, #467, #551, .T. ) ;
#731 = DIRECTION ( 'NONE',  ( -0.000000000000000000, 0.000000000000000000, -1.000000000000000000 ) ) ;
#732 = EDGE_CURVE ( 'NONE', #1347, #783, #1464, .T. ) ;
#733 = CARTESIAN_POINT ( 'NONE',  ( -7.984589843551773924, 6.583554288306425306, 14.50000000000000000 ) ) ;
#734 = DIRECTION ( 'NONE',  ( 0.000000000000000000, 0.000000000000000000, -1.000000000000000000 ) ) ;
#735 = LINE ( 'NONE', #478, #367 ) ;
#736 = DIRECTION ( 'NONE',  ( 0.000000000000000000, 0.000000000000000000, 1.000000000000000000 ) ) ;
#737 = EDGE_LOOP ( 'NONE', ( #61, #1639, #1348 ) ) ;
#738 = UNCERTAINTY_MEASURE_WITH_UNIT (LENGTH_MEASURE( 1.000000000000000082E-05 ), #1552, 'distance_accuracy_value', 'NONE');
#739 = CARTESIAN_POINT ( 'NONE',  ( -7.484589843551773924, 6.000000000000000000, 0.000000000000000000 ) ) ;
#740 = CARTESIAN_POINT ( 'NONE',  ( -14.50000000000000178, 0.000000000000000000, -13.99999999999999645 ) ) ;
#741 = CIRCLE ( 'NONE', #35, 0.5000000000000004441 ) ;
#742 = CARTESIAN_POINT ( 'NONE',  ( -6.484589843551773924, 2.908270204971806105, -19.25000000000000000 ) ) ;
#743 = VECTOR ( 'NONE', #922, 1000.000000000000000 ) ;
#744 = ORIENTED_EDGE ( 'NONE', *, *, #707, .F. ) ;
#745 = AXIS2_PLACEMENT_3D ( 'NONE', #72, #465, #1652 ) ;
#746 = APPROVAL_DATE_TIME ( #344, #114 ) ;
#747 = CYLINDRICAL_SURFACE ( 'NONE', #1600, 0.5000000000000004441 ) ;
#748 = VERTEX_POINT ( 'NONE', #850 ) ;
#749 = CARTESIAN_POINT ( 'NONE',  ( -7.984589843551773924, -0.8080459244677092867, -14.50000000000000000 ) ) ;
#750 = DIRECTION ( 'NONE',  ( 1.000000000000000000, 0.000000000000000000, 0.000000000000000000 ) ) ;
#751 = DIRECTION ( 'NONE',  ( -2.098367683302296725E-16, -1.000000000000000000, 0.000000000000000000 ) ) ;
#752 = ORIENTED_EDGE ( 'NONE', *, *, #710, .F. ) ;
#753 = DATE_TIME_ROLE ( 'classification_date' ) ;
#754 = CARTESIAN_POINT ( 'NONE',  ( -7.984589843551773924, -0.6834595900563874560, 24.00000000000000000 ) ) ;
#755 = CARTESIAN_POINT ( 'NONE',  ( -7.484589843551773924, 7.083554288306425306, 24.00000000000000000 ) ) ;
#756 = DIRECTION ( 'NONE',  ( 2.098367683302296725E-16, 1.000000000000000000, -0.000000000000000000 ) ) ;
#757 = ORIENTED_EDGE ( 'NONE', *, *, #1149, .F. ) ;
#758 = CARTESIAN_POINT ( 'NONE',  ( -14.48458984355177392, 6.583554288306425306, 24.00000000000000000 ) ) ;
#759 = DIRECTION ( 'NONE',  ( -0.000000000000000000, -1.000000000000000000, -0.000000000000000000 ) ) ;
#760 = CARTESIAN_POINT ( 'NONE',  ( -7.484589843551773924, -0.6834595900563874560, 14.00000000000000000 ) ) ;
#761 = ORIENTED_EDGE ( 'NONE', *, *, #1126, .T. ) ;
#762 = CARTESIAN_POINT ( 'NONE',  ( -7.984589843551773924, 6.458967953895085046, -14.50000000000000000 ) ) ;
#763 = ORIENTED_EDGE ( 'NONE', *, *, #1162, .F. ) ;
#764 = VECTOR ( 'NONE', #1168, 1000.000000000000000 ) ;
#765 = VECTOR ( 'NONE', #1009, 1000.000000000000000 ) ;
#766 = CARTESIAN_POINT ( 'NONE',  ( -13.98458984355177392, -1.308045924467708510, -14.50000000000000000 ) ) ;
#767 = FACE_OUTER_BOUND ( 'NONE', #1050, .T. ) ;
#768 = CARTESIAN_POINT ( 'NONE',  ( -7.691696624738321830, -1.308045924467709176, -23.79289321881345032 ) ) ;
#769 = CARTESIAN_POINT ( 'NONE',  ( -14.48458984355177392, 2.908270204971806105, -20.25000000000000000 ) ) ;
#770 = VERTEX_POINT ( 'NONE', #1636 ) ;
#771 = CARTESIAN_POINT ( 'NONE',  ( -14.48458984355177392, -0.8080459244677083985, -14.50000000000000000 ) ) ;
#772 = ORIENTED_EDGE ( 'NONE', *, *, #305, .T. ) ;
#773 = AXIS2_PLACEMENT_3D ( 'NONE', #754, #896, #915 ) ;
#774 = DIRECTION ( 'NONE',  ( 0.000000000000000000, 1.000000000000000000, 0.000000000000000000 ) ) ;
#775 = EDGE_CURVE ( 'NONE', #1579, #1380, #1515, .T. ) ;
#776 = DIRECTION ( 'NONE',  ( 1.000000000000000000, -2.098367683302296725E-16, 0.000000000000000000 ) ) ;
#777 = LINE ( 'NONE', #1288, #900 ) ;
#778 = FACE_BOUND ( 'NONE', #496, .T. ) ;
#779 = ADVANCED_FACE ( 'NONE', ( #477 ), #990, .T. ) ;
#780 = ORIENTED_EDGE ( 'NONE', *, *, #127, .F. ) ;
#781 = FACE_OUTER_BOUND ( 'NONE', #647, .T. ) ;
#782 = EDGE_CURVE ( 'NONE', #789, #1069, #840, .T. ) ;
#783 = VERTEX_POINT ( 'NONE', #195 ) ;
#784 = ADVANCED_FACE ( 'NONE', ( #1483 ), #1361, .T. ) ;
#785 = DIRECTION ( 'NONE',  ( 1.000000000000000000, -1.300831432532264181E-16, -0.000000000000000000 ) ) ;
#786 = CARTESIAN_POINT ( 'NONE',  ( -7.484589843551773924, 6.583554288306425306, 14.50000000000000000 ) ) ;
#787 = DIRECTION ( 'NONE',  ( -0.000000000000000000, 1.000000000000000000, -0.000000000000000000 ) ) ;
#788 = CYLINDRICAL_SURFACE ( 'NONE', #120, 0.5000000000000004441 ) ;
#789 = VERTEX_POINT ( 'NONE', #1378 ) ;
#790 = DIRECTION ( 'NONE',  ( 0.000000000000000000, -1.000000000000000000, 0.000000000000000000 ) ) ;
#791 = EDGE_LOOP ( 'NONE', ( #1476, #514 ) ) ;
#792 = VECTOR ( 'NONE', #626, 1000.000000000000000 ) ;
#793 = AXIS2_PLACEMENT_3D ( 'NONE', #817, #1181, #32 ) ;
#794 = AXIS2_PLACEMENT_3D ( 'NONE', #393, #1179, #1412 ) ;
#795 = CARTESIAN_POINT ( 'NONE',  ( -14.50000000000000178, 0.000000000000000000, 13.99999999999999645 ) ) ;
#796 = CARTESIAN_POINT ( 'NONE',  ( -7.484589843551773924, 6.876447507119878289, 24.00000000000000000 ) ) ;
#797 = EDGE_LOOP ( 'NONE', ( #1002, #544, #1192, #483 ) ) ;
#798 = CARTESIAN_POINT ( 'NONE',  ( 0.000000000000000000, 0.000000000000000000, 0.000000000000000000 ) ) ;
#799 = CARTESIAN_POINT ( 'NONE',  ( -14.48458984355177392, 6.000000000000000000, 14.50000000000000000 ) ) ;
#800 = VERTEX_POINT ( 'NONE', #740 ) ;
#801 = EDGE_CURVE ( 'NONE', #1612, #1329, #94, .T. ) ;
#802 = AXIS2_PLACEMENT_3D ( 'NONE', #963, #592, #69 ) ;
#803 = DIRECTION ( 'NONE',  ( 1.000000000000000000, -0.000000000000000000, 2.392722035830078479E-16 ) ) ;
#804 = VECTOR ( 'NONE', #1041, 1000.000000000000000 ) ;
#805 = CYLINDRICAL_SURFACE ( 'NONE', #1170, 0.5000000000000004441 ) ;
#806 = EDGE_LOOP ( 'NONE', ( #55, #320, #812, #843 ) ) ;
#807 = DIRECTION ( 'NONE',  ( 0.000000000000000000, -1.000000000000000000, 0.000000000000000000 ) ) ;
#808 = CARTESIAN_POINT ( 'NONE',  ( -13.98458984355177392, 0.000000000000000000, 14.50000000000000000 ) ) ;
#809 = ORIENTED_EDGE ( 'NONE', *, *, #1134, .T. ) ;
#810 = CYLINDRICAL_SURFACE ( 'NONE', #660, 1.000000000000000888 ) ;
#811 = CARTESIAN_POINT ( 'NONE',  ( -14.27748306236522602, -1.308045924467708510, -14.20710678118654791 ) ) ;
#812 = ORIENTED_EDGE ( 'NONE', *, *, #1648, .F. ) ;
#813 = CARTESIAN_POINT ( 'NONE',  ( -7.484589843551773924, -0.6834595900563874560, 14.50000000000000000 ) ) ;
#814 = DIRECTION ( 'NONE',  ( 0.000000000000000000, 0.000000000000000000, 1.000000000000000000 ) ) ;
#815 = ORIENTED_EDGE ( 'NONE', *, *, #1247, .F. ) ;
#816 = VECTOR ( 'NONE', #734, 1000.000000000000000 ) ;
#817 = CARTESIAN_POINT ( 'NONE',  ( 0.000000000000000000, 6.000000000000000000, 0.000000000000000000 ) ) ;
#818 = VECTOR ( 'NONE', #37, 1000.000000000000000 ) ;
#819 = CARTESIAN_POINT ( 'NONE',  ( 0.000000000000000000, 6.000000000000000000, 14.00000000000000000 ) ) ;
#820 = DIRECTION ( 'NONE',  ( -0.000000000000000000, -0.000000000000000000, 1.000000000000000000 ) ) ;
#821 = ORIENTED_EDGE ( 'NONE', *, *, #254, .T. ) ;
#822 = ORIENTED_EDGE ( 'NONE', *, *, #1079, .F. ) ;
#823 = FACE_OUTER_BOUND ( 'NONE', #1470, .T. ) ;
#824 = DIRECTION ( 'NONE',  ( 0.000000000000000000, 0.000000000000000000, -1.000000000000000000 ) ) ;
#825 = ORIENTED_EDGE ( 'NONE', *, *, #481, .F. ) ;
#826 = CARTESIAN_POINT ( 'NONE',  ( 0.000000000000000000, 6.000000000000000000, 0.000000000000000000 ) ) ;
#827 = VERTEX_POINT ( 'NONE', #1137 ) ;
#828 = ADVANCED_FACE ( 'NONE', ( #1676 ), #12, .T. ) ;
#829 = LINE ( 'NONE', #1206, #1655 ) ;
#830 = AXIS2_PLACEMENT_3D ( 'NONE', #1150, #1415, #372 ) ;
#831 = ORIENTED_EDGE ( 'NONE', *, *, #720, .F. ) ;
#832 = DIRECTION ( 'NONE',  ( 1.000000000000000000, -0.000000000000000000, 2.392722035830078479E-16 ) ) ;
#833 = ADVANCED_FACE ( 'NONE', ( #1526 ), #519, .T. ) ;
#834 = FACE_OUTER_BOUND ( 'NONE', #425, .T. ) ;
#835 = VERTEX_POINT ( 'NONE', #130 ) ;
#836 = EDGE_CURVE ( 'NONE', #456, #1488, #659, .T. ) ;
#837 = EDGE_LOOP ( 'NONE', ( #1046, #133, #1420 ) ) ;
#838 = EDGE_CURVE ( 'NONE', #911, #993, #889, .T. ) ;
#839 = DIRECTION ( 'NONE',  ( -1.000000000000000000, 0.000000000000000000, -2.392722035830078479E-16 ) ) ;
#840 = LINE ( 'NONE', #1350, #89 ) ;
#841 = PLANE ( 'NONE',  #148 ) ;
#842 = CARTESIAN_POINT ( 'NONE',  ( -7.691696624738321830, 6.958967953895084158, -23.79289321881345032 ) ) ;
#843 = ORIENTED_EDGE ( 'NONE', *, *, #602, .F. ) ;
#844 = CARTESIAN_POINT ( 'NONE',  ( -14.50000000000000178, 6.000000000000000000, 13.99999999999999645 ) ) ;
#845 = VECTOR ( 'NONE', #787, 1000.000000000000000 ) ;
#846 = VECTOR ( 'NONE', #1263, 1000.000000000000000 ) ;
#847 = LINE ( 'NONE', #739, #1314 ) ;
#848 = EDGE_CURVE ( 'NONE', #1209, #1018, #399, .T. ) ;
#849 = VECTOR ( 'NONE', #52, 1000.000000000000000 ) ;
#850 = CARTESIAN_POINT ( 'NONE',  ( -7.484589843551773924, 0.000000000000000000, 14.50000000000000000 ) ) ;
#851 = FACE_OUTER_BOUND ( 'NONE', #797, .T. ) ;
#852 = DIRECTION ( 'NONE',  ( -1.000000000000000000, 0.000000000000000000, -0.000000000000000000 ) ) ;
#853 = ORIENTED_EDGE ( 'NONE', *, *, #658, .T. ) ;
#854 = APPLICATION_PROTOCOL_DEFINITION ( 'international standard', 'config_control_design', 1994, #42 ) ;
#855 = ADVANCED_FACE ( 'NONE', ( #1042, #1393 ), #909, .F. ) ;
#856 = EDGE_CURVE ( 'NONE', #960, #1500, #1159, .T. ) ;
#857 = VERTEX_POINT ( 'NONE', #275 ) ;
#858 = DIRECTION ( 'NONE',  ( 0.000000000000000000, 0.000000000000000000, -1.000000000000000000 ) ) ;
#859 = DIRECTION ( 'NONE',  ( 0.000000000000000000, 0.000000000000000000, 1.000000000000000000 ) ) ;
#860 = CIRCLE ( 'NONE', #460, 0.5000000000000004441 ) ;
#861 = CARTESIAN_POINT ( 'NONE',  ( -7.984589843551773924, 7.083554288306425306, 14.50000000000000000 ) ) ;
#862 = FACE_OUTER_BOUND ( 'NONE', #1586, .T. ) ;
#863 = ORIENTED_EDGE ( 'NONE', *, *, #838, .F. ) ;
#864 = CALENDAR_DATE ( 2026, 12, 8 ) ;
#865 = FACE_OUTER_BOUND ( 'NONE', #1297, .T. ) ;
#866 = DIRECTION ( 'NONE',  ( 1.000000000000000000, -1.300831432532264674E-16, 0.000000000000000000 ) ) ;
#867 = DIRECTION ( 'NONE',  ( 0.000000000000000000, 0.000000000000000000, -1.000000000000000000 ) ) ;
#868 = FACE_OUTER_BOUND ( 'NONE', #837, .T. ) ;
#869 = CARTESIAN_POINT ( 'NONE',  ( -7.984589843551773924, 6.000000000000000000, -14.50000000000000000 ) ) ;
#870 = ORIENTED_EDGE ( 'NONE', *, *, #1162, .T. ) ;
#871 = PERSON_AND_ORGANIZATION_ROLE ( 'design_supplier' ) ;
#872 = DIRECTION ( 'NONE',  ( -0.000000000000000000, -0.000000000000000000, 1.000000000000000000 ) ) ;
#873 = CARTESIAN_POINT ( 'NONE',  ( -13.98458984355177215, 6.000000000000000000, -14.50000000000000000 ) ) ;
#874 = CARTESIAN_POINT ( 'NONE',  ( -13.98458984355177392, 6.583554288306425306, 14.50000000000000000 ) ) ;
#875 = AXIS2_PLACEMENT_3D ( 'NONE', #749, #233, #585 ) ;
#876 = CARTESIAN_POINT ( 'NONE',  ( -13.98458984355177392, -1.308045924467708510, -24.00000000000000000 ) ) ;
#877 = ORIENTED_EDGE ( 'NONE', *, *, #1431, .F. ) ;
#878 = AXIS2_PLACEMENT_3D ( 'NONE', #540, #670, #1664 ) ;
#879 = CALENDAR_DATE ( 2026, 12, 8 ) ;
#880 = VECTOR ( 'NONE', #374, 1000.000000000000000 ) ;
#881 = CARTESIAN_POINT ( 'NONE',  ( 0.000000000000000000, 6.000000000000000000, -14.00000000000000000 ) ) ;
#882 = CARTESIAN_POINT ( 'NONE',  ( -14.48458984355177392, -0.8080459244677083985, -14.00000000000000000 ) ) ;
#883 = DIRECTION ( 'NONE',  ( -0.000000000000000000, -0.000000000000000000, -1.000000000000000000 ) ) ;
#884 = ORIENTED_EDGE ( 'NONE', *, *, #485, .T. ) ;
#885 = PERSON_AND_ORGANIZATION_ROLE ( 'design_owner' ) ;
#886 = CARTESIAN_POINT ( 'NONE',  ( -14.48458984355177392, 0.000000000000000000, 14.00000000000000000 ) ) ;
#887 = CARTESIAN_POINT ( 'NONE',  ( -7.984589843551773924, 6.458967953895085046, -14.50000000000000000 ) ) ;
#888 = PLANE ( 'NONE',  #1035 ) ;
#889 = LINE ( 'NONE', #1032, #764 ) ;
#890 = CARTESIAN_POINT ( 'NONE',  ( -7.984589843551773924, 7.083554288306425306, 23.50000000000000000 ) ) ;
#891 = ORIENTED_EDGE ( 'NONE', *, *, #1276, .T. ) ;
#892 = EDGE_CURVE ( 'NONE', #173, #827, #1407, .T. ) ;
#893 = LINE ( 'NONE', #1403, #283 ) ;
#894 = VERTEX_POINT ( 'NONE', #248 ) ;
#895 = CARTESIAN_POINT ( 'NONE',  ( -7.484589843551773924, 0.000000000000000000, 14.50000000000000000 ) ) ;
#896 = DIRECTION ( 'NONE',  ( 0.000000000000000000, 0.000000000000000000, -1.000000000000000000 ) ) ;
#897 = DIRECTION ( 'NONE',  ( 0.000000000000000000, 1.000000000000000000, 0.000000000000000000 ) ) ;
#898 = LINE ( 'NONE', #918, #1659 ) ;
#899 = ORIENTED_EDGE ( 'NONE', *, *, #972, .T. ) ;
#900 = VECTOR ( 'NONE', #883, 1000.000000000000000 ) ;
#901 = CYLINDRICAL_SURFACE ( 'NONE', #1411, 0.5000000000000000000 ) ;
#902 = ORIENTED_EDGE ( 'NONE', *, *, #906, .T. ) ;
#903 = CIRCLE ( 'NONE', #878, 9.500000000000000000 ) ;
#904 = EDGE_CURVE ( 'NONE', #919, #418, #200, .T. ) ;
#905 = CIRCLE ( 'NONE', #453, 0.5000000000000004441 ) ;
#906 = EDGE_CURVE ( 'NONE', #173, #83, #268, .T. ) ;
#907 = LINE ( 'NONE', #1414, #927 ) ;
#908 = DIRECTION ( 'NONE',  ( -0.000000000000000000, -1.000000000000000000, -0.000000000000000000 ) ) ;
#909 = PLANE ( 'NONE',  #62 ) ;
#910 = DIRECTION ( 'NONE',  ( 1.000000000000000000, 0.000000000000000000, -2.392722035830078479E-16 ) ) ;
#911 = VERTEX_POINT ( 'NONE', #147 ) ;
#912 = CARTESIAN_POINT ( 'NONE',  ( -14.48458984355177215, 6.458967953895085934, -14.00000000000000000 ) ) ;
#913 = ORIENTED_EDGE ( 'NONE', *, *, #732, .T. ) ;
#914 = DIRECTION ( 'NONE',  ( 0.000000000000000000, 0.000000000000000000, -1.000000000000000000 ) ) ;
#915 = DIRECTION ( 'NONE',  ( -1.000000000000000000, 0.000000000000000000, 0.000000000000000000 ) ) ;
#916 = EDGE_CURVE ( 'NONE', #668, #418, #777, .T. ) ;
#917 = CARTESIAN_POINT ( 'NONE',  ( -13.98458984355177392, -0.8080459244677083985, -24.00000000000000000 ) ) ;
#918 = CARTESIAN_POINT ( 'NONE',  ( -13.98458984355177392, 7.083554288306425306, 14.00000000000000000 ) ) ;
#919 = VERTEX_POINT ( 'NONE', #645 ) ;
#920 = DIRECTION ( 'NONE',  ( -1.000000000000000000, 0.000000000000000000, 2.392722035830078479E-16 ) ) ;
#921 = ORIENTED_EDGE ( 'NONE', *, *, #1376, .T. ) ;
#922 = DIRECTION ( 'NONE',  ( -1.000000000000000000, 0.000000000000000000, 0.000000000000000000 ) ) ;
#923 = ORIENTED_EDGE ( 'NONE', *, *, #682, .F. ) ;
#924 = CARTESIAN_POINT ( 'NONE',  ( -13.98458984355177215, 6.458967953895085934, -14.50000000000000000 ) ) ;
#925 = ORIENTED_EDGE ( 'NONE', *, *, #728, .T. ) ;
#926 = VECTOR ( 'NONE', #790, 1000.000000000000000 ) ;
#927 = VECTOR ( 'NONE', #273, 1000.000000000000000 ) ;
#928 = AXIS2_PLACEMENT_3D ( 'NONE', #207, #1371, #974 ) ;
#929 = DIRECTION ( 'NONE',  ( -0.000000000000000000, -0.000000000000000000, -1.000000000000000000 ) ) ;
#930 = VECTOR ( 'NONE', #301, 1000.000000000000000 ) ;
#931 = ORIENTED_EDGE ( 'NONE', *, *, #552, .F. ) ;
#932 = DIRECTION ( 'NONE',  ( 1.000000000000000000, 0.000000000000000000, -0.000000000000000000 ) ) ;
#933 = CARTESIAN_POINT ( 'NONE',  ( -7.984589843551773924, 7.083554288306425306, 14.50000000000000000 ) ) ;
#934 = EDGE_LOOP ( 'NONE', ( #705, #1553, #84, #831 ) ) ;
#935 = CLOSED_SHELL ( 'NONE', ( #380, #59, #1546, #221, #181, #1566, #1618, #542, #385, #363, #26, #534, #556, #126, #54, #537, #433, #1262, #1613, #232, #828, #1492, #237, #1426, #855, #1442, #607, #176, #1547, #436, #677, #166, #1305, #203, #1469, #784, #1481, #267, #1629, #1475, #955, #833, #1245, #1324, #549, #309, #1434, #1004, #184, #1550, #779, #1422, #1640, #1558, #1498, #439 ) ) ;
#936 = DIRECTION ( 'NONE',  ( 1.000000000000000000, 0.000000000000000000, -0.000000000000000000 ) ) ;
#937 = CARTESIAN_POINT ( 'NONE',  ( -7.984589843551773924, 7.083554288306425306, 23.50000000000000000 ) ) ;
#938 = ORIENTED_EDGE ( 'NONE', *, *, #251, .T. ) ;
#939 = CARTESIAN_POINT ( 'NONE',  ( -14.27748306236522602, -1.308045924467708510, -23.79289321881345032 ) ) ;
#940 = LINE ( 'NONE', #676, #849 ) ;
#941 = VERTEX_POINT ( 'NONE', #121 ) ;
#942 = DIRECTION ( 'NONE',  ( 0.000000000000000000, 0.000000000000000000, 1.000000000000000000 ) ) ;
#943 = CARTESIAN_POINT ( 'NONE',  ( -7.984589843551773924, 6.583554288306425306, 14.00000000000000000 ) ) ;
#944 = ORIENTED_EDGE ( 'NONE', *, *, #1648, .T. ) ;
#945 = CARTESIAN_POINT ( 'NONE',  ( -7.984589843551773924, -0.6834595900563874560, 14.00000000000000000 ) ) ;
#946 = CARTESIAN_POINT ( 'NONE',  ( -7.984589843551773924, 6.958967953895084158, -23.50000000000000000 ) ) ;
#947 = EDGE_LOOP ( 'NONE', ( #111, #337, #1377, #1034 ) ) ;
#948 = EDGE_CURVE ( 'NONE', #1488, #1583, #242, .T. ) ;
#949 = AXIS2_PLACEMENT_3D ( 'NONE', #1370, #487, #1250 ) ;
#950 = DIRECTION ( 'NONE',  ( -1.000000000000000000, 0.000000000000000000, 2.392722035830078479E-16 ) ) ;
#951 = ORIENTED_EDGE ( 'NONE', *, *, #295, .T. ) ;
#952 = EDGE_CURVE ( 'NONE', #1506, #1369, #1660, .T. ) ;
#953 =( GEOMETRIC_REPRESENTATION_CONTEXT ( 3 ) GLOBAL_UNCERTAINTY_ASSIGNED_CONTEXT ( ( #738 ) ) GLOBAL_UNIT_ASSIGNED_CONTEXT ( ( #1552, #1131, #494 ) ) REPRESENTATION_CONTEXT ( 'NONE', 'WORKASPACE' ) );
#954 = ORIENTED_EDGE ( 'NONE', *, *, #256, .F. ) ;
#955 = ADVANCED_FACE ( 'NONE', ( #390 ), #109, .T. ) ;
#956 = LINE ( 'NONE', #579, #1167 ) ;
#957 = DIRECTION ( 'NONE',  ( 0.000000000000000000, 0.000000000000000000, 1.000000000000000000 ) ) ;
#958 = ORIENTED_EDGE ( 'NONE', *, *, #836, .T. ) ;
#959 = EDGE_CURVE ( 'NONE', #231, #78, #1669, .T. ) ;
#960 = VERTEX_POINT ( 'NONE', #1064 ) ;
#961 = APPROVAL ( #1012, 'UNSPECIFIED' ) ;
#962 = AXIS2_PLACEMENT_3D ( 'NONE', #989, #997, #839 ) ;
#963 = CARTESIAN_POINT ( 'NONE',  ( 0.000000000000000000, 0.000000000000000000, 0.000000000000000000 ) ) ;
#964 = DIRECTION ( 'NONE',  ( 0.000000000000000000, 0.000000000000000000, -1.000000000000000000 ) ) ;
#965 = CARTESIAN_POINT ( 'NONE',  ( -7.484589843551773924, 6.000000000000000000, -14.00000000000000000 ) ) ;
#966 = DIRECTION ( 'NONE',  ( 1.000000000000000000, -0.000000000000000000, 2.392722035830078479E-16 ) ) ;
#967 = ORIENTED_EDGE ( 'NONE', *, *, #1624, .F. ) ;
#968 = ORIENTED_EDGE ( 'NONE', *, *, #682, .T. ) ;
#969 = DIRECTION ( 'NONE',  ( 1.000000000000000000, 0.000000000000000000, -2.392722035830078479E-16 ) ) ;
#970 = ORIENTED_EDGE ( 'NONE', *, *, #5, .F. ) ;
#971 = ORIENTED_EDGE ( 'NONE', *, *, #76, .T. ) ;
#972 = EDGE_CURVE ( 'NONE', #1081, #1612, #654, .T. ) ;
#973 = CARTESIAN_POINT ( 'NONE',  ( -13.98458984355177215, 6.458967953895085934, -24.00000000000000000 ) ) ;
#974 = DIRECTION ( 'NONE',  ( 0.000000000000000000, 0.000000000000000000, 1.000000000000000000 ) ) ;
#975 = ORIENTED_EDGE ( 'NONE', *, *, #655, .F. ) ;
#976 = EDGE_CURVE ( 'NONE', #38, #919, #829, .T. ) ;
#977 = CARTESIAN_POINT ( 'NONE',  ( -7.984589843551773924, -0.6834595900563874560, 14.50000000000000000 ) ) ;
#978 = EDGE_LOOP ( 'NONE', ( #416, #533, #191, #1366 ) ) ;
#979 = VECTOR ( 'NONE', #920, 1000.000000000000000 ) ;
#980 = CARTESIAN_POINT ( 'NONE',  ( -14.48458984355177392, -0.6834595900563874560, 14.00000000000000000 ) ) ;
#981 = DIRECTION ( 'NONE',  ( 0.000000000000000000, 0.000000000000000000, 1.000000000000000000 ) ) ;
#982 = ORIENTED_EDGE ( 'NONE', *, *, #413, .F. ) ;
#983 = APPROVAL_PERSON_ORGANIZATION ( #1254, #961, #994 ) ;
#984 = DATE_AND_TIME ( #879, #1443 ) ;
#985 = EDGE_CURVE ( 'NONE', #1347, #471, #604, .T. ) ;
#986 = ORIENTED_EDGE ( 'NONE', *, *, #490, .F. ) ;
#987 =( BOUNDED_CURVE ( )  B_SPLINE_CURVE ( 3, ( #980, #93, #610, #1119 ),
 .UNSPECIFIED., .F., .F. ) 
 B_SPLINE_CURVE_WITH_KNOTS ( ( 4, 4 ),
 ( 3.141592653589793116, 4.712388980384689674 ),
 .UNSPECIFIED. ) 
 CURVE ( )  GEOMETRIC_REPRESENTATION_ITEM ( )  RATIONAL_B_SPLINE_CURVE ( ( 1.000000000000000000, 0.8047378541243649375, 0.8047378541243649375, 1.000000000000000000 ) ) 
 REPRESENTATION_ITEM ( '' )  );
#988 = PLANE ( 'NONE',  #143 ) ;
#989 = CARTESIAN_POINT ( 'NONE',  ( 0.000000000000000000, 6.000000000000000000, 14.00000000000000000 ) ) ;
#990 = CYLINDRICAL_SURFACE ( 'NONE', #421, 0.5000000000000004441 ) ;
#991 = DIRECTION ( 'NONE',  ( -0.000000000000000000, -1.000000000000000000, -0.000000000000000000 ) ) ;
#992 = CARTESIAN_POINT ( 'NONE',  ( -7.984589843551773924, 0.000000000000000000, -13.99999999999999822 ) ) ;
#993 = VERTEX_POINT ( 'NONE', #1454 ) ;
#994 = APPROVAL_ROLE ( '' ) ;
#995 = ORIENTED_EDGE ( 'NONE', *, *, #1027, .T. ) ;
#996 = DIRECTION ( 'NONE',  ( 1.000000000000000000, 0.000000000000000000, 0.000000000000000000 ) ) ;
#997 = DIRECTION ( 'NONE',  ( 2.392722035830078479E-16, 0.000000000000000000, -1.000000000000000000 ) ) ;
#998 =( BOUNDED_CURVE ( )  B_SPLINE_CURVE ( 3, ( #1132, #97, #361, #1106 ),
 .UNSPECIFIED., .F., .F. ) 
 B_SPLINE_CURVE_WITH_KNOTS ( ( 4, 4 ),
 ( 3.141592653589793116, 4.712388980384689674 ),
 .UNSPECIFIED. ) 
 CURVE ( )  GEOMETRIC_REPRESENTATION_ITEM ( )  RATIONAL_B_SPLINE_CURVE ( ( 1.000000000000000000, 0.8047378541243649375, 0.8047378541243649375, 1.000000000000000000 ) ) 
 REPRESENTATION_ITEM ( '' )  );
#999 = DIRECTION ( 'NONE',  ( 0.000000000000000000, 0.000000000000000000, 1.000000000000000000 ) ) ;
#1000 = DIRECTION ( 'NONE',  ( 0.000000000000000000, 1.000000000000000000, 0.000000000000000000 ) ) ;
#1001 = DIRECTION ( 'NONE',  ( -0.000000000000000000, 0.000000000000000000, 1.000000000000000000 ) ) ;
#1002 = ORIENTED_EDGE ( 'NONE', *, *, #1128, .F. ) ;
#1003 = DIRECTION ( 'NONE',  ( 0.000000000000000000, 0.000000000000000000, 1.000000000000000000 ) ) ;
#1004 = ADVANCED_FACE ( 'NONE', ( #1213 ), #805, .T. ) ;
#1005 = CARTESIAN_POINT ( 'NONE',  ( 0.000000000000000000, 0.000000000000000000, -9.500000000000000000 ) ) ;
#1006 = CIRCLE ( 'NONE', #8, 0.5000000000000004441 ) ;
#1007 = DIRECTION ( 'NONE',  ( -0.000000000000000000, 1.000000000000000000, -0.000000000000000000 ) ) ;
#1008 = CIRCLE ( 'NONE', #199, 0.5000000000000004441 ) ;
#1009 = DIRECTION ( 'NONE',  ( 0.000000000000000000, 0.000000000000000000, 1.000000000000000000 ) ) ;
#1010 = VERTEX_POINT ( 'NONE', #1317 ) ;
#1011 = EDGE_CURVE ( 'NONE', #135, #308, #1578, .T. ) ;
#1012 = APPROVAL_STATUS ( 'not_yet_approved' ) ;
#1013 = EDGE_CURVE ( 'NONE', #1436, #34, #1085, .T. ) ;
#1014 = CARTESIAN_POINT ( 'NONE',  ( 0.000000000000000000, 6.000000000000000000, -14.00000000000000000 ) ) ;
#1015 = SPHERICAL_SURFACE ( 'NONE', #562, 0.5000000000000000000 ) ;
#1016 = CARTESIAN_POINT ( 'NONE',  ( 0.000000000000000000, 6.000000000000000000, 14.00000000000000000 ) ) ;
#1017 = CARTESIAN_POINT ( 'NONE',  ( 0.000000000000000000, 6.000000000000000000, -14.00000000000000000 ) ) ;
#1018 = VERTEX_POINT ( 'NONE', #819 ) ;
#1019 = VECTOR ( 'NONE', #108, 1000.000000000000000 ) ;
#1020 = DIRECTION ( 'NONE',  ( 1.000000000000000000, 0.000000000000000000, 0.000000000000000000 ) ) ;
#1021 = CARTESIAN_POINT ( 'NONE',  ( -7.484589843551773924, 2.950047349125015206, 19.00000000000000000 ) ) ;
#1022 = EDGE_CURVE ( 'NONE', #783, #98, #1080, .T. ) ;
#1023 = DIRECTION ( 'NONE',  ( -0.000000000000000000, -1.000000000000000000, -0.000000000000000000 ) ) ;
#1024 = CARTESIAN_POINT ( 'NONE',  ( -6.484589843551773924, 2.950047349125015206, 20.00000000000000000 ) ) ;
#1025 = DIRECTION ( 'NONE',  ( 0.000000000000000000, 1.000000000000000000, 0.000000000000000000 ) ) ;
#1026 = ORIENTED_EDGE ( 'NONE', *, *, #186, .F. ) ;
#1027 = EDGE_CURVE ( 'NONE', #304, #1542, #448, .T. ) ;
#1028 = DIRECTION ( 'NONE',  ( 0.000000000000000000, 0.000000000000000000, -1.000000000000000000 ) ) ;
#1029 = EDGE_LOOP ( 'NONE', ( #49, #204, #426, #938 ) ) ;
#1030 = EDGE_CURVE ( 'NONE', #1069, #827, #669, .T. ) ;
#1031 = CARTESIAN_POINT ( 'NONE',  ( -14.48458984355177392, -0.6834595900563874560, 24.00000000000000000 ) ) ;
#1032 = CARTESIAN_POINT ( 'NONE',  ( 8.402028536145332599E-16, 6.458967953895084158, -24.00000000000000000 ) ) ;
#1033 = FACE_OUTER_BOUND ( 'NONE', #1084, .T. ) ;
#1034 = ORIENTED_EDGE ( 'NONE', *, *, #112, .T. ) ;
#1035 = AXIS2_PLACEMENT_3D ( 'NONE', #1265, #193, #969 ) ;
#1036 = DIRECTION ( 'NONE',  ( 2.098367683302296725E-16, 1.000000000000000000, -5.020810595111116336E-32 ) ) ;
#1037 = ORIENTED_EDGE ( 'NONE', *, *, #1186, .T. ) ;
#1038 = CIRCLE ( 'NONE', #794, 0.5000000000000000000 ) ;
#1039 = EDGE_CURVE ( 'NONE', #1662, #231, #1049, .T. ) ;
#1040 = DIRECTION ( 'NONE',  ( 1.000000000000000000, -0.000000000000000000, -0.000000000000000000 ) ) ;
#1041 = DIRECTION ( 'NONE',  ( -1.000000000000000000, 0.000000000000000000, 0.000000000000000000 ) ) ;
#1042 = FACE_BOUND ( 'NONE', #158, .T. ) ;
#1043 = DIRECTION ( 'NONE',  ( 0.000000000000000000, 0.000000000000000000, -1.000000000000000000 ) ) ;
#1044 = ORIENTED_EDGE ( 'NONE', *, *, #694, .F. ) ;
#1045 = DIRECTION ( 'NONE',  ( 0.000000000000000000, -1.000000000000000000, 0.000000000000000000 ) ) ;
#1046 = ORIENTED_EDGE ( 'NONE', *, *, #1572, .F. ) ;
#1047 = AXIS2_PLACEMENT_3D ( 'NONE', #625, #1399, #9 ) ;
#1048 = LINE ( 'NONE', #175, #422 ) ;
#1049 = LINE ( 'NONE', #434, #711 ) ;
#1050 = EDGE_LOOP ( 'NONE', ( #18, #449, #1446, #1491 ) ) ;
#1051 = LINE ( 'NONE', #522, #926 ) ;
#1052 = EDGE_LOOP ( 'NONE', ( #317, #1164, #563, #291 ) ) ;
#1053 = DIRECTION ( 'NONE',  ( -1.000000000000000000, -0.000000000000000000, -0.000000000000000000 ) ) ;
#1054 = DIRECTION ( 'NONE',  ( 1.000000000000000000, -0.000000000000000000, 2.392722035830078479E-16 ) ) ;
#1055 = ORIENTED_EDGE ( 'NONE', *, *, #1321, .T. ) ;
#1056 = DIRECTION ( 'NONE',  ( 1.000000000000000000, -0.000000000000000000, 2.392722035830078479E-16 ) ) ;
#1057 = CARTESIAN_POINT ( 'NONE',  ( -7.484589843551773924, 0.000000000000000000, 14.00000000000000000 ) ) ;
#1058 = ORIENTED_EDGE ( 'NONE', *, *, #1240, .F. ) ;
#1059 = CIRCLE ( 'NONE', #1193, 9.500000000000000000 ) ;
#1060 = CIRCLE ( 'NONE', #1656, 1.000000000000000888 ) ;
#1061 = VECTOR ( 'NONE', #751, 1000.000000000000000 ) ;
#1062 = PLANE ( 'NONE',  #1219 ) ;
#1063 = CC_DESIGN_APPROVAL ( #114, ( #424 ) ) ;
#1064 = CARTESIAN_POINT ( 'NONE',  ( -7.484589843551773924, 0.000000000000000000, -14.00000000000000000 ) ) ;
#1065 = PRODUCT_RELATED_PRODUCT_CATEGORY ( 'detail', '', ( #1125 ) ) ;
#1066 = ORIENTED_EDGE ( 'NONE', *, *, #730, .T. ) ;
#1067 = CARTESIAN_POINT ( 'NONE',  ( 0.000000000000000000, 0.000000000000000000, -14.00000000000000000 ) ) ;
#1068 = DIRECTION ( 'NONE',  ( 0.000000000000000000, 0.000000000000000000, 1.000000000000000000 ) ) ;
#1069 = VERTEX_POINT ( 'NONE', #1199 ) ;
#1070 = AXIS2_PLACEMENT_3D ( 'NONE', #887, #247, #503 ) ;
#1071 = LINE ( 'NONE', #698, #11 ) ;
#1072 = VERTEX_POINT ( 'NONE', #943 ) ;
#1073 = CARTESIAN_POINT ( 'NONE',  ( -14.48458984355177570, -0.9763528088698395502, 24.00000000000000000 ) ) ;
#1074 = EDGE_CURVE ( 'NONE', #1347, #1109, #1051, .T. ) ;
#1075 = CARTESIAN_POINT ( 'NONE',  ( -14.48458984355177392, -0.8080459244677083985, -24.00000000000000000 ) ) ;
#1076 = ORIENTED_EDGE ( 'NONE', *, *, #1198, .F. ) ;
#1077 = EDGE_CURVE ( 'NONE', #1089, #941, #691, .T. ) ;
#1078 = CARTESIAN_POINT ( 'NONE',  ( -7.484589843551773924, -0.8080459244677092867, -24.00000000000000000 ) ) ;
#1079 = EDGE_CURVE ( 'NONE', #461, #857, #1146, .T. ) ;
#1080 = LINE ( 'NONE', #1594, #168 ) ;
#1081 = VERTEX_POINT ( 'NONE', #140 ) ;
#1082 = DIRECTION ( 'NONE',  ( 0.000000000000000000, 1.000000000000000000, 0.000000000000000000 ) ) ;
#1083 = CARTESIAN_POINT ( 'NONE',  ( -7.484589843551773924, 6.000000000000000000, 13.99999999999999822 ) ) ;
#1084 = EDGE_LOOP ( 'NONE', ( #1055, #523, #343, #954 ) ) ;
#1085 = CIRCLE ( 'NONE', #1408, 1.000000000000000888 ) ;
#1086 = VECTOR ( 'NONE', #1467, 1000.000000000000000 ) ;
#1087 = ORIENTED_EDGE ( 'NONE', *, *, #1622, .F. ) ;
#1088 = ORIENTED_EDGE ( 'NONE', *, *, #345, .F. ) ;
#1089 = VERTEX_POINT ( 'NONE', #252 ) ;
#1090 = DIRECTION ( 'NONE',  ( 0.000000000000000000, -1.000000000000000000, 0.000000000000000000 ) ) ;
#1091 = CYLINDRICAL_SURFACE ( 'NONE', #423, 0.5000000000000004441 ) ;
#1092 = FACE_OUTER_BOUND ( 'NONE', #596, .T. ) ;
#1093 = ORIENTED_EDGE ( 'NONE', *, *, #1326, .F. ) ;
#1094 = ORIENTED_EDGE ( 'NONE', *, *, #355, .T. ) ;
#1095 = EDGE_CURVE ( 'NONE', #183, #272, #741, .T. ) ;
#1096 = FACE_OUTER_BOUND ( 'NONE', #934, .T. ) ;
#1097 = CYLINDRICAL_SURFACE ( 'NONE', #10, 0.5000000000000004441 ) ;
#1098 = CARTESIAN_POINT ( 'NONE',  ( 0.000000000000000000, 6.000000000000000000, 0.000000000000000000 ) ) ;
#1099 = FACE_OUTER_BOUND ( 'NONE', #1359, .T. ) ;
#1100 = EDGE_LOOP ( 'NONE', ( #362, #1344, #1094, #891 ) ) ;
#1101 = ADVANCED_BREP_SHAPE_REPRESENTATION ( 'Flange Bearing Housing', ( #1335, #1222 ), #953 ) ;
#1102 = ORIENTED_EDGE ( 'NONE', *, *, #490, .T. ) ;
#1103 = CYLINDRICAL_SURFACE ( 'NONE', #1342, 1.000000000000000888 ) ;
#1104 = CARTESIAN_POINT ( 'NONE',  ( -14.48458984355177392, 6.583554288306425306, 24.00000000000000000 ) ) ;
#1105 = CYLINDRICAL_SURFACE ( 'NONE', #1141, 9.500000000000000000 ) ;
#1106 = CARTESIAN_POINT ( 'NONE',  ( -13.98458984355177215, 6.958967953895085046, -23.50000000000000000 ) ) ;
#1107 = ORIENTED_EDGE ( 'NONE', *, *, #1287, .T. ) ;
#1108 = APPROVAL_DATE_TIME ( #491, #41 ) ;
#1109 = VERTEX_POINT ( 'NONE', #799 ) ;
#1110 = VECTOR ( 'NONE', #686, 1000.000000000000000 ) ;
#1111 = EDGE_LOOP ( 'NONE', ( #899, #780, #923, #986 ) ) ;
#1112 = CIRCLE ( 'NONE', #16, 0.5000000000000004441 ) ;
#1113 = CARTESIAN_POINT ( 'NONE',  ( -14.48458984355177570, 6.876447507119878289, 24.00000000000000000 ) ) ;
#1114 = FACE_OUTER_BOUND ( 'NONE', #569, .T. ) ;
#1115 = DIRECTION ( 'NONE',  ( -0.000000000000000000, -0.000000000000000000, 1.000000000000000000 ) ) ;
#1116 = ORIENTED_EDGE ( 'NONE', *, *, #431, .T. ) ;
#1117 = APPROVAL_DATE_TIME ( #608, #961 ) ;
#1118 = ORIENTED_EDGE ( 'NONE', *, *, #1298, .T. ) ;
#1119 = CARTESIAN_POINT ( 'NONE',  ( -13.98458984355177392, -1.183459590056387345, 14.50000000000000000 ) ) ;
#1120 = CARTESIAN_POINT ( 'NONE',  ( -14.48458984355177215, 6.958967953895085046, -14.00000000000000000 ) ) ;
#1121 = CARTESIAN_POINT ( 'NONE',  ( -7.984589843551773924, 6.458967953895085046, -14.50000000000000000 ) ) ;
#1122 = ORIENTED_EDGE ( 'NONE', *, *, #1276, .F. ) ;
#1123 = PERSON_AND_ORGANIZATION_ROLE ( 'creator' ) ;
#1124 = EDGE_CURVE ( 'NONE', #941, #272, #23, .T. ) ;
#1125 = PRODUCT ( 'Flange Bearing Housing', 'Flange Bearing Housing', '', ( #99 ) ) ;
#1126 = EDGE_CURVE ( 'NONE', #1140, #1500, #1271, .T. ) ;
#1127 = CARTESIAN_POINT ( 'NONE',  ( 0.000000000000000000, 6.000000000000000000, 0.000000000000000000 ) ) ;
#1128 = EDGE_CURVE ( 'NONE', #162, #1312, #1310, .T. ) ;
#1129 = LINE ( 'NONE', #1249, #1666 ) ;
#1130 = LINE ( 'NONE', #329, #524 ) ;
#1131 =( NAMED_UNIT ( * ) PLANE_ANGLE_UNIT ( ) SI_UNIT ( $, .RADIAN. ) );
#1132 = CARTESIAN_POINT ( 'NONE',  ( -14.48458984355177215, 6.458967953895085934, -24.00000000000000000 ) ) ;
#1133 = VERTEX_POINT ( 'NONE', #278 ) ;
#1134 = EDGE_CURVE ( 'NONE', #1458, #489, #417, .T. ) ;
#1135 = COORDINATED_UNIVERSAL_TIME_OFFSET ( 3, 0, .AHEAD. ) ;
#1136 = CARTESIAN_POINT ( 'NONE',  ( -7.984589843551773924, -0.6834595900563874560, 14.50000000000000000 ) ) ;
#1137 = CARTESIAN_POINT ( 'NONE',  ( -7.484589843551773924, -0.6834595900563874560, 24.00000000000000000 ) ) ;
#1138 = AXIS2_PLACEMENT_3D ( 'NONE', #1224, #603, #470 ) ;
#1139 = VECTOR ( 'NONE', #914, 1000.000000000000000 ) ;
#1140 = VERTEX_POINT ( 'NONE', #1556 ) ;
#1141 = AXIS2_PLACEMENT_3D ( 'NONE', #1098, #991, #1478 ) ;
#1142 = CARTESIAN_POINT ( 'NONE',  ( 0.000000000000000000, 0.000000000000000000, 0.000000000000000000 ) ) ;
#1143 = AXIS2_PLACEMENT_3D ( 'NONE', #1183, #156, #675 ) ;
#1144 = APPLICATION_CONTEXT ( 'configuration controlled 3d designs of mechanical parts and assemblies' ) ;
#1146 = LINE ( 'NONE', #1171, #116 ) ;
#1145 = PRODUCT_DEFINITION_FORMATION_WITH_SPECIFIED_SOURCE ( 'ANY', '', #1125, .NOT_KNOWN. ) ;
#1147 = EDGE_CURVE ( 'NONE', #1018, #304, #630, .T. ) ;
#1148 = DIRECTION ( 'NONE',  ( -0.000000000000000000, 1.000000000000000000, -0.000000000000000000 ) ) ;
#1149 = EDGE_CURVE ( 'NONE', #894, #583, #508, .T. ) ;
#1150 = CARTESIAN_POINT ( 'NONE',  ( -7.984589843551773924, 6.583554288306425306, 14.50000000000000000 ) ) ;
#1151 = CARTESIAN_POINT ( 'NONE',  ( -7.484589843551773924, 7.083554288306425306, 14.50000000000000000 ) ) ;
#1152 = FACE_OUTER_BOUND ( 'NONE', #409, .T. ) ;
#1153 = EDGE_CURVE ( 'NONE', #1341, #1440, #532, .T. ) ;
#1154 = ORIENTED_EDGE ( 'NONE', *, *, #655, .T. ) ;
#1155 = CARTESIAN_POINT ( 'NONE',  ( 0.000000000000000000, 6.000000000000000000, -14.00000000000000000 ) ) ;
#1156 = ORIENTED_EDGE ( 'NONE', *, *, #1313, .F. ) ;
#1157 = DIRECTION ( 'NONE',  ( 1.000000000000000000, 0.000000000000000000, 0.000000000000000000 ) ) ;
#1158 = DIRECTION ( 'NONE',  ( 1.000000000000000000, 0.000000000000000000, 0.000000000000000000 ) ) ;
#1159 = LINE ( 'NONE', #1416, #1630 ) ;
#1160 = CARTESIAN_POINT ( 'NONE',  ( -13.98458984355177215, 6.458967953895085934, -14.50000000000000000 ) ) ;
#1161 = ORIENTED_EDGE ( 'NONE', *, *, #515, .T. ) ;
#1162 = EDGE_CURVE ( 'NONE', #83, #1347, #287, .T. ) ;
#1163 = DIRECTION ( 'NONE',  ( 0.000000000000000000, 1.000000000000000000, 0.000000000000000000 ) ) ;
#1164 = ORIENTED_EDGE ( 'NONE', *, *, #1381, .T. ) ;
#1165 = DIRECTION ( 'NONE',  ( 0.000000000000000000, 1.000000000000000000, 0.000000000000000000 ) ) ;
#1166 = CARTESIAN_POINT ( 'NONE',  ( -7.484589843551773924, 6.000000000000000000, -14.50000000000000000 ) ) ;
#1167 = VECTOR ( 'NONE', #1090, 1000.000000000000000 ) ;
#1168 = DIRECTION ( 'NONE',  ( 1.000000000000000000, -1.300831432532264674E-16, 0.000000000000000000 ) ) ;
#1169 = ORIENTED_EDGE ( 'NONE', *, *, #212, .T. ) ;
#1170 = AXIS2_PLACEMENT_3D ( 'NONE', #297, #1561, #415 ) ;
#1171 = CARTESIAN_POINT ( 'NONE',  ( -14.48458984355177215, 6.958967953895085046, -23.50000000000000000 ) ) ;
#1172 = EDGE_LOOP ( 'NONE', ( #1353, #1607 ) ) ;
#1173 = AXIS2_PLACEMENT_3D ( 'NONE', #1494, #1504, #750 ) ;
#1174 =( BOUNDED_CURVE ( )  B_SPLINE_CURVE ( 3, ( #58, #939, #1456, #214 ),
 .UNSPECIFIED., .F., .F. ) 
 B_SPLINE_CURVE_WITH_KNOTS ( ( 4, 4 ),
 ( 1.570796326794896558, 3.141592653589793116 ),
 .UNSPECIFIED. ) 
 CURVE ( )  GEOMETRIC_REPRESENTATION_ITEM ( )  RATIONAL_B_SPLINE_CURVE ( ( 1.000000000000000000, 0.8047378541243649375, 0.8047378541243649375, 1.000000000000000000 ) ) 
 REPRESENTATION_ITEM ( '' )  );
#1175 = CARTESIAN_POINT ( 'NONE',  ( -13.98458984355177215, 6.458967953895085934, -14.50000000000000000 ) ) ;
#1176 = LINE ( 'NONE', #20, #564 ) ;
#1177 = CARTESIAN_POINT ( 'NONE',  ( -7.984589843551773924, 6.000000000000000000, 14.50000000000000000 ) ) ;
#1178 = ORIENTED_EDGE ( 'NONE', *, *, #952, .T. ) ;
#1179 = DIRECTION ( 'NONE',  ( -1.000000000000000000, 1.300831432532264181E-16, -0.000000000000000000 ) ) ;
#1180 = ORIENTED_EDGE ( 'NONE', *, *, #303, .F. ) ;
#1181 = DIRECTION ( 'NONE',  ( -0.000000000000000000, -1.000000000000000000, -0.000000000000000000 ) ) ;
#1182 = ORIENTED_EDGE ( 'NONE', *, *, #602, .T. ) ;
#1183 = CARTESIAN_POINT ( 'NONE',  ( -7.984589843551773924, 0.000000000000000000, -14.50000000000000000 ) ) ;
#1184 = CARTESIAN_POINT ( 'NONE',  ( -14.48458984355177392, -0.8080459244677083985, -24.00000000000000000 ) ) ;
#1185 = ORIENTED_EDGE ( 'NONE', *, *, #368, .F. ) ;
#1186 = EDGE_CURVE ( 'NONE', #1458, #567, #903, .T. ) ;
#1187 = CC_DESIGN_PERSON_AND_ORGANIZATION_ASSIGNMENT ( #364, #871, ( #1145 ) ) ;
#1188 = CARTESIAN_POINT ( 'NONE',  ( 0.000000000000000000, 0.000000000000000000, 14.00000000000000000 ) ) ;
#1189 = ORIENTED_EDGE ( 'NONE', *, *, #856, .F. ) ;
#1190 = CARTESIAN_POINT ( 'NONE',  ( -14.48458984355177392, -1.308045924467708510, -24.00000000000000000 ) ) ;
#1191 = DIRECTION ( 'NONE',  ( -0.000000000000000000, -1.000000000000000000, -0.000000000000000000 ) ) ;
#1192 = ORIENTED_EDGE ( 'NONE', *, *, #1608, .F. ) ;
#1193 = AXIS2_PLACEMENT_3D ( 'NONE', #340, #70, #102 ) ;
#1194 = VECTOR ( 'NONE', #1320, 1000.000000000000000 ) ;
#1195 = VECTOR ( 'NONE', #47, 1000.000000000000000 ) ;
#1196 = CARTESIAN_POINT ( 'NONE',  ( -6.484589843551773924, 2.950047349125015206, 19.00000000000000000 ) ) ;
#1197 = AXIS2_PLACEMENT_3D ( 'NONE', #261, #646, #1425 ) ;
#1198 = EDGE_CURVE ( 'NONE', #1212, #1341, #1038, .T. ) ;
#1199 = CARTESIAN_POINT ( 'NONE',  ( -7.984589843551773924, -1.183459590056387345, 23.50000000000000000 ) ) ;
#1200 = ORIENTED_EDGE ( 'NONE', *, *, #1013, .T. ) ;
#1201 = DIRECTION ( 'NONE',  ( 0.000000000000000000, 0.000000000000000000, 1.000000000000000000 ) ) ;
#1202 = EDGE_CURVE ( 'NONE', #567, #82, #516, .T. ) ;
#1203 = LINE ( 'NONE', #1588, #692 ) ;
#1204 = ORIENTED_EDGE ( 'NONE', *, *, #482, .F. ) ;
#1205 = CARTESIAN_POINT ( 'NONE',  ( -7.484589843551773924, -0.6834595900563874560, 23.50000000000000000 ) ) ;
#1206 = CARTESIAN_POINT ( 'NONE',  ( -14.48458984355177392, -1.308045924467708510, -23.50000000000000000 ) ) ;
#1207 = ORIENTED_EDGE ( 'NONE', *, *, #1198, .T. ) ;
#1208 = CARTESIAN_POINT ( 'NONE',  ( -6.484589843551773924, 2.908270204971806105, -20.25000000000000000 ) ) ;
#1209 = VERTEX_POINT ( 'NONE', #1563 ) ;
#1210 = EDGE_CURVE ( 'NONE', #1506, #894, #1601, .T. ) ;
#1211 = FACE_OUTER_BOUND ( 'NONE', #165, .T. ) ;
#1212 = VERTEX_POINT ( 'NONE', #386 ) ;
#1213 = FACE_OUTER_BOUND ( 'NONE', #618, .T. ) ;
#1214 = ORIENTED_EDGE ( 'NONE', *, *, #1608, .T. ) ;
#1215 = LINE ( 'NONE', #546, #1543 ) ;
#1216 = LINE ( 'NONE', #444, #396 ) ;
#1217 = ORIENTED_EDGE ( 'NONE', *, *, #1397, .F. ) ;
#1218 = VECTOR ( 'NONE', #1345, 1000.000000000000000 ) ;
#1219 = AXIS2_PLACEMENT_3D ( 'NONE', #543, #1325, #936 ) ;
#1220 = EDGE_LOOP ( 'NONE', ( #772, #384, #693, #590 ) ) ;
#1221 = CIRCLE ( 'NONE', #553, 0.5000000000000004441 ) ;
#1222 = AXIS2_PLACEMENT_3D ( 'NONE', #1142, #1003, #1020 ) ;
#1223 = CARTESIAN_POINT ( 'NONE',  ( -7.484589843551773924, 2.908270204971806105, -18.25000000000000000 ) ) ;
#1224 = CARTESIAN_POINT ( 'NONE',  ( -7.984589843551773924, 0.000000000000000000, 14.50000000000000000 ) ) ;
#1225 = CARTESIAN_POINT ( 'NONE',  ( 0.000000000000000000, 0.000000000000000000, -14.00000000000000000 ) ) ;
#1226 = ORIENTED_EDGE ( 'NONE', *, *, #1603, .F. ) ;
#1227 = ORIENTED_EDGE ( 'NONE', *, *, #1448, .T. ) ;
#1228 = CARTESIAN_POINT ( 'NONE',  ( -7.484589843551773924, 7.083554288306425306, 14.00000000000000000 ) ) ;
#1229 = DIRECTION ( 'NONE',  ( -1.300831432532264674E-16, -1.000000000000000000, 0.000000000000000000 ) ) ;
#1230 = DIRECTION ( 'NONE',  ( 0.000000000000000000, 1.000000000000000000, 0.000000000000000000 ) ) ;
#1231 = ORIENTED_EDGE ( 'NONE', *, *, #387, .T. ) ;
#1232 = ORIENTED_EDGE ( 'NONE', *, *, #6, .F. ) ;
#1233 = FACE_OUTER_BOUND ( 'NONE', #541, .T. ) ;
#1234 = DIRECTION ( 'NONE',  ( -1.000000000000000000, -0.000000000000000000, -0.000000000000000000 ) ) ;
#1235 = CARTESIAN_POINT ( 'NONE',  ( -7.484589843551773924, 2.908270204971806105, -19.25000000000000000 ) ) ;
#1236 = ORIENTED_EDGE ( 'NONE', *, *, #1124, .T. ) ;
#1237 = PERSON_AND_ORGANIZATION ( #338, #501 ) ;
#1238 = VECTOR ( 'NONE', #1291, 1000.000000000000000 ) ;
#1239 = AXIS2_PLACEMENT_3D ( 'NONE', #1521, #1115, #613 ) ;
#1240 = EDGE_CURVE ( 'NONE', #1212, #308, #893, .T. ) ;
#1241 = LOCAL_TIME ( 12, 43, 39.00000000000000000, #497 ) ;
#1242 = CARTESIAN_POINT ( 'NONE',  ( -6.484589843551773924, 2.908270204971806105, -18.25000000000000000 ) ) ;
#1243 = DIRECTION ( 'NONE',  ( -1.000000000000000000, -0.000000000000000000, -0.000000000000000000 ) ) ;
#1244 = EDGE_LOOP ( 'NONE', ( #975, #87, #744, #1283 ) ) ;
#1245 = ADVANCED_FACE ( 'NONE', ( #781 ), #901, .T. ) ;
#1246 = COORDINATED_UNIVERSAL_TIME_OFFSET ( 3, 0, .AHEAD. ) ;
#1247 = EDGE_CURVE ( 'NONE', #1368, #135, #3, .T. ) ;
#1248 = EDGE_CURVE ( 'NONE', #1109, #1574, #1221, .T. ) ;
#1249 = CARTESIAN_POINT ( 'NONE',  ( -7.984589843551773924, 6.000000000000000000, 14.00000000000000000 ) ) ;
#1250 = DIRECTION ( 'NONE',  ( 1.000000000000000000, 0.000000000000000000, 0.000000000000000000 ) ) ;
#1251 = DIRECTION ( 'NONE',  ( -1.000000000000000000, 0.000000000000000000, 2.392722035830078479E-16 ) ) ;
#1252 = CYLINDRICAL_SURFACE ( 'NONE', #928, 0.5000000000000004441 ) ;
#1253 = ORIENTED_EDGE ( 'NONE', *, *, #892, .F. ) ;
#1254 = PERSON_AND_ORGANIZATION ( #338, #501 ) ;
#1255 = AXIS2_PLACEMENT_3D ( 'NONE', #813, #171, #1201 ) ;
#1256 = DIRECTION ( 'NONE',  ( 2.098367683302296725E-16, 1.000000000000000000, -0.000000000000000000 ) ) ;
#1257 = LINE ( 'NONE', #381, #128 ) ;
#1258 = DIRECTION ( 'NONE',  ( -0.000000000000000000, 1.000000000000000000, -0.000000000000000000 ) ) ;
#1259 = CARTESIAN_POINT ( 'NONE',  ( -7.984589843551773924, -0.6834595900563874560, 14.50000000000000000 ) ) ;
#1260 = ORIENTED_EDGE ( 'NONE', *, *, #1248, .F. ) ;
#1261 = EDGE_CURVE ( 'NONE', #1436, #1579, #429, .T. ) ;
#1262 = ADVANCED_FACE ( 'NONE', ( #293 ), #557, .T. ) ;
#1263 = DIRECTION ( 'NONE',  ( 0.000000000000000000, -1.000000000000000000, 0.000000000000000000 ) ) ;
#1264 = LINE ( 'NONE', #1166, #75 ) ;
#1265 = CARTESIAN_POINT ( 'NONE',  ( 0.000000000000000000, 6.000000000000000000, -14.00000000000000000 ) ) ;
#1266 = CARTESIAN_POINT ( 'NONE',  ( -7.484589843551773924, -0.8080459244677092867, -24.00000000000000000 ) ) ;
#1267 = VECTOR ( 'NONE', #1644, 1000.000000000000000 ) ;
#1268 = DIRECTION ( 'NONE',  ( -0.000000000000000000, 1.000000000000000000, -0.000000000000000000 ) ) ;
#1269 = EDGE_LOOP ( 'NONE', ( #722, #1468, #1332, #678, #1614, #53, #1605 ) ) ;
#1270 = VECTOR ( 'NONE', #1439, 1000.000000000000000 ) ;
#1271 = LINE ( 'NONE', #1155, #979 ) ;
#1272 = ORIENTED_EDGE ( 'NONE', *, *, #506, .T. ) ;
#1273 = PLANE ( 'NONE',  #63 ) ;
#1274 = LINE ( 'NONE', #1675, #804 ) ;
#1275 = FACE_OUTER_BOUND ( 'NONE', #480, .T. ) ;
#1276 = EDGE_CURVE ( 'NONE', #418, #1368, #319, .T. ) ;
#1277 = CARTESIAN_POINT ( 'NONE',  ( -7.984589843551773924, 7.083554288306425306, 14.50000000000000000 ) ) ;
#1278 = DIRECTION ( 'NONE',  ( -0.000000000000000000, -0.000000000000000000, -1.000000000000000000 ) ) ;
#1279 = EDGE_LOOP ( 'NONE', ( #902, #870, #1568, #31, #982, #1545, #455 ) ) ;
#1280 = CIRCLE ( 'NONE', #802, 9.500000000000000000 ) ;
#1281 = AXIS2_PLACEMENT_3D ( 'NONE', #786, #1294, #560 ) ;
#1282 = DIRECTION ( 'NONE',  ( -0.000000000000000000, -1.000000000000000000, -0.000000000000000000 ) ) ;
#1283 = ORIENTED_EDGE ( 'NONE', *, *, #1298, .F. ) ;
#1284 = DIRECTION ( 'NONE',  ( -1.000000000000000000, 0.000000000000000000, 0.000000000000000000 ) ) ;
#1285 = EDGE_CURVE ( 'NONE', #1290, #1209, #1611, .T. ) ;
#1286 = LINE ( 'NONE', #129, #1019 ) ;
#1287 = EDGE_CURVE ( 'NONE', #554, #1534, #566, .T. ) ;
#1288 = CARTESIAN_POINT ( 'NONE',  ( -7.484589843551773924, -0.8080459244677092867, 0.000000000000000000 ) ) ;
#1289 = PLANE ( 'NONE',  #314 ) ;
#1290 = VERTEX_POINT ( 'NONE', #1057 ) ;
#1291 = DIRECTION ( 'NONE',  ( -1.000000000000000000, 1.300831432532264674E-16, -0.000000000000000000 ) ) ;
#1292 = ORIENTED_EDGE ( 'NONE', *, *, #77, .F. ) ;
#1293 = LINE ( 'NONE', #19, #743 ) ;
#1294 = DIRECTION ( 'NONE',  ( -1.000000000000000000, 0.000000000000000000, 0.000000000000000000 ) ) ;
#1295 = CARTESIAN_POINT ( 'NONE',  ( 0.000000000000000000, 6.000000000000000000, 14.00000000000000000 ) ) ;
#1296 = CARTESIAN_POINT ( 'NONE',  ( 0.000000000000000000, 0.000000000000000000, 0.000000000000000000 ) ) ;
#1297 = EDGE_LOOP ( 'NONE', ( #853, #1182, #1107, #299 ) ) ;
#1298 = EDGE_CURVE ( 'NONE', #153, #668, #1203, .T. ) ;
#1299 = VECTOR ( 'NONE', #512, 1000.000000000000000 ) ;
#1300 = VECTOR ( 'NONE', #785, 1000.000000000000000 ) ;
#1301 = CARTESIAN_POINT ( 'NONE',  ( 0.000000000000000000, 6.000000000000000000, 14.00000000000000000 ) ) ;
#1302 = EDGE_LOOP ( 'NONE', ( #1, #1480 ) ) ;
#1303 = VECTOR ( 'NONE', #1389, 1000.000000000000000 ) ;
#1304 = AXIS2_PLACEMENT_3D ( 'NONE', #1527, #505, #1417 ) ;
#1305 = ADVANCED_FACE ( 'NONE', ( #834 ), #324, .T. ) ;
#1306 = FACE_OUTER_BOUND ( 'NONE', #1100, .T. ) ;
#1307 = EDGE_CURVE ( 'NONE', #1312, #22, #1216, .T. ) ;
#1308 = ORIENTED_EDGE ( 'NONE', *, *, #1126, .F. ) ;
#1309 = CARTESIAN_POINT ( 'NONE',  ( -14.48458984355177392, 2.950047349125015206, 19.00000000000000000 ) ) ;
#1310 = LINE ( 'NONE', #1428, #1406 ) ;
#1311 = AXIS2_PLACEMENT_3D ( 'NONE', #398, #776, #1525 ) ;
#1312 = VERTEX_POINT ( 'NONE', #164 ) ;
#1313 = EDGE_CURVE ( 'NONE', #1290, #304, #1346, .T. ) ;
#1314 = VECTOR ( 'NONE', #194, 1000.000000000000000 ) ;
#1315 = CYLINDRICAL_SURFACE ( 'NONE', #1438, 1.000000000000000888 ) ;
#1316 = DIRECTION ( 'NONE',  ( 1.000000000000000000, -0.000000000000000000, -0.000000000000000000 ) ) ;
#1317 = CARTESIAN_POINT ( 'NONE',  ( -7.984589843551773924, 6.000000000000000000, -13.99999999999999822 ) ) ;
#1318 = ORIENTED_EDGE ( 'NONE', *, *, #667, .T. ) ;
#1319 = LINE ( 'NONE', #1471, #575 ) ;
#1320 = DIRECTION ( 'NONE',  ( -1.000000000000000000, -0.000000000000000000, -0.000000000000000000 ) ) ;
#1321 = EDGE_CURVE ( 'NONE', #993, #461, #644, .T. ) ;
#1322 = ORIENTED_EDGE ( 'NONE', *, *, #848, .F. ) ;
#1323 = AXIS2_PLACEMENT_3D ( 'NONE', #1309, #29, #1570 ) ;
#1324 = ADVANCED_FACE ( 'NONE', ( #1092 ), #1462, .T. ) ;
#1325 = DIRECTION ( 'NONE',  ( 0.000000000000000000, 0.000000000000000000, 1.000000000000000000 ) ) ;
#1326 = EDGE_CURVE ( 'NONE', #183, #1356, #940, .T. ) ;
#1327 = DIRECTION ( 'NONE',  ( -1.000000000000000000, 0.000000000000000000, 0.000000000000000000 ) ) ;
#1328 = DIRECTION ( 'NONE',  ( -0.000000000000000000, -0.000000000000000000, 1.000000000000000000 ) ) ;
#1329 = VERTEX_POINT ( 'NONE', #933 ) ;
#1330 = DIRECTION ( 'NONE',  ( 1.300831432532264181E-16, 1.000000000000000000, 0.000000000000000000 ) ) ;
#1331 = CARTESIAN_POINT ( 'NONE',  ( -7.484589843551773924, -0.6834595900563874560, 14.00000000000000000 ) ) ;
#1332 = ORIENTED_EDGE ( 'NONE', *, *, #307, .F. ) ;
#1333 = VECTOR ( 'NONE', #137, 1000.000000000000000 ) ;
#1334 = VECTOR ( 'NONE', #459, 1000.000000000000000 ) ;
#1335 = MANIFOLD_SOLID_BREP ( 'Cut-Extrude2', #935 ) ;
#1336 = VECTOR ( 'NONE', #1343, 1000.000000000000000 ) ;
#1337 = LINE ( 'NONE', #412, #1300 ) ;
#1338 = ORIENTED_EDGE ( 'NONE', *, *, #1572, .T. ) ;
#1339 = EDGE_CURVE ( 'NONE', #1369, #583, #258, .T. ) ;
#1340 = FACE_OUTER_BOUND ( 'NONE', #1244, .T. ) ;
#1341 = VERTEX_POINT ( 'NONE', #696 ) ;
#1342 = AXIS2_PLACEMENT_3D ( 'NONE', #469, #1482, #1615 ) ;
#1343 = DIRECTION ( 'NONE',  ( -0.000000000000000000, 1.000000000000000000, -0.000000000000000000 ) ) ;
#1344 = ORIENTED_EDGE ( 'NONE', *, *, #838, .T. ) ;
#1345 = DIRECTION ( 'NONE',  ( -1.000000000000000000, 0.000000000000000000, 2.392722035830078479E-16 ) ) ;
#1346 = LINE ( 'NONE', #581, #474 ) ;
#1347 = VERTEX_POINT ( 'NONE', #45 ) ;
#1348 = ORIENTED_EDGE ( 'NONE', *, *, #1077, .F. ) ;
#1349 = CARTESIAN_POINT ( 'NONE',  ( -7.484589843551773924, 6.000000000000000000, -14.50000000000000000 ) ) ;
#1350 = CARTESIAN_POINT ( 'NONE',  ( -7.984589843551773924, -1.183459590056387345, 24.00000000000000000 ) ) ;
#1351 = FACE_OUTER_BOUND ( 'NONE', #737, .T. ) ;
#1352 = FACE_OUTER_BOUND ( 'NONE', #1279, .T. ) ;
#1353 = ORIENTED_EDGE ( 'NONE', *, *, #5, .T. ) ;
#1354 = AXIS2_PLACEMENT_3D ( 'NONE', #755, #897, #1539 ) ;
#1355 = VECTOR ( 'NONE', #1256, 1000.000000000000000 ) ;
#1356 = VERTEX_POINT ( 'NONE', #60 ) ;
#1357 = CIRCLE ( 'NONE', #1239, 0.5000000000000004441 ) ;
#1358 = LOCAL_TIME ( 12, 43, 39.00000000000000000, #105 ) ;
#1359 = EDGE_LOOP ( 'NONE', ( #638, #822, #1585, #863 ) ) ;
#1360 = ORIENTED_EDGE ( 'NONE', *, *, #345, .T. ) ;
#1361 = SPHERICAL_SURFACE ( 'NONE', #395, 0.5000000000000000000 ) ;
#1362 = SPHERICAL_SURFACE ( 'NONE', #719, 0.5000000000000000000 ) ;
#1363 = ORIENTED_EDGE ( 'NONE', *, *, #106, .F. ) ;
#1364 = CALENDAR_DATE ( 2026, 12, 8 ) ;
#1365 = CC_DESIGN_DATE_AND_TIME_ASSIGNMENT ( #88, #753, ( #336 ) ) ;
#1366 = ORIENTED_EDGE ( 'NONE', *, *, #65, .F. ) ;
#1367 = AXIS2_PLACEMENT_3D ( 'NONE', #1386, #1643, #859 ) ;
#1368 = VERTEX_POINT ( 'NONE', #1075 ) ;
#1369 = VERTEX_POINT ( 'NONE', #571 ) ;
#1370 = CARTESIAN_POINT ( 'NONE',  ( -7.984589843551773924, 6.458967953895085046, -14.50000000000000000 ) ) ;
#1371 = DIRECTION ( 'NONE',  ( 0.000000000000000000, 1.000000000000000000, 0.000000000000000000 ) ) ;
#1372 = ORIENTED_EDGE ( 'NONE', *, *, #1202, .F. ) ;
#1373 = ORIENTED_EDGE ( 'NONE', *, *, #254, .F. ) ;
#1374 = EDGE_CURVE ( 'NONE', #894, #1506, #1540, .T. ) ;
#1375 = DIRECTION ( 'NONE',  ( 0.000000000000000000, 0.000000000000000000, 1.000000000000000000 ) ) ;
#1376 = EDGE_CURVE ( 'NONE', #960, #153, #1472, .T. ) ;
#1377 = ORIENTED_EDGE ( 'NONE', *, *, #419, .F. ) ;
#1378 = CARTESIAN_POINT ( 'NONE',  ( -7.984589843551773924, -1.183459590056387345, 14.50000000000000000 ) ) ;
#1379 = CARTESIAN_POINT ( 'NONE',  ( -14.48458984355177392, 0.000000000000000000, 0.000000000000000000 ) ) ;
#1380 = VERTEX_POINT ( 'NONE', #605 ) ;
#1381 = EDGE_CURVE ( 'NONE', #789, #15, #1357, .T. ) ;
#1382 = CALENDAR_DATE ( 2026, 12, 8 ) ;
#1383 = VECTOR ( 'NONE', #1510, 1000.000000000000000 ) ;
#1384 = AXIS2_PLACEMENT_3D ( 'NONE', #1127, #774, #100 ) ;
#1385 = AXIS2_PLACEMENT_3D ( 'NONE', #1626, #360, #1511 ) ;
#1386 = CARTESIAN_POINT ( 'NONE',  ( 0.000000000000000000, 0.000000000000000000, 0.000000000000000000 ) ) ;
#1387 = DIRECTION ( 'NONE',  ( 0.000000000000000000, 0.000000000000000000, 1.000000000000000000 ) ) ;
#1388 = DIRECTION ( 'NONE',  ( 1.000000000000000000, 0.000000000000000000, -0.000000000000000000 ) ) ;
#1389 = DIRECTION ( 'NONE',  ( -0.000000000000000000, -0.000000000000000000, -1.000000000000000000 ) ) ;
#1390 = ORIENTED_EDGE ( 'NONE', *, *, #972, .F. ) ;
#1391 = CARTESIAN_POINT ( 'NONE',  ( 0.000000000000000000, 0.000000000000000000, 14.00000000000000000 ) ) ;
#1392 = FACE_OUTER_BOUND ( 'NONE', #1052, .T. ) ;
#1393 = FACE_OUTER_BOUND ( 'NONE', #178, .T. ) ;
#1394 = CARTESIAN_POINT ( 'NONE',  ( -14.50000000000000178, 6.000000000000000000, -13.99999999999999645 ) ) ;
#1395 = ORIENTED_EDGE ( 'NONE', *, *, #801, .F. ) ;
#1396 = SHAPE_DEFINITION_REPRESENTATION ( #679, #1101 ) ;
#1397 = EDGE_CURVE ( 'NONE', #34, #1436, #525, .T. ) ;
#1398 = LINE ( 'NONE', #881, #576 ) ;
#1399 = DIRECTION ( 'NONE',  ( 2.392722035830078479E-16, 0.000000000000000000, -1.000000000000000000 ) ) ;
#1400 = CARTESIAN_POINT ( 'NONE',  ( -14.48458984355177392, 7.083554288306425306, 24.00000000000000000 ) ) ;
#1401 = LINE ( 'NONE', #520, #1576 ) ;
#1402 = ORIENTED_EDGE ( 'NONE', *, *, #371, .T. ) ;
#1403 = CARTESIAN_POINT ( 'NONE',  ( -14.48458984355177392, -1.308045924467708510, -14.50000000000000000 ) ) ;
#1404 = EDGE_LOOP ( 'NONE', ( #1116, #1292, #1646, #1185 ) ) ;
#1405 = CARTESIAN_POINT ( 'NONE',  ( -7.984589843551773924, 0.000000000000000000, -14.50000000000000000 ) ) ;
#1406 = VECTOR ( 'NONE', #1036, 1000.000000000000000 ) ;
#1407 = LINE ( 'NONE', #1551, #145 ) ;
#1408 = AXIS2_PLACEMENT_3D ( 'NONE', #160, #1327, #441 ) ;
#1409 = FACE_OUTER_BOUND ( 'NONE', #1621, .T. ) ;
#1410 = ORIENTED_EDGE ( 'NONE', *, *, #56, .T. ) ;
#1411 = AXIS2_PLACEMENT_3D ( 'NONE', #771, #134, #1163 ) ;
#1412 = DIRECTION ( 'NONE',  ( 0.000000000000000000, 1.000000000000000000, 0.000000000000000000 ) ) ;
#1413 = EDGE_LOOP ( 'NONE', ( #101, #354, #1455, #316 ) ) ;
#1414 = CARTESIAN_POINT ( 'NONE',  ( -14.48458984355177215, 6.458967953895085934, -24.00000000000000000 ) ) ;
#1415 = DIRECTION ( 'NONE',  ( -1.000000000000000000, 0.000000000000000000, 0.000000000000000000 ) ) ;
#1416 = CARTESIAN_POINT ( 'NONE',  ( -7.484589843551773924, 6.958967953895085046, -14.00000000000000000 ) ) ;
#1417 = DIRECTION ( 'NONE',  ( 1.000000000000000000, 0.000000000000000000, 0.000000000000000000 ) ) ;
#1418 = ORIENTED_EDGE ( 'NONE', *, *, #1397, .T. ) ;
#1419 = CARTESIAN_POINT ( 'NONE',  ( -7.984589843551773924, 0.000000000000000000, -14.00000000000000000 ) ) ;
#1420 = ORIENTED_EDGE ( 'NONE', *, *, #431, .F. ) ;
#1421 = CARTESIAN_POINT ( 'NONE',  ( -7.484589843551773924, 6.583554288306425306, 14.00000000000000000 ) ) ;
#1422 = ADVANCED_FACE ( 'NONE', ( #1099 ), #86, .T. ) ;
#1423 = FACE_OUTER_BOUND ( 'NONE', #947, .T. ) ;
#1424 = DIRECTION ( 'NONE',  ( -1.000000000000000000, 0.000000000000000000, -0.000000000000000000 ) ) ;
#1425 = DIRECTION ( 'NONE',  ( -1.000000000000000000, 0.000000000000000000, 0.000000000000000000 ) ) ;
#1426 = ADVANCED_FACE ( 'NONE', ( #1619 ), #587, .T. ) ;
#1427 = ORIENTED_EDGE ( 'NONE', *, *, #404, .F. ) ;
#1428 = CARTESIAN_POINT ( 'NONE',  ( -14.48458984355177215, 6.000000000000003553, -13.99999999999999645 ) ) ;
#1429 = EDGE_CURVE ( 'NONE', #43, #1010, #13, .T. ) ;
#1430 = ORIENTED_EDGE ( 'NONE', *, *, #1431, .T. ) ;
#1431 = EDGE_CURVE ( 'NONE', #1209, #1488, #208, .T. ) ;
#1432 = DIRECTION ( 'NONE',  ( 0.000000000000000000, 0.000000000000000000, 1.000000000000000000 ) ) ;
#1433 = CARTESIAN_POINT ( 'NONE',  ( -14.48458984355177392, -0.8080459244677083985, -14.00000000000000000 ) ) ;
#1434 = ADVANCED_FACE ( 'NONE', ( #342 ), #1638, .T. ) ;
#1435 = VECTOR ( 'NONE', #1606, 1000.000000000000000 ) ;
#1436 = VERTEX_POINT ( 'NONE', #479 ) ;
#1437 = VECTOR ( 'NONE', #1234, 1000.000000000000000 ) ;
#1438 = AXIS2_PLACEMENT_3D ( 'NONE', #672, #1053, #942 ) ;
#1439 = DIRECTION ( 'NONE',  ( -1.000000000000000000, -0.000000000000000000, -0.000000000000000000 ) ) ;
#1440 = VERTEX_POINT ( 'NONE', #992 ) ;
#1441 = AXIS2_PLACEMENT_3D ( 'NONE', #437, #157, #1573 ) ;
#1442 = ADVANCED_FACE ( 'NONE', ( #375, #1352 ), #330, .T. ) ;
#1443 = LOCAL_TIME ( 12, 43, 39.00000000000000000, #1246 ) ;
#1444 = LINE ( 'NONE', #1188, #1571 ) ;
#1445 = EDGE_CURVE ( 'NONE', #911, #857, #998, .T. ) ;
#1446 = ORIENTED_EDGE ( 'NONE', *, *, #387, .F. ) ;
#1447 = FACE_OUTER_BOUND ( 'NONE', #978, .T. ) ;
#1448 = EDGE_CURVE ( 'NONE', #308, #38, #1627, .T. ) ;
#1449 = CARTESIAN_POINT ( 'NONE',  ( -13.98458984355177392, 6.000000000000000000, 14.50000000000000000 ) ) ;
#1450 = CIRCLE ( 'NONE', #1070, 0.4999999999999995559 ) ;
#1451 = ORIENTED_EDGE ( 'NONE', *, *, #256, .T. ) ;
#1452 = EDGE_CURVE ( 'NONE', #272, #835, #352, .T. ) ;
#1453 = DIRECTION ( 'NONE',  ( 0.000000000000000000, 1.000000000000000000, 0.000000000000000000 ) ) ;
#1454 = CARTESIAN_POINT ( 'NONE',  ( -7.484589843551773924, 6.458967953895085046, -24.00000000000000000 ) ) ;
#1455 = ORIENTED_EDGE ( 'NONE', *, *, #948, .F. ) ;
#1456 = CARTESIAN_POINT ( 'NONE',  ( -14.48458984355177570, -1.100939143281160826, -24.00000000000000000 ) ) ;
#1457 = CARTESIAN_POINT ( 'NONE',  ( -14.48458984355177392, 2.950047349125015206, 19.00000000000000000 ) ) ;
#1458 = VERTEX_POINT ( 'NONE', #103 ) ;
#1459 = LINE ( 'NONE', #306, #1195 ) ;
#1460 = ORIENTED_EDGE ( 'NONE', *, *, #1499, .T. ) ;
#1461 = CARTESIAN_POINT ( 'NONE',  ( -14.48458984355177392, -0.6834595900563874560, 24.00000000000000000 ) ) ;
#1462 = CYLINDRICAL_SURFACE ( 'NONE', #1441, 0.5000000000000004441 ) ;
#1463 = ORIENTED_EDGE ( 'NONE', *, *, #680, .T. ) ;
#1464 = CIRCLE ( 'NONE', #332, 0.5000000000000004441 ) ;
#1465 = VECTOR ( 'NONE', #1148, 1000.000000000000000 ) ;
#1466 = CC_DESIGN_DATE_AND_TIME_ASSIGNMENT ( #984, #1663, ( #424 ) ) ;
#1467 = DIRECTION ( 'NONE',  ( 0.000000000000000000, 1.000000000000000000, -0.000000000000000000 ) ) ;
#1468 = ORIENTED_EDGE ( 'NONE', *, *, #368, .T. ) ;
#1469 = ADVANCED_FACE ( 'NONE', ( #197 ), #1252, .T. ) ;
#1470 = EDGE_LOOP ( 'NONE', ( #198, #1156, #376, #1066, #517, #1204, #931, #179, #67, #1154, #1557, #466 ) ) ;
#1471 = CARTESIAN_POINT ( 'NONE',  ( 0.000000000000000000, 0.000000000000000000, 14.00000000000000000 ) ) ;
#1472 = LINE ( 'NONE', #1512, #633 ) ;
#1473 = ORIENTED_EDGE ( 'NONE', *, *, #51, .F. ) ;
#1474 = ORIENTED_EDGE ( 'NONE', *, *, #1147, .F. ) ;
#1475 = ADVANCED_FACE ( 'NONE', ( #1114 ), #1610, .T. ) ;
#1476 = ORIENTED_EDGE ( 'NONE', *, *, #1339, .F. ) ;
#1477 = DIRECTION ( 'NONE',  ( -1.000000000000000000, 0.000000000000000000, 0.000000000000000000 ) ) ;
#1478 = DIRECTION ( 'NONE',  ( 0.000000000000000000, 0.000000000000000000, -1.000000000000000000 ) ) ;
#1479 = CARTESIAN_POINT ( 'NONE',  ( -1.051131537477189301E-16, -0.8080459244677102859, -24.00000000000000000 ) ) ;
#1480 = ORIENTED_EDGE ( 'NONE', *, *, #1186, .F. ) ;
#1481 = ADVANCED_FACE ( 'NONE', ( #862 ), #341, .T. ) ;
#1482 = DIRECTION ( 'NONE',  ( -1.000000000000000000, -0.000000000000000000, -0.000000000000000000 ) ) ;
#1483 = FACE_OUTER_BOUND ( 'NONE', #217, .T. ) ;
#1484 = FACE_OUTER_BOUND ( 'NONE', #218, .T. ) ;
#1485 = DIRECTION ( 'NONE',  ( -1.000000000000000000, 0.000000000000000000, 0.000000000000000000 ) ) ;
#1486 = EDGE_LOOP ( 'NONE', ( #1496, #621, #244, #1227 ) ) ;
#1487 = AXIS2_PLACEMENT_3D ( 'NONE', #529, #1519, #504 ) ;
#1488 = VERTEX_POINT ( 'NONE', #80 ) ;
#1489 = AXIS2_PLACEMENT_3D ( 'NONE', #1235, #1485, #216 ) ;
#1490 = LINE ( 'NONE', #91, #1435 ) ;
#1491 = ORIENTED_EDGE ( 'NONE', *, *, #1429, .F. ) ;
#1492 = ADVANCED_FACE ( 'NONE', ( #1484 ), #841, .T. ) ;
#1493 = LINE ( 'NONE', #593, #816 ) ;
#1494 = CARTESIAN_POINT ( 'NONE',  ( -13.98458984355177392, 6.583554288306425306, 14.50000000000000000 ) ) ;
#1495 = DIRECTION ( 'NONE',  ( 0.000000000000000000, 0.000000000000000000, -1.000000000000000000 ) ) ;
#1496 = ORIENTED_EDGE ( 'NONE', *, *, #976, .T. ) ;
#1497 = PERSON_AND_ORGANIZATION ( #338, #501 ) ;
#1498 = ADVANCED_FACE ( 'NONE', ( #1617 ), #594, .F. ) ;
#1499 = EDGE_CURVE ( 'NONE', #1440, #162, #735, .T. ) ;
#1500 = VERTEX_POINT ( 'NONE', #965 ) ;
#1501 = PLANE ( 'NONE',  #281 ) ;
#1502 = CARTESIAN_POINT ( 'NONE',  ( -13.98458984355177392, -1.308045924467708510, -23.50000000000000000 ) ) ;
#1503 = DIRECTION ( 'NONE',  ( 0.000000000000000000, 0.000000000000000000, 1.000000000000000000 ) ) ;
#1504 = DIRECTION ( 'NONE',  ( 0.000000000000000000, 1.000000000000000000, 0.000000000000000000 ) ) ;
#1505 = DIRECTION ( 'NONE',  ( -2.098367683302296725E-16, -1.000000000000000000, 0.000000000000000000 ) ) ;
#1506 = VERTEX_POINT ( 'NONE', #458 ) ;
#1507 = ORIENTED_EDGE ( 'NONE', *, *, #1285, .T. ) ;
#1508 = LINE ( 'NONE', #356, #712 ) ;
#1509 = CARTESIAN_POINT ( 'NONE',  ( -13.98458984355177392, 6.583554288306425306, 14.50000000000000000 ) ) ;
#1510 = DIRECTION ( 'NONE',  ( 2.098367683302296725E-16, 1.000000000000000000, -0.000000000000000000 ) ) ;
#1511 = DIRECTION ( 'NONE',  ( 1.000000000000000000, 0.000000000000000000, 0.000000000000000000 ) ) ;
#1512 = CARTESIAN_POINT ( 'NONE',  ( -7.484589843551773924, 0.000000000000000000, 0.000000000000000000 ) ) ;
#1513 = ORIENTED_EDGE ( 'NONE', *, *, #1261, .F. ) ;
#1514 = APPLICATION_PROTOCOL_DEFINITION ( 'international standard', 'config_control_design', 1994, #1144 ) ;
#1515 = CIRCLE ( 'NONE', #227, 1.000000000000000888 ) ;
#1516 = VECTOR ( 'NONE', #388, 1000.000000000000000 ) ;
#1517 = DIRECTION ( 'NONE',  ( -1.000000000000000000, 0.000000000000000000, 0.000000000000000000 ) ) ;
#1518 = DIRECTION ( 'NONE',  ( 0.000000000000000000, 0.000000000000000000, -1.000000000000000000 ) ) ;
#1519 = DIRECTION ( 'NONE',  ( -1.000000000000000000, 1.300831432532264181E-16, 0.000000000000000000 ) ) ;
#1520 = CYLINDRICAL_SURFACE ( 'NONE', #1197, 0.5000000000000004441 ) ;
#1521 = CARTESIAN_POINT ( 'NONE',  ( -7.984589843551773924, -0.6834595900563874560, 14.50000000000000000 ) ) ;
#1522 = ORIENTED_EDGE ( 'NONE', *, *, #1381, .F. ) ;
#1523 = PERSON_AND_ORGANIZATION ( #338, #501 ) ;
#1524 = LINE ( 'NONE', #1530, #846 ) ;
#1525 = DIRECTION ( 'NONE',  ( 2.098367683302296725E-16, 1.000000000000000000, 0.000000000000000000 ) ) ;
#1526 = FACE_OUTER_BOUND ( 'NONE', #1671, .T. ) ;
#1527 = CARTESIAN_POINT ( 'NONE',  ( -7.984589843551773924, 6.583554288306425306, 14.50000000000000000 ) ) ;
#1528 = ORIENTED_EDGE ( 'NONE', *, *, #848, .T. ) ;
#1529 = DIRECTION ( 'NONE',  ( 0.000000000000000000, 0.000000000000000000, 1.000000000000000000 ) ) ;
#1530 = CARTESIAN_POINT ( 'NONE',  ( -7.484589843551773924, 6.958967953895085046, -24.00000000000000000 ) ) ;
#1531 = CARTESIAN_POINT ( 'NONE',  ( -14.48458984355177392, 6.000000000000000000, 13.99999999999999645 ) ) ;
#1532 = DIRECTION ( 'NONE',  ( -0.000000000000000000, 0.000000000000000000, 1.000000000000000000 ) ) ;
#1533 = LINE ( 'NONE', #1394, #880 ) ;
#1534 = VERTEX_POINT ( 'NONE', #612 ) ;
#1535 = DIRECTION ( 'NONE',  ( -1.000000000000000000, 1.300831432532264181E-16, -0.000000000000000000 ) ) ;
#1536 = ORIENTED_EDGE ( 'NONE', *, *, #1030, .T. ) ;
#1537 = CYLINDRICAL_SURFACE ( 'NONE', #773, 0.5000000000000004441 ) ;
#1538 = CIRCLE ( 'NONE', #949, 0.5000000000000004441 ) ;
#1539 = DIRECTION ( 'NONE',  ( 0.000000000000000000, -0.000000000000000000, 1.000000000000000000 ) ) ;
#1540 = CIRCLE ( 'NONE', #90, 1.000000000000000888 ) ;
#1541 = DIRECTION ( 'NONE',  ( -1.000000000000000000, 0.000000000000000000, 0.000000000000000000 ) ) ;
#1542 = VERTEX_POINT ( 'NONE', #1225 ) ;
#1543 = VECTOR ( 'NONE', #1056, 1000.000000000000000 ) ;
#1544 = DIRECTION ( 'NONE',  ( -0.000000000000000000, -1.000000000000000000, -0.000000000000000000 ) ) ;
#1545 = ORIENTED_EDGE ( 'NONE', *, *, #623, .T. ) ;
#1546 = ADVANCED_FACE ( 'NONE', ( #1645 ), #1105, .F. ) ;
#1547 = ADVANCED_FACE ( 'NONE', ( #464 ), #1091, .T. ) ;
#1548 = CARTESIAN_POINT ( 'NONE',  ( -14.50000000000000178, 6.000000000000000000, 13.99999999999999645 ) ) ;
#1549 = DIRECTION ( 'NONE',  ( 0.000000000000000000, 0.000000000000000000, 1.000000000000000000 ) ) ;
#1550 = ADVANCED_FACE ( 'NONE', ( #868 ), #71, .T. ) ;
#1551 = CARTESIAN_POINT ( 'NONE',  ( -7.484589843551773924, -0.6834595900563874560, 24.00000000000000000 ) ) ;
#1552 =( LENGTH_UNIT ( ) NAMED_UNIT ( * ) SI_UNIT ( .MILLI., .METRE. ) );
#1553 = ORIENTED_EDGE ( 'NONE', *, *, #1261, .T. ) ;
#1554 = VECTOR ( 'NONE', #1518, 1000.000000000000000 ) ;
#1555 = AXIS2_PLACEMENT_3D ( 'NONE', #50, #1082, #318 ) ;
#1556 = CARTESIAN_POINT ( 'NONE',  ( 0.000000000000000000, 6.000000000000000000, -14.00000000000000000 ) ) ;
#1557 = ORIENTED_EDGE ( 'NONE', *, *, #1376, .F. ) ;
#1558 = ADVANCED_FACE ( 'NONE', ( #1351 ), #1362, .T. ) ;
#1559 = CC_DESIGN_PERSON_AND_ORGANIZATION_ASSIGNMENT ( #1497, #236, ( #336 ) ) ;
#1560 = DIRECTION ( 'NONE',  ( 0.000000000000000000, 0.000000000000000000, 1.000000000000000000 ) ) ;
#1561 = DIRECTION ( 'NONE',  ( -1.000000000000000000, 1.300831432532264674E-16, 0.000000000000000000 ) ) ;
#1562 = ORIENTED_EDGE ( 'NONE', *, *, #985, .T. ) ;
#1563 = CARTESIAN_POINT ( 'NONE',  ( -7.484589843551773924, 6.000000000000000000, 14.00000000000000000 ) ) ;
#1564 = EDGE_LOOP ( 'NONE', ( #1536, #1253, #674, #1026 ) ) ;
#1565 = CARTESIAN_POINT ( 'NONE',  ( -7.984589843551773924, 6.958967953895084158, -23.50000000000000000 ) ) ;
#1566 = ADVANCED_FACE ( 'NONE', ( #851 ), #513, .F. ) ;
#1567 = CARTESIAN_POINT ( 'NONE',  ( -7.691696624738321830, -1.183459590056387345, 23.79289321881345032 ) ) ;
#1568 = ORIENTED_EDGE ( 'NONE', *, *, #1074, .T. ) ;
#1569 = AXIS2_PLACEMENT_3D ( 'NONE', #762, #648, #1028 ) ;
#1570 = DIRECTION ( 'NONE',  ( 0.000000000000000000, 0.000000000000000000, 1.000000000000000000 ) ) ;
#1571 = VECTOR ( 'NONE', #803, 1000.000000000000000 ) ;
#1572 = EDGE_CURVE ( 'NONE', #272, #1133, #905, .T. ) ;
#1573 = DIRECTION ( 'NONE',  ( 1.000000000000000000, 0.000000000000000000, 0.000000000000000000 ) ) ;
#1574 = VERTEX_POINT ( 'NONE', #383 ) ;
#1575 = AXIS2_PLACEMENT_3D ( 'NONE', #312, #1068, #547 ) ;
#1576 = VECTOR ( 'NONE', #756, 1000.000000000000000 ) ;
#1577 = FACE_OUTER_BOUND ( 'NONE', #1564, .T. ) ;
#1578 =( BOUNDED_CURVE ( )  B_SPLINE_CURVE ( 3, ( #1433, #33, #811, #561 ),
 .UNSPECIFIED., .F., .F. ) 
 B_SPLINE_CURVE_WITH_KNOTS ( ( 4, 4 ),
 ( 3.141592653589793116, 4.712388980384689674 ),
 .UNSPECIFIED. ) 
 CURVE ( )  GEOMETRIC_REPRESENTATION_ITEM ( )  RATIONAL_B_SPLINE_CURVE ( ( 1.000000000000000000, 0.8047378541243649375, 0.8047378541243649375, 1.000000000000000000 ) ) 
 REPRESENTATION_ITEM ( '' )  );
#1579 = VERTEX_POINT ( 'NONE', #769 ) ;
#1580 = CYLINDRICAL_SURFACE ( 'NONE', #1255, 0.5000000000000004441 ) ;
#1581 = DIRECTION ( 'NONE',  ( 0.000000000000000000, 0.000000000000000000, -1.000000000000000000 ) ) ;
#1582 = AXIS2_PLACEMENT_3D ( 'NONE', #601, #1229, #866 ) ;
#1583 = VERTEX_POINT ( 'NONE', #269 ) ;
#1584 = FACE_OUTER_BOUND ( 'NONE', #188, .T. ) ;
#1585 = ORIENTED_EDGE ( 'NONE', *, *, #1321, .F. ) ;
#1586 = EDGE_LOOP ( 'NONE', ( #401, #1395, #1390, #709 ) ) ;
#1587 = PLANE ( 'NONE',  #664 ) ;
#1588 = CARTESIAN_POINT ( 'NONE',  ( -7.484589843551773924, -0.8080459244677092867, -14.50000000000000000 ) ) ;
#1589 = ORIENTED_EDGE ( 'NONE', *, *, #906, .F. ) ;
#1590 = EDGE_CURVE ( 'NONE', #827, #15, #14, .T. ) ;
#1591 = LINE ( 'NONE', #446, #366 ) ;
#1592 = ORIENTED_EDGE ( 'NONE', *, *, #892, .T. ) ;
#1593 = CARTESIAN_POINT ( 'NONE',  ( -7.484589843551773924, 6.583554288306425306, 24.00000000000000000 ) ) ;
#1594 = CARTESIAN_POINT ( 'NONE',  ( -13.98458984355177392, 7.083554288306425306, 24.00000000000000000 ) ) ;
#1595 = ORIENTED_EDGE ( 'NONE', *, *, #1374, .F. ) ;
#1596 = FACE_OUTER_BOUND ( 'NONE', #1486, .T. ) ;
#1597 = CARTESIAN_POINT ( 'NONE',  ( -7.484589843551773924, 2.950047349125015206, 19.00000000000000000 ) ) ;
#1598 = ORIENTED_EDGE ( 'NONE', *, *, #303, .T. ) ;
#1599 = AXIS2_PLACEMENT_3D ( 'NONE', #1177, #759, #666 ) ;
#1600 = AXIS2_PLACEMENT_3D ( 'NONE', #257, #1284, #7 ) ;
#1601 = CIRCLE ( 'NONE', #1631, 1.000000000000000888 ) ;
#1602 = AXIS2_PLACEMENT_3D ( 'NONE', #292, #570, #932 ) ;
#1603 = EDGE_CURVE ( 'NONE', #1583, #1329, #66, .T. ) ;
#1604 = AXIS2_PLACEMENT_3D ( 'NONE', #798, #443, #286 ) ;
#1605 = ORIENTED_EDGE ( 'NONE', *, *, #1307, .T. ) ;
#1606 = DIRECTION ( 'NONE',  ( -0.000000000000000000, -1.000000000000000000, -0.000000000000000000 ) ) ;
#1607 = ORIENTED_EDGE ( 'NONE', *, *, #6, .T. ) ;
#1608 = EDGE_CURVE ( 'NONE', #1662, #800, #1533, .T. ) ;
#1609 = CARTESIAN_POINT ( 'NONE',  ( -14.48458984355177392, 2.950047349125015206, 18.00000000000000000 ) ) ;
#1610 = SPHERICAL_SURFACE ( 'NONE', #1173, 0.5000000000000000000 ) ;
#1611 = LINE ( 'NONE', #1083, #1110 ) ;
#1612 = VERTEX_POINT ( 'NONE', #890 ) ;
#1613 = ADVANCED_FACE ( 'NONE', ( #778, #1152 ), #391, .F. ) ;
#1614 = ORIENTED_EDGE ( 'NONE', *, *, #673, .T. ) ;
#1615 = DIRECTION ( 'NONE',  ( 0.000000000000000000, 0.000000000000000000, 1.000000000000000000 ) ) ;
#1616 = CARTESIAN_POINT ( 'NONE',  ( -14.27748306236522602, 7.083554288306426194, 23.79289321881345032 ) ) ;
#1617 = FACE_OUTER_BOUND ( 'NONE', #1673, .T. ) ;
#1618 = ADVANCED_FACE ( 'NONE', ( #276, #1670 ), #1289, .T. ) ;
#1619 = FACE_OUTER_BOUND ( 'NONE', #1220, .T. ) ;
#1620 = ORIENTED_EDGE ( 'NONE', *, *, #720, .T. ) ;
#1621 = EDGE_LOOP ( 'NONE', ( #968, #394, #1632, #763 ) ) ;
#1622 = EDGE_CURVE ( 'NONE', #22, #1133, #1401, .T. ) ;
#1623 = ORIENTED_EDGE ( 'NONE', *, *, #1079, .T. ) ;
#1624 = EDGE_CURVE ( 'NONE', #1574, #471, #898, .T. ) ;
#1625 = CARTESIAN_POINT ( 'NONE',  ( -13.98458984355177392, 7.083554288306425306, 23.50000000000000000 ) ) ;
#1626 = CARTESIAN_POINT ( 'NONE',  ( -7.984589843551773924, 6.583554288306425306, 24.00000000000000000 ) ) ;
#1627 = LINE ( 'NONE', #876, #1303 ) ;
#1628 = ORIENTED_EDGE ( 'NONE', *, *, #186, .T. ) ;
#1629 = ADVANCED_FACE ( 'NONE', ( #1409 ), #1520, .T. ) ;
#1630 = VECTOR ( 'NONE', #1007, 1000.000000000000000 ) ;
#1631 = AXIS2_PLACEMENT_3D ( 'NONE', #1021, #263, #1529 ) ;
#1632 = ORIENTED_EDGE ( 'NONE', *, *, #732, .F. ) ;
#1633 = AXIS2_PLACEMENT_3D ( 'NONE', #1457, #190, #814 ) ;
#1634 = CC_DESIGN_APPROVAL ( #41, ( #1145 ) ) ;
#1635 = PLANE ( 'NONE',  #962 ) ;
#1636 = CARTESIAN_POINT ( 'NONE',  ( -13.98458984355177392, -1.183459590056387345, 14.50000000000000000 ) ) ;
#1637 = DIRECTION ( 'NONE',  ( 0.000000000000000000, 0.000000000000000000, 1.000000000000000000 ) ) ;
#1638 = CYLINDRICAL_SURFACE ( 'NONE', #39, 0.5000000000000004441 ) ;
#1639 = ORIENTED_EDGE ( 'NONE', *, *, #132, .F. ) ;
#1640 = ADVANCED_FACE ( 'NONE', ( #1033 ), #788, .T. ) ;
#1641 = ORIENTED_EDGE ( 'NONE', *, *, #1326, .T. ) ;
#1642 = CARTESIAN_POINT ( 'NONE',  ( -7.984589843551773924, -0.8080459244677092867, -14.50000000000000000 ) ) ;
#1643 = DIRECTION ( 'NONE',  ( 0.000000000000000000, 1.000000000000000000, 0.000000000000000000 ) ) ;
#1644 = DIRECTION ( 'NONE',  ( 0.000000000000000000, -0.000000000000000000, 1.000000000000000000 ) ) ;
#1645 = FACE_OUTER_BOUND ( 'NONE', #435, .T. ) ;
#1646 = ORIENTED_EDGE ( 'NONE', *, *, #1445, .F. ) ;
#1647 = PERSON_AND_ORGANIZATION ( #338, #501 ) ;
#1648 = EDGE_CURVE ( 'NONE', #554, #15, #1112, .T. ) ;
#1649 = CARTESIAN_POINT ( 'NONE',  ( 0.000000000000000000, 0.000000000000000000, -14.00000000000000000 ) ) ;
#1650 = FACE_OUTER_BOUND ( 'NONE', #572, .T. ) ;
#1651 = LINE ( 'NONE', #1242, #1437 ) ;
#1652 = DIRECTION ( 'NONE',  ( -1.000000000000000000, 0.000000000000000000, 0.000000000000000000 ) ) ;
#1653 = ORIENTED_EDGE ( 'NONE', *, *, #1039, .F. ) ;
#1654 = SECURITY_CLASSIFICATION_LEVEL ( 'unclassified' ) ;
#1655 = VECTOR ( 'NONE', #187, 1000.000000000000000 ) ;
#1656 = AXIS2_PLACEMENT_3D ( 'NONE', #642, #1517, #1665 ) ;
#1657 = AXIS2_PLACEMENT_3D ( 'NONE', #869, #717, #736 ) ;
#1658 = DIRECTION ( 'NONE',  ( 0.000000000000000000, 1.000000000000000000, 0.000000000000000000 ) ) ;
#1659 = VECTOR ( 'NONE', #1268, 1000.000000000000000 ) ;
#1660 = LINE ( 'NONE', #1024, #1333 ) ;
#1661 = DIRECTION ( 'NONE',  ( 2.392722035830078479E-16, -0.000000000000000000, 1.000000000000000000 ) ) ;
#1662 = VERTEX_POINT ( 'NONE', #652 ) ;
#1663 = DATE_TIME_ROLE ( 'creation_date' ) ;
#1664 = DIRECTION ( 'NONE',  ( 0.000000000000000000, 0.000000000000000000, 1.000000000000000000 ) ) ;
#1665 = DIRECTION ( 'NONE',  ( 0.000000000000000000, 0.000000000000000000, 1.000000000000000000 ) ) ;
#1666 = VECTOR ( 'NONE', #462, 1000.000000000000000 ) ;
#1667 = CC_DESIGN_PERSON_AND_ORGANIZATION_ASSIGNMENT ( #1523, #727, ( #1145 ) ) ;
#1668 = PLANE ( 'NONE',  #1047 ) ;
#1669 = LINE ( 'NONE', #1295, #631 ) ;
#1670 = FACE_BOUND ( 'NONE', #1302, .T. ) ;
#1671 = EDGE_LOOP ( 'NONE', ( #1318, #1122, #313, #699 ) ) ;
#1672 = CARTESIAN_POINT ( 'NONE',  ( -14.48458984355177392, 6.583554288306425306, 0.000000000000000000 ) ) ;
#1673 = EDGE_LOOP ( 'NONE', ( #1513, #1217, #1620, #951 ) ) ;
#1674 = FACE_OUTER_BOUND ( 'NONE', #347, .T. ) ;
#1675 = CARTESIAN_POINT ( 'NONE',  ( -7.484589843551773924, -1.183459590056387345, 23.50000000000000000 ) ) ;
#1676 = FACE_OUTER_BOUND ( 'NONE', #123, .T. ) ;
#1677 = DIRECTION ( 'NONE',  ( 0.000000000000000000, 0.000000000000000000, -1.000000000000000000 ) ) ;
ENDSEC;
END-ISO-10303-21;
