ISO-10303-21;
HEADER;
FILE_DESCRIPTION (( 'STEP AP203' ),
    '1' );
FILE_NAME ('servo horn.STEP',
    '2026-08-13T07:49:26',
    ( '' ),
    ( '' ),
    'SwSTEP 2.0',
    'SolidWorks 2025',
    '' );
FILE_SCHEMA (( 'CONFIG_CONTROL_DESIGN' ));
ENDSEC;

DATA;
#1 = ORIENTED_EDGE ( 'NONE', *, *, #1276, .T. ) ;
#2 = AXIS2_PLACEMENT_3D ( 'NONE', #1073, #1407, #1531 ) ;
#3 = EDGE_LOOP ( 'NONE', ( #1439, #953, #979, #85 ) ) ;
#4 = DIRECTION ( 'NONE',  ( 0.000000000000000000, 1.000000000000000000, 0.000000000000000000 ) ) ;
#5 = EDGE_CURVE ( 'NONE', #307, #125, #868, .T. ) ;
#6 = ORIENTED_EDGE ( 'NONE', *, *, #1345, .T. ) ;
#7 = DIRECTION ( 'NONE',  ( 0.000000000000000000, 1.000000000000000000, 0.000000000000000000 ) ) ;
#8 = EDGE_CURVE ( 'NONE', #252, #1414, #841, .T. ) ;
#9 = CARTESIAN_POINT ( 'NONE',  ( -5.500000000000000000, -1.310000000000000053, -3.624321196247279760E-17 ) ) ;
#10 = EDGE_CURVE ( 'NONE', #11, #307, #269, .T. ) ;
#11 = VERTEX_POINT ( 'NONE', #13 ) ;
#12 = ORIENTED_EDGE ( 'NONE', *, *, #661, .F. ) ;
#13 = CARTESIAN_POINT ( 'NONE',  ( -5.799999999999999822, 3.040000000000000036, 5.799999999999999822 ) ) ;
#14 = ORIENTED_EDGE ( 'NONE', *, *, #514, .T. ) ;
#15 = FACE_BOUND ( 'NONE', #332, .T. ) ;
#16 = DIRECTION ( 'NONE',  ( 0.000000000000000000, -1.000000000000000000, 0.000000000000000000 ) ) ;
#17 = VERTEX_POINT ( 'NONE', #518 ) ;
#18 = ORIENTED_EDGE ( 'NONE', *, *, #880, .T. ) ;
#19 = CIRCLE ( 'NONE', #1097, 4.250000000000000000 ) ;
#20 = APPROVAL_PERSON_ORGANIZATION ( #969, #792, #976 ) ;
#21 = FACE_OUTER_BOUND ( 'NONE', #861, .T. ) ;
#22 = ORIENTED_EDGE ( 'NONE', *, *, #10, .F. ) ;
#23 = CARTESIAN_POINT ( 'NONE',  ( 4.250000000000000000, -5.760000000000000675, 0.000000000000000000 ) ) ;
#24 = EDGE_LOOP ( 'NONE', ( #914, #464, #894, #711 ) ) ;
#25 = EDGE_CURVE ( 'NONE', #663, #823, #660, .T. ) ;
#26 = AXIS2_PLACEMENT_3D ( 'NONE', #878, #1355, #293 ) ;
#27 = ORIENTED_EDGE ( 'NONE', *, *, #64, .T. ) ;
#28 = AXIS2_PLACEMENT_3D ( 'NONE', #907, #646, #639 ) ;
#29 = PERSON_AND_ORGANIZATION ( #871, #1174 ) ;
#30 = EDGE_CURVE ( 'NONE', #935, #326, #231, .T. ) ;
#31 = DIRECTION ( 'NONE',  ( 0.000000000000000000, -1.000000000000000000, 0.000000000000000000 ) ) ;
#32 = VERTEX_POINT ( 'NONE', #1472 ) ;
#33 = DIRECTION ( 'NONE',  ( 0.000000000000000000, -1.000000000000000000, 0.000000000000000000 ) ) ;
#34 = DATE_TIME_ROLE ( 'classification_date' ) ;
#35 = EDGE_CURVE ( 'NONE', #268, #106, #982, .T. ) ;
#36 = CARTESIAN_POINT ( 'NONE',  ( 0.000000000000000000, 0.000000000000000000, 25.39999999999999858 ) ) ;
#37 = CARTESIAN_POINT ( 'NONE',  ( 0.000000000000000000, -4.259999999999999787, 0.000000000000000000 ) ) ;
#38 = DIRECTION ( 'NONE',  ( 0.000000000000000000, -1.914177628664059677E-16, -1.000000000000000000 ) ) ;
#39 = VECTOR ( 'NONE', #862, 999.9999999999998863 ) ;
#40 = LINE ( 'NONE', #50, #1366 ) ;
#41 = ADVANCED_FACE ( 'NONE', ( #1295 ), #275, .T. ) ;
#42 = CARTESIAN_POINT ( 'NONE',  ( -1.649999999999999911, -1.709999999999999964, 2.020667218593132755E-16 ) ) ;
#43 = VECTOR ( 'NONE', #481, 1000.000000000000000 ) ;
#44 = CARTESIAN_POINT ( 'NONE',  ( 0.000000000000000000, -2.759999999999999787, 0.000000000000000000 ) ) ;
#45 = DATE_AND_TIME ( #1089, #1475 ) ;
#46 = VECTOR ( 'NONE', #796, 1000.000000000000000 ) ;
#47 = DIRECTION ( 'NONE',  ( 0.000000000000000000, -3.469446951953609258E-17, -1.000000000000000000 ) ) ;
#48 = LINE ( 'NONE', #1471, #1074 ) ;
#49 = LINE ( 'NONE', #241, #1146 ) ;
#50 = CARTESIAN_POINT ( 'NONE',  ( -5.799999999999999822, 3.040000000000000036, 5.799999999999999822 ) ) ;
#51 = DIRECTION ( 'NONE',  ( 0.000000000000000000, -1.000000000000000000, 0.000000000000000000 ) ) ;
#52 = ADVANCED_FACE ( 'NONE', ( #1221 ), #830, .F. ) ;
#53 = LINE ( 'NONE', #287, #413 ) ;
#54 = DIRECTION ( 'NONE',  ( 1.000000000000000000, 0.000000000000000000, 0.000000000000000000 ) ) ;
#55 = CARTESIAN_POINT ( 'NONE',  ( -7.003784518789589519, 2.100000000000000089, 0.8485442913385821129 ) ) ;
#56 = VECTOR ( 'NONE', #47, 1000.000000000000000 ) ;
#57 = LINE ( 'NONE', #675, #435 ) ;
#58 = EDGE_CURVE ( 'NONE', #1192, #1368, #153, .T. ) ;
#59 = CARTESIAN_POINT ( 'NONE',  ( 0.000000000000000000, 0.000000000000000000, 15.87500000000000000 ) ) ;
#60 = CIRCLE ( 'NONE', #394, 7.054999999999999716 ) ;
#61 = EDGE_CURVE ( 'NONE', #411, #11, #637, .T. ) ;
#62 = CARTESIAN_POINT ( 'NONE',  ( -5.799999999999999822, 2.100000000000000089, 10.55000000000000071 ) ) ;
#63 = FACE_OUTER_BOUND ( 'NONE', #122, .T. ) ;
#64 = EDGE_CURVE ( 'NONE', #1414, #411, #1202, .T. ) ;
#65 = ORIENTED_EDGE ( 'NONE', *, *, #64, .F. ) ;
#66 = ORIENTED_EDGE ( 'NONE', *, *, #362, .T. ) ;
#67 = LINE ( 'NONE', #571, #211 ) ;
#68 = FACE_BOUND ( 'NONE', #1109, .T. ) ;
#69 = VERTEX_POINT ( 'NONE', #988 ) ;
#70 = CARTESIAN_POINT ( 'NONE',  ( -3.799999999999999822, 2.100000000000000089, 10.19963607283460050 ) ) ;
#71 = ORIENTED_EDGE ( 'NONE', *, *, #777, .T. ) ;
#72 = VERTEX_POINT ( 'NONE', #1430 ) ;
#73 = EDGE_CURVE ( 'NONE', #182, #139, #962, .T. ) ;
#74 = ORIENTED_EDGE ( 'NONE', *, *, #35, .F. ) ;
#75 = ORIENTED_EDGE ( 'NONE', *, *, #133, .T. ) ;
#76 = DIRECTION ( 'NONE',  ( 0.000000000000000000, -1.000000000000000000, 0.000000000000000000 ) ) ;
#77 = DIRECTION ( 'NONE',  ( 0.000000000000000000, -1.000000000000000000, 0.000000000000000000 ) ) ;
#78 = CIRCLE ( 'NONE', #1362, 5.500000000000000000 ) ;
#79 = LINE ( 'NONE', #302, #1027 ) ;
#80 = ADVANCED_FACE ( 'NONE', ( #1173 ), #1228, .F. ) ;
#81 = CARTESIAN_POINT ( 'NONE',  ( -5.500000000000000000, 1.110223024625159893E-15, 0.000000000000000000 ) ) ;
#82 = CIRCLE ( 'NONE', #285, 1.649999999999999911 ) ;
#83 = ORIENTED_EDGE ( 'NONE', *, *, #369, .F. ) ;
#84 = DIRECTION ( 'NONE',  ( 0.000000000000000000, -1.000000000000000000, 0.000000000000000000 ) ) ;
#85 = ORIENTED_EDGE ( 'NONE', *, *, #1322, .T. ) ;
#86 =( BOUNDED_CURVE ( )  B_SPLINE_CURVE ( 2, ( #666, #1518, #340 ),
 .UNSPECIFIED., .F., .T. ) 
 B_SPLINE_CURVE_WITH_KNOTS ( ( 3, 3 ),
 ( 0.000000000000000000, 0.1823485314719280048 ),
 .UNSPECIFIED. ) 
 CURVE ( )  GEOMETRIC_REPRESENTATION_ITEM ( )  RATIONAL_B_SPLINE_CURVE ( ( 1.000000000000000000, 1.007468658927840099, 1.000000000000000000 ) ) 
 REPRESENTATION_ITEM ( '' )  );
#87 = AXIS2_PLACEMENT_3D ( 'NONE', #886, #544, #1349 ) ;
#88 = ORIENTED_EDGE ( 'NONE', *, *, #296, .F. ) ;
#89 = LINE ( 'NONE', #1126, #855 ) ;
#90 = CARTESIAN_POINT ( 'NONE',  ( 3.970962165153559820, 2.100000000000000089, 25.88110236220470028 ) ) ;
#91 = EDGE_CURVE ( 'NONE', #848, #608, #60, .T. ) ;
#92 = DIRECTION ( 'NONE',  ( 0.000000000000000000, -0.2795083699420538581, -0.9601432555261406598 ) ) ;
#93 = DIRECTION ( 'NONE',  ( 1.000000000000000000, 0.000000000000000000, 0.000000000000000000 ) ) ;
#94 = ORIENTED_EDGE ( 'NONE', *, *, #1485, .T. ) ;
#95 = CARTESIAN_POINT ( 'NONE',  ( 3.779999999999999805, 5.551115123125779744E-16, 8.500000000000000000 ) ) ;
#96 =( NAMED_UNIT ( * ) SI_UNIT ( $, .STERADIAN. ) SOLID_ANGLE_UNIT ( ) );
#97 = ORIENTED_EDGE ( 'NONE', *, *, #10, .T. ) ;
#98 = VERTEX_POINT ( 'NONE', #1305 ) ;
#99 = DIRECTION ( 'NONE',  ( 0.000000000000000000, -1.000000000000000000, 0.000000000000000000 ) ) ;
#100 = LINE ( 'NONE', #1145, #1121 ) ;
#101 = CYLINDRICAL_SURFACE ( 'NONE', #1207, 0.7937499999999999556 ) ;
#102 = CARTESIAN_POINT ( 'NONE',  ( -5.799999999999999822, 2.100000000000000089, 4.016593706114671036 ) ) ;
#103 = VERTEX_POINT ( 'NONE', #717 ) ;
#104 = CARTESIAN_POINT ( 'NONE',  ( 5.799999999999999822, 3.040000000000000036, 5.799999999999999822 ) ) ;
#105 = CYLINDRICAL_SURFACE ( 'NONE', #638, 5.500000000000000000 ) ;
#106 = VERTEX_POINT ( 'NONE', #755 ) ;
#107 = EDGE_LOOP ( 'NONE', ( #1006, #578, #357, #111 ) ) ;
#108 = DIRECTION ( 'NONE',  ( 0.000000000000000000, 1.000000000000000000, 0.000000000000000000 ) ) ;
#109 = AXIS2_PLACEMENT_3D ( 'NONE', #451, #688, #1313 ) ;
#110 = ORIENTED_EDGE ( 'NONE', *, *, #736, .T. ) ;
#111 = ORIENTED_EDGE ( 'NONE', *, *, #25, .T. ) ;
#112 = EDGE_CURVE ( 'NONE', #437, #819, #49, .T. ) ;
#113 = CIRCLE ( 'NONE', #429, 2.925000000000000266 ) ;
#114 = FACE_OUTER_BOUND ( 'NONE', #791, .T. ) ;
#115 = EDGE_CURVE ( 'NONE', #1383, #482, #565, .T. ) ;
#116 = DIRECTION ( 'NONE',  ( 0.000000000000000000, -1.000000000000000000, 0.000000000000000000 ) ) ;
#117 = CONICAL_SURFACE ( 'NONE', #206, 4.875000000000000000, 0.7853981633974476129 ) ;
#118 = ORIENTED_EDGE ( 'NONE', *, *, #1263, .F. ) ;
#119 = CARTESIAN_POINT ( 'NONE',  ( 0.7937499999999999556, 0.000000000000000000, 22.22500000000000142 ) ) ;
#120 = CLOSED_SHELL ( 'NONE', ( #1377, #1329, #1538, #52, #705, #344, #1473, #839, #997, #1290, #1079, #1523, #223, #1331, #522, #1338, #716, #1513, #767, #290, #1196, #1449, #1213, #825, #278, #546, #1363, #471, #399, #1447, #41, #1426, #733, #827, #789, #889, #829, #936, #80, #1111, #585, #1360, #726, #659, #512, #136, #1159, #457 ) ) ;
#121 = LINE ( 'NONE', #1318, #368 ) ;
#122 = EDGE_LOOP ( 'NONE', ( #74, #258, #1075, #553 ) ) ;
#123 = ORIENTED_EDGE ( 'NONE', *, *, #1238, .T. ) ;
#124 = ORIENTED_EDGE ( 'NONE', *, *, #648, .F. ) ;
#125 = VERTEX_POINT ( 'NONE', #1116 ) ;
#126 = CARTESIAN_POINT ( 'NONE',  ( 3.970962165153559820, 0.000000000000000000, 25.88110236220470028 ) ) ;
#127 = CARTESIAN_POINT ( 'NONE',  ( 0.7937499999999999556, 2.100000000000000089, 15.87500000000000000 ) ) ;
#128 = ORIENTED_EDGE ( 'NONE', *, *, #8, .T. ) ;
#129 = EDGE_LOOP ( 'NONE', ( #828, #1256 ) ) ;
#130 = APPLICATION_PROTOCOL_DEFINITION ( 'international standard', 'config_control_design', 1994, #202 ) ;
#131 = CARTESIAN_POINT ( 'NONE',  ( -7.003784518789589519, 2.100000000000000089, 0.8485442913385821129 ) ) ;
#132 = ORIENTED_EDGE ( 'NONE', *, *, #1103, .F. ) ;
#133 = EDGE_CURVE ( 'NONE', #474, #1302, #191, .T. ) ;
#134 = DIRECTION ( 'NONE',  ( 0.000000000000000000, 1.000000000000000000, 0.000000000000000000 ) ) ;
#135 = EDGE_LOOP ( 'NONE', ( #442, #1191, #210, #6 ) ) ;
#136 = ADVANCED_FACE ( 'NONE', ( #63 ), #1110, .F. ) ;
#137 = VECTOR ( 'NONE', #349, 1000.000000000000000 ) ;
#138 = CARTESIAN_POINT ( 'NONE',  ( -5.500000000000000000, -1.310000000000000053, 4.000000000000000000 ) ) ;
#139 = VERTEX_POINT ( 'NONE', #175 ) ;
#140 = AXIS2_PLACEMENT_3D ( 'NONE', #36, #1470, #751 ) ;
#141 = ORIENTED_EDGE ( 'NONE', *, *, #115, .T. ) ;
#142 = DIRECTION ( 'NONE',  ( 0.000000000000000000, -1.000000000000000000, 0.000000000000000000 ) ) ;
#143 = AXIS2_PLACEMENT_3D ( 'NONE', #400, #1344, #367 ) ;
#144 = AXIS2_PLACEMENT_3D ( 'NONE', #725, #449, #916 ) ;
#145 = APPROVAL_DATE_TIME ( #45, #903 ) ;
#146 = CARTESIAN_POINT ( 'NONE',  ( 0.000000000000000000, 2.569999999999999840, 0.000000000000000000 ) ) ;
#147 = CARTESIAN_POINT ( 'NONE',  ( -5.499999999999999112, -4.509999999999999787, -6.735557395310441037E-16 ) ) ;
#148 = VECTOR ( 'NONE', #1098, 1000.000000000000000 ) ;
#149 = CARTESIAN_POINT ( 'NONE',  ( 0.000000000000000000, 40.06868010054739671, 22.22500000000000142 ) ) ;
#150 = EDGE_CURVE ( 'NONE', #32, #69, #57, .T. ) ;
#151 = DIRECTION ( 'NONE',  ( 0.000000000000000000, 0.9601432555261407709, -0.2795083699420538581 ) ) ;
#152 = FACE_BOUND ( 'NONE', #1517, .T. ) ;
#153 = LINE ( 'NONE', #524, #1281 ) ;
#154 = APPROVAL_STATUS ( 'not_yet_approved' ) ;
#155 = CIRCLE ( 'NONE', #109, 7.054999999999999716 ) ;
#156 = DIRECTION ( 'NONE',  ( 0.000000000000000000, 1.000000000000000000, 0.000000000000000000 ) ) ;
#157 = EDGE_CURVE ( 'NONE', #411, #1393, #999, .T. ) ;
#158 = VECTOR ( 'NONE', #975, 1000.000000000000000 ) ;
#159 = AXIS2_PLACEMENT_3D ( 'NONE', #762, #1016, #1245 ) ;
#160 = PLANE ( 'NONE',  #1152 ) ;
#161 = AXIS2_PLACEMENT_3D ( 'NONE', #966, #385, #1197 ) ;
#162 = CARTESIAN_POINT ( 'NONE',  ( -5.799999999999999822, 3.040000000000000036, 0.000000000000000000 ) ) ;
#163 = VECTOR ( 'NONE', #1056, 1000.000000000000227 ) ;
#164 = PLANE ( 'NONE',  #1099 ) ;
#165 = CARTESIAN_POINT ( 'NONE',  ( 0.000000000000000000, 2.569999999999999840, 0.000000000000000000 ) ) ;
#166 = DIRECTION ( 'NONE',  ( 0.000000000000000000, -1.000000000000000000, 0.000000000000000000 ) ) ;
#167 = PLANE ( 'NONE',  #410 ) ;
#168 = EDGE_CURVE ( 'NONE', #1195, #1425, #658, .T. ) ;
#169 = DIRECTION ( 'NONE',  ( -1.000000000000000000, 0.000000000000000000, 0.000000000000000000 ) ) ;
#170 = FACE_BOUND ( 'NONE', #236, .T. ) ;
#171 = EDGE_CURVE ( 'NONE', #723, #1018, #644, .T. ) ;
#172 = PLANE ( 'NONE',  #1498 ) ;
#173 = AXIS2_PLACEMENT_3D ( 'NONE', #783, #816, #1505 ) ;
#174 = LINE ( 'NONE', #55, #39 ) ;
#175 = CARTESIAN_POINT ( 'NONE',  ( 2.925000000000000266, -2.759999999999999787, 0.000000000000000000 ) ) ;
#176 = CARTESIAN_POINT ( 'NONE',  ( -2.925000000000000266, -4.259999999999999787, 3.582091887506008211E-16 ) ) ;
#177 = CIRCLE ( 'NONE', #1055, 7.054999999999999716 ) ;
#178 = VERTEX_POINT ( 'NONE', #1235 ) ;
#179 = VECTOR ( 'NONE', #1385, 1000.000000000000000 ) ;
#180 = CARTESIAN_POINT ( 'NONE',  ( 0.000000000000000000, -2.234999999999999876, 0.000000000000000000 ) ) ;
#181 = DIRECTION ( 'NONE',  ( 0.000000000000000000, 1.000000000000000000, 0.000000000000000000 ) ) ;
#182 = VERTEX_POINT ( 'NONE', #403 ) ;
#183 = EDGE_CURVE ( 'NONE', #17, #474, #540, .T. ) ;
#184 = FACE_OUTER_BOUND ( 'NONE', #107, .T. ) ;
#185 = ORIENTED_EDGE ( 'NONE', *, *, #1163, .T. ) ;
#186 = ORIENTED_EDGE ( 'NONE', *, *, #391, .F. ) ;
#187 = EDGE_CURVE ( 'NONE', #1414, #347, #177, .T. ) ;
#188 = ORIENTED_EDGE ( 'NONE', *, *, #249, .T. ) ;
#189 = LINE ( 'NONE', #1486, #1303 ) ;
#190 = DIRECTION ( 'NONE',  ( 0.000000000000000000, 1.000000000000000000, 0.000000000000000000 ) ) ;
#191 = LINE ( 'NONE', #1244, #500 ) ;
#192 = FACE_BOUND ( 'NONE', #804, .T. ) ;
#193 = ORIENTED_EDGE ( 'NONE', *, *, #527, .F. ) ;
#194 = CYLINDRICAL_SURFACE ( 'NONE', #1227, 1.649999999999999911 ) ;
#195 = EDGE_LOOP ( 'NONE', ( #1278, #948, #1124, #1540 ) ) ;
#196 = EDGE_CURVE ( 'NONE', #1052, #504, #79, .T. ) ;
#197 = ORIENTED_EDGE ( 'NONE', *, *, #627, .T. ) ;
#198 = CARTESIAN_POINT ( 'NONE',  ( 0.000000000000000000, 1.050000000000000044, 0.000000000000000000 ) ) ;
#199 = CARTESIAN_POINT ( 'NONE',  ( 0.7937499999999999556, 2.100000000000000089, 22.22500000000000142 ) ) ;
#200 = CIRCLE ( 'NONE', #800, 7.054999999999999716 ) ;
#201 = DIRECTION ( 'NONE',  ( -0.9927405412883895108, 0.000000000000000000, 0.1202755905511812273 ) ) ;
#202 = APPLICATION_CONTEXT ( 'configuration controlled 3d designs of mechanical parts and assemblies' ) ;
#203 = CARTESIAN_POINT ( 'NONE',  ( 0.000000000000000000, 2.100000000000000089, 15.12427214566930012 ) ) ;
#204 = CIRCLE ( 'NONE', #140, 0.7937499999999999556 ) ;
#205 = ORIENTED_EDGE ( 'NONE', *, *, #8, .F. ) ;
#206 = AXIS2_PLACEMENT_3D ( 'NONE', #454, #707, #820 ) ;
#207 = FACE_OUTER_BOUND ( 'NONE', #425, .T. ) ;
#208 = EDGE_LOOP ( 'NONE', ( #1153, #682 ) ) ;
#209 = VECTOR ( 'NONE', #529, 1000.000000000000000 ) ;
#210 = ORIENTED_EDGE ( 'NONE', *, *, #661, .T. ) ;
#211 = VECTOR ( 'NONE', #1044, 1000.000000000000000 ) ;
#212 = CARTESIAN_POINT ( 'NONE',  ( 0.7937499999999999556, 40.06868010054739671, 22.22500000000000142 ) ) ;
#213 = EDGE_CURVE ( 'NONE', #819, #427, #1247, .T. ) ;
#214 = CARTESIAN_POINT ( 'NONE',  ( -3.779999999999999805, 5.551115123125779744E-16, 8.500000000000000000 ) ) ;
#215 = DIRECTION ( 'NONE',  ( 0.000000000000000000, -1.000000000000000000, 0.000000000000000000 ) ) ;
#216 = FACE_OUTER_BOUND ( 'NONE', #1274, .T. ) ;
#217 = EDGE_LOOP ( 'NONE', ( #12, #703, #303, #1040 ) ) ;
#218 = DIRECTION ( 'NONE',  ( 0.000000000000000000, 1.000000000000000000, 0.000000000000000000 ) ) ;
#219 = DIRECTION ( 'NONE',  ( 0.000000000000000000, 0.000000000000000000, -1.000000000000000000 ) ) ;
#220 = ORIENTED_EDGE ( 'NONE', *, *, #613, .T. ) ;
#221 = ORIENTED_EDGE ( 'NONE', *, *, #171, .T. ) ;
#222 = PLANE ( 'NONE',  #754 ) ;
#223 = ADVANCED_FACE ( 'NONE', ( #1358, #1487, #68, #765, #170, #422 ), #432, .T. ) ;
#224 = DIRECTION ( 'NONE',  ( 0.000000000000000000, 1.000000000000000000, 0.000000000000000000 ) ) ;
#225 = ORIENTED_EDGE ( 'NONE', *, *, #25, .F. ) ;
#226 = PRODUCT ( 'servo horn', 'servo horn', '', ( #708 ) ) ;
#227 = ORIENTED_EDGE ( 'NONE', *, *, #1003, .F. ) ;
#228 = DIRECTION ( 'NONE',  ( -1.000000000000000000, 0.000000000000000000, 0.000000000000000000 ) ) ;
#229 = CC_DESIGN_PERSON_AND_ORGANIZATION_ASSIGNMENT ( #744, #852, ( #616 ) ) ;
#230 =( LENGTH_UNIT ( ) NAMED_UNIT ( * ) SI_UNIT ( .MILLI., .METRE. ) );
#231 = LINE ( 'NONE', #1460, #163 ) ;
#232 = EDGE_LOOP ( 'NONE', ( #937, #665, #781, #265 ) ) ;
#233 = DIRECTION ( 'NONE',  ( -0.000000000000000000, 1.000000000000000000, 0.000000000000000000 ) ) ;
#234 = DIRECTION ( 'NONE',  ( 1.000000000000000000, 0.000000000000000000, 0.000000000000000000 ) ) ;
#235 = VECTOR ( 'NONE', #108, 1000.000000000000000 ) ;
#236 = EDGE_LOOP ( 'NONE', ( #75, #549, #247, #699, #949, #780, #1371, #469 ) ) ;
#237 = SECURITY_CLASSIFICATION ( '', '', #1468 ) ;
#238 = ORIENTED_EDGE ( 'NONE', *, *, #213, .T. ) ;
#239 = AXIS2_PLACEMENT_3D ( 'NONE', #264, #1090, #1208 ) ;
#240 = DIRECTION ( 'NONE',  ( 1.000000000000000000, 0.000000000000000000, 0.000000000000000000 ) ) ;
#241 = CARTESIAN_POINT ( 'NONE',  ( 3.970962165153559820, 2.100000000000000089, 25.88110236220470028 ) ) ;
#242 = ORIENTED_EDGE ( 'NONE', *, *, #1025, .F. ) ;
#243 = DIRECTION ( 'NONE',  ( -1.000000000000000000, 0.000000000000000000, 0.000000000000000000 ) ) ;
#244 =( BOUNDED_CURVE ( )  B_SPLINE_CURVE ( 2, ( #1030, #545, #1118 ),
 .UNSPECIFIED., .F., .F. ) 
 B_SPLINE_CURVE_WITH_KNOTS ( ( 3, 3 ),
 ( 0.000000000000000000, 0.1823485314719280048 ),
 .UNSPECIFIED. ) 
 CURVE ( )  GEOMETRIC_REPRESENTATION_ITEM ( )  RATIONAL_B_SPLINE_CURVE ( ( 1.000000000000000000, 1.007468658927660021, 1.000000000000000000 ) ) 
 REPRESENTATION_ITEM ( '' )  );
#245 = VECTOR ( 'NONE', #92, 1000.000000000000114 ) ;
#246 = LINE ( 'NONE', #502, #1456 ) ;
#247 = ORIENTED_EDGE ( 'NONE', *, *, #480, .T. ) ;
#248 = CARTESIAN_POINT ( 'NONE',  ( 0.000000000000000000, 40.06868010054739671, 19.05000000000000071 ) ) ;
#249 = EDGE_CURVE ( 'NONE', #1086, #98, #1462, .T. ) ;
#250 = CARTESIAN_POINT ( 'NONE',  ( -0.7937499999999999556, 0.000000000000000000, 22.22500000000000142 ) ) ;
#251 = ORIENTED_EDGE ( 'NONE', *, *, #939, .T. ) ;
#252 = VERTEX_POINT ( 'NONE', #534 ) ;
#253 = CONICAL_SURFACE ( 'NONE', #444, 6.427500000000000213, 0.9279329730171873569 ) ;
#254 = CARTESIAN_POINT ( 'NONE',  ( 0.7937499999999999556, 2.100000000000000089, 25.39999999999999858 ) ) ;
#255 = ORIENTED_EDGE ( 'NONE', *, *, #274, .T. ) ;
#256 = ORIENTED_EDGE ( 'NONE', *, *, #492, .T. ) ;
#257 = DIRECTION ( 'NONE',  ( 0.000000000000000000, 1.000000000000000000, 0.000000000000000000 ) ) ;
#258 = ORIENTED_EDGE ( 'NONE', *, *, #342, .F. ) ;
#259 = EDGE_CURVE ( 'NONE', #1086, #345, #53, .T. ) ;
#260 = CARTESIAN_POINT ( 'NONE',  ( 0.000000000000000000, 2.100000000000000089, 19.05000000000000071 ) ) ;
#261 = ORIENTED_EDGE ( 'NONE', *, *, #30, .T. ) ;
#262 = AXIS2_PLACEMENT_3D ( 'NONE', #1034, #1011, #805 ) ;
#263 = PERSON_AND_ORGANIZATION ( #871, #1174 ) ;
#264 = CARTESIAN_POINT ( 'NONE',  ( 0.000000000000000000, 2.100000000000000089, 15.87500000000000000 ) ) ;
#265 = ORIENTED_EDGE ( 'NONE', *, *, #1170, .F. ) ;
#266 = EDGE_CURVE ( 'NONE', #965, #715, #900, .T. ) ;
#267 = DIRECTION ( 'NONE',  ( 0.000000000000000000, -1.000000000000000000, 0.000000000000000000 ) ) ;
#268 = VERTEX_POINT ( 'NONE', #562 ) ;
#269 = LINE ( 'NONE', #863, #1351 ) ;
#270 = AXIS2_PLACEMENT_3D ( 'NONE', #667, #190, #1127 ) ;
#271 = PERSON_AND_ORGANIZATION_ROLE ( 'design_owner' ) ;
#272 = PLANE ( 'NONE',  #365 ) ;
#273 = FACE_OUTER_BOUND ( 'NONE', #1014, .T. ) ;
#274 = EDGE_CURVE ( 'NONE', #1325, #380, #1184, .T. ) ;
#275 = PLANE ( 'NONE',  #932 ) ;
#276 = EDGE_CURVE ( 'NONE', #103, #106, #1083, .T. ) ;
#277 = CALENDAR_DATE ( 2026, 13, 8 ) ;
#278 = ADVANCED_FACE ( 'NONE', ( #1291 ), #1036, .T. ) ;
#279 = CARTESIAN_POINT ( 'NONE',  ( 0.000000000000000000, 2.100000000000000089, 22.22500000000000142 ) ) ;
#280 = CARTESIAN_POINT ( 'NONE',  ( -3.970962165153559820, 0.000000000000000000, 25.88110236220470028 ) ) ;
#281 = CARTESIAN_POINT ( 'NONE',  ( 0.000000000000000000, 2.100000000000000089, 0.000000000000000000 ) ) ;
#282 = AXIS2_PLACEMENT_3D ( 'NONE', #824, #1541, #243 ) ;
#283 = CARTESIAN_POINT ( 'NONE',  ( 0.000000000000000000, 40.06868010054739671, 19.05000000000000071 ) ) ;
#284 = AXIS2_PLACEMENT_3D ( 'NONE', #1068, #16, #489 ) ;
#285 = AXIS2_PLACEMENT_3D ( 'NONE', #566, #1252, #554 ) ;
#286 = DIRECTION ( 'NONE',  ( 0.000000000000000000, -0.9809758211820228668, -0.1941299519812849650 ) ) ;
#287 = CARTESIAN_POINT ( 'NONE',  ( -1.649999999999999911, -2.234999999999999876, 2.020667218593132755E-16 ) ) ;
#288 = VECTOR ( 'NONE', #1316, 1000.000000000000000 ) ;
#289 = FACE_OUTER_BOUND ( 'NONE', #604, .T. ) ;
#290 = ADVANCED_FACE ( 'NONE', ( #1158, #463 ), #343, .T. ) ;
#291 = CARTESIAN_POINT ( 'NONE',  ( 0.000000000000000000, -1.709999999999999964, 0.000000000000000000 ) ) ;
#292 = ORIENTED_EDGE ( 'NONE', *, *, #632, .F. ) ;
#293 = DIRECTION ( 'NONE',  ( 1.000000000000000000, 0.000000000000000000, 0.000000000000000000 ) ) ;
#294 = DIRECTION ( 'NONE',  ( 0.000000000000000000, -1.000000000000000000, 0.000000000000000000 ) ) ;
#295 = DIRECTION ( 'NONE',  ( 1.000000000000000000, 0.000000000000000000, 0.000000000000000000 ) ) ;
#296 = EDGE_CURVE ( 'NONE', #1182, #1388, #876, .T. ) ;
#297 = CARTESIAN_POINT ( 'NONE',  ( 0.000000000000000000, 2.100000000000000089, 0.000000000000000000 ) ) ;
#298 = DIRECTION ( 'NONE',  ( 0.000000000000000000, -0.9601432555261407709, 0.2795083699420538581 ) ) ;
#299 = CIRCLE ( 'NONE', #1347, 0.7937499999999999556 ) ;
#300 = DIRECTION ( 'NONE',  ( 0.9927405412883896219, 0.000000000000000000, 0.1202755905511809636 ) ) ;
#301 = CIRCLE ( 'NONE', #959, 0.7937499999999999556 ) ;
#302 = CARTESIAN_POINT ( 'NONE',  ( 5.500000000000000000, -2.254999999999999893, -6.238812440868399735E-17 ) ) ;
#303 = ORIENTED_EDGE ( 'NONE', *, *, #150, .T. ) ;
#304 = PLANE ( 'NONE',  #1403 ) ;
#305 = AXIS2_PLACEMENT_3D ( 'NONE', #311, #785, #1135 ) ;
#306 = ORIENTED_EDGE ( 'NONE', *, *, #453, .T. ) ;
#307 = VERTEX_POINT ( 'NONE', #807 ) ;
#308 = ORIENTED_EDGE ( 'NONE', *, *, #1451, .T. ) ;
#309 = DIRECTION ( 'NONE',  ( 0.000000000000000000, 1.000000000000000000, 0.000000000000000000 ) ) ;
#310 = CARTESIAN_POINT ( 'NONE',  ( 4.319941583992290891E-16, 2.100000000000000089, -7.054999999999999716 ) ) ;
#311 = CARTESIAN_POINT ( 'NONE',  ( 0.000000000000000000, -5.760000000000000675, 0.000000000000000000 ) ) ;
#312 = FACE_OUTER_BOUND ( 'NONE', #475, .T. ) ;
#313 = EDGE_LOOP ( 'NONE', ( #382, #1, #1405, #931 ) ) ;
#314 = EDGE_CURVE ( 'NONE', #1425, #504, #1282, .T. ) ;
#315 = DIRECTION ( 'NONE',  ( 0.000000000000000000, 0.000000000000000000, 1.000000000000000000 ) ) ;
#316 = ORIENTED_EDGE ( 'NONE', *, *, #1389, .T. ) ;
#317 = ORIENTED_EDGE ( 'NONE', *, *, #157, .T. ) ;
#318 = FACE_OUTER_BOUND ( 'NONE', #1271, .T. ) ;
#319 = LINE ( 'NONE', #795, #1209 ) ;
#320 = LINE ( 'NONE', #1408, #46 ) ;
#321 = FACE_BOUND ( 'NONE', #456, .T. ) ;
#322 = EDGE_LOOP ( 'NONE', ( #459, #1317, #350, #671 ) ) ;
#323 = DIRECTION ( 'NONE',  ( 1.000000000000000000, 0.000000000000000000, 0.000000000000000000 ) ) ;
#324 = DIRECTION ( 'NONE',  ( 0.000000000000000000, -1.000000000000000000, 0.000000000000000000 ) ) ;
#325 = EDGE_CURVE ( 'NONE', #326, #32, #320, .T. ) ;
#326 = VERTEX_POINT ( 'NONE', #687 ) ;
#327 = ORIENTED_EDGE ( 'NONE', *, *, #183, .F. ) ;
#328 = DIRECTION ( 'NONE',  ( 0.000000000000000000, -1.000000000000000000, 0.000000000000000000 ) ) ;
#329 = FACE_OUTER_BOUND ( 'NONE', #3, .T. ) ;
#330 = CARTESIAN_POINT ( 'NONE',  ( -1.649999999999999911, -2.759999999999999787, 2.020667218593132755E-16 ) ) ;
#331 = CARTESIAN_POINT ( 'NONE',  ( 3.779999999999999805, -0.6550000000000000266, 4.250000000000000000 ) ) ;
#332 = EDGE_LOOP ( 'NONE', ( #487, #188 ) ) ;
#333 = DIRECTION ( 'NONE',  ( 0.000000000000000000, -1.000000000000000000, 0.000000000000000000 ) ) ;
#334 = LINE ( 'NONE', #821, #995 ) ;
#335 = ORIENTED_EDGE ( 'NONE', *, *, #480, .F. ) ;
#336 = ORIENTED_EDGE ( 'NONE', *, *, #1367, .F. ) ;
#337 = EDGE_CURVE ( 'NONE', #1515, #423, #1520, .T. ) ;
#338 = VECTOR ( 'NONE', #477, 1000.000000000000000 ) ;
#339 = ORIENTED_EDGE ( 'NONE', *, *, #1255, .F. ) ;
#340 = CARTESIAN_POINT ( 'NONE',  ( -3.799999999999999822, 2.100000000000000089, 5.944158897606960146 ) ) ;
#341 = CARTESIAN_POINT ( 'NONE',  ( 0.000000000000000000, 40.06868010054739671, 15.87500000000000000 ) ) ;
#342 = EDGE_CURVE ( 'NONE', #1422, #268, #1102, .T. ) ;
#343 = PLANE ( 'NONE',  #1373 ) ;
#344 = ADVANCED_FACE ( 'NONE', ( #696 ), #101, .F. ) ;
#345 = VERTEX_POINT ( 'NONE', #330 ) ;
#346 = ORIENTED_EDGE ( 'NONE', *, *, #613, .F. ) ;
#347 = VERTEX_POINT ( 'NONE', #131 ) ;
#348 = CARTESIAN_POINT ( 'NONE',  ( 0.7937499999999999556, 2.100000000000000089, 19.05000000000000071 ) ) ;
#349 = DIRECTION ( 'NONE',  ( 0.000000000000000000, -1.914177628664059677E-16, -1.000000000000000000 ) ) ;
#350 = ORIENTED_EDGE ( 'NONE', *, *, #1189, .F. ) ;
#351 = ORIENTED_EDGE ( 'NONE', *, *, #963, .T. ) ;
#352 = FACE_OUTER_BOUND ( 'NONE', #990, .T. ) ;
#353 = CARTESIAN_POINT ( 'NONE',  ( -3.970962165153559820, 2.100000000000000089, 25.88110236220470028 ) ) ;
#354 = ORIENTED_EDGE ( 'NONE', *, *, #1231, .T. ) ;
#355 = CARTESIAN_POINT ( 'NONE',  ( 0.000000000000000000, 0.000000000000000000, 0.000000000000000000 ) ) ;
#356 = DIRECTION ( 'NONE',  ( 0.000000000000000000, -1.000000000000000000, 0.000000000000000000 ) ) ;
#357 = ORIENTED_EDGE ( 'NONE', *, *, #882, .T. ) ;
#358 = CARTESIAN_POINT ( 'NONE',  ( 0.000000000000000000, 40.06868010054739671, 25.39999999999999858 ) ) ;
#359 = DIRECTION ( 'NONE',  ( 0.000000000000000000, -1.000000000000000000, 0.000000000000000000 ) ) ;
#360 = VECTOR ( 'NONE', #1286, 1000.000000000000000 ) ;
#361 = ORIENTED_EDGE ( 'NONE', *, *, #453, .F. ) ;
#362 = EDGE_CURVE ( 'NONE', #472, #1192, #739, .T. ) ;
#363 = ORIENTED_EDGE ( 'NONE', *, *, #1508, .T. ) ;
#364 = AXIS2_PLACEMENT_3D ( 'NONE', #947, #835, #1190 ) ;
#365 = AXIS2_PLACEMENT_3D ( 'NONE', #745, #151, #1002 ) ;
#366 = DIRECTION ( 'NONE',  ( -1.000000000000000000, 0.000000000000000000, 0.000000000000000000 ) ) ;
#367 = DIRECTION ( 'NONE',  ( 0.000000000000000000, 0.000000000000000000, 1.000000000000000000 ) ) ;
#368 = VECTOR ( 'NONE', #134, 1000.000000000000000 ) ;
#369 = EDGE_CURVE ( 'NONE', #778, #345, #1481, .T. ) ;
#370 = EDGE_LOOP ( 'NONE', ( #1131, #1292, #1154, #950 ) ) ;
#371 = PLANE ( 'NONE',  #1137 ) ;
#372 = AXIS2_PLACEMENT_3D ( 'NONE', #574, #215, #582 ) ;
#373 = CARTESIAN_POINT ( 'NONE',  ( 3.779999999999999805, 8.326672684688670109E-16, 3.995197116538810711 ) ) ;
#374 = ORIENTED_EDGE ( 'NONE', *, *, #1211, .T. ) ;
#375 = ORIENTED_EDGE ( 'NONE', *, *, #535, .T. ) ;
#376 = DATE_TIME_ROLE ( 'creation_date' ) ;
#377 = EDGE_CURVE ( 'NONE', #819, #1368, #927, .T. ) ;
#378 = DIRECTION ( 'NONE',  ( 0.000000000000000000, 1.000000000000000000, 0.000000000000000000 ) ) ;
#379 = VERTEX_POINT ( 'NONE', #461 ) ;
#380 = VERTEX_POINT ( 'NONE', #199 ) ;
#381 = DIRECTION ( 'NONE',  ( 1.000000000000000000, 0.000000000000000000, 0.000000000000000000 ) ) ;
#382 = ORIENTED_EDGE ( 'NONE', *, *, #337, .T. ) ;
#383 = PERSON_AND_ORGANIZATION_ROLE ( 'classification_officer' ) ;
#384 = FACE_OUTER_BOUND ( 'NONE', #1491, .T. ) ;
#385 = DIRECTION ( 'NONE',  ( 0.000000000000000000, -1.000000000000000000, 0.000000000000000000 ) ) ;
#386 = AXIS2_PLACEMENT_3D ( 'NONE', #1133, #1384, #1492 ) ;
#387 = LOCAL_TIME ( 10, 49, 26.00000000000000000, #1072 ) ;
#388 = APPROVAL_ROLE ( '' ) ;
#389 = CARTESIAN_POINT ( 'NONE',  ( 0.7937499999999999556, 40.06868010054739671, 25.39999999999999858 ) ) ;
#390 = AXIS2_PLACEMENT_3D ( 'NONE', #279, #1095, #757 ) ;
#391 = EDGE_CURVE ( 'NONE', #1393, #491, #695, .T. ) ;
#392 = DIRECTION ( 'NONE',  ( 0.000000000000000000, 1.000000000000000000, 0.000000000000000000 ) ) ;
#393 = EDGE_CURVE ( 'NONE', #379, #935, #319, .T. ) ;
#394 = AXIS2_PLACEMENT_3D ( 'NONE', #281, #116, #1315 ) ;
#395 = CC_DESIGN_PERSON_AND_ORGANIZATION_ASSIGNMENT ( #1193, #383, ( #237 ) ) ;
#396 = DIRECTION ( 'NONE',  ( 0.000000000000000000, -1.000000000000000000, 0.000000000000000000 ) ) ;
#397 = DIRECTION ( 'NONE',  ( 1.000000000000000000, 0.000000000000000000, 0.000000000000000000 ) ) ;
#398 = DIRECTION ( 'NONE',  ( 0.000000000000000000, 0.1941299519812849372, -0.9809758211820227558 ) ) ;
#399 = ADVANCED_FACE ( 'NONE', ( #1267 ), #1280, .F. ) ;
#400 = CARTESIAN_POINT ( 'NONE',  ( -3.799999999999999822, 2.569999999999999840, 5.275000000000000355 ) ) ;
#401 = LINE ( 'NONE', #1101, #760 ) ;
#402 = CARTESIAN_POINT ( 'NONE',  ( -5.500000000000000000, 0.000000000000000000, 2.125000000000000000 ) ) ;
#403 = CARTESIAN_POINT ( 'NONE',  ( -2.925000000000000266, -2.759999999999999787, 3.582091887506008211E-16 ) ) ;
#404 = EDGE_CURVE ( 'NONE', #1422, #564, #100, .T. ) ;
#405 = AXIS2_PLACEMENT_3D ( 'NONE', #358, #7, #1308 ) ;
#406 = CIRCLE ( 'NONE', #1172, 7.054999999999999716 ) ;
#407 = LINE ( 'NONE', #977, #928 ) ;
#408 = VECTOR ( 'NONE', #156, 1000.000000000000000 ) ;
#409 = DIRECTION ( 'NONE',  ( 0.000000000000000000, 1.000000000000000000, 0.000000000000000000 ) ) ;
#410 = AXIS2_PLACEMENT_3D ( 'NONE', #650, #1112, #54 ) ;
#411 = VERTEX_POINT ( 'NONE', #1156 ) ;
#412 = DIRECTION ( 'NONE',  ( 0.000000000000000000, -1.000000000000000000, 0.000000000000000000 ) ) ;
#413 = VECTOR ( 'NONE', #1376, 1000.000000000000000 ) ;
#414 = AXIS2_PLACEMENT_3D ( 'NONE', #898, #1035, #847 ) ;
#415 = CARTESIAN_POINT ( 'NONE',  ( 2.925000000000000266, -5.760000000000000675, 0.000000000000000000 ) ) ;
#416 = ORIENTED_EDGE ( 'NONE', *, *, #112, .T. ) ;
#417 = LINE ( 'NONE', #1113, #1200 ) ;
#418 = DIRECTION ( 'NONE',  ( 1.000000000000000000, 0.000000000000000000, 0.000000000000000000 ) ) ;
#419 = FACE_OUTER_BOUND ( 'NONE', #1246, .T. ) ;
#420 = EDGE_CURVE ( 'NONE', #482, #1325, #67, .T. ) ;
#421 = CARTESIAN_POINT ( 'NONE',  ( 0.000000000000000000, 0.000000000000000000, 0.000000000000000000 ) ) ;
#422 = FACE_OUTER_BOUND ( 'NONE', #798, .T. ) ;
#423 = VERTEX_POINT ( 'NONE', #1375 ) ;
#424 = DIRECTION ( 'NONE',  ( 0.000000000000000000, -3.469446951953609258E-17, -1.000000000000000000 ) ) ;
#425 = EDGE_LOOP ( 'NONE', ( #845, #919, #1372, #568 ) ) ;
#426 = CIRCLE ( 'NONE', #282, 0.7937499999999999556 ) ;
#427 = VERTEX_POINT ( 'NONE', #439 ) ;
#428 = CARTESIAN_POINT ( 'NONE',  ( 0.000000000000000000, -4.509999999999999787, 0.000000000000000000 ) ) ;
#429 = AXIS2_PLACEMENT_3D ( 'NONE', #1444, #359, #381 ) ;
#430 = CARTESIAN_POINT ( 'NONE',  ( 3.779999999999999805, 0.000000000000000000, 2.125000000000000000 ) ) ;
#431 = CIRCLE ( 'NONE', #1459, 0.7937499999999999556 ) ;
#432 = PLANE ( 'NONE',  #595 ) ;
#433 = ORIENTED_EDGE ( 'NONE', *, *, #573, .T. ) ;
#434 = DIRECTION ( 'NONE',  ( 0.000000000000000000, 1.000000000000000000, 0.000000000000000000 ) ) ;
#435 = VECTOR ( 'NONE', #1128, 1000.000000000000227 ) ;
#436 = ORIENTED_EDGE ( 'NONE', *, *, #168, .T. ) ;
#437 = VERTEX_POINT ( 'NONE', #90 ) ;
#438 = CARTESIAN_POINT ( 'NONE',  ( 0.000000000000000000, 2.100000000000000089, 0.000000000000000000 ) ) ;
#439 = CARTESIAN_POINT ( 'NONE',  ( 5.799999999999999822, 2.100000000000000089, 4.016593706114671036 ) ) ;
#440 = DIRECTION ( 'NONE',  ( 0.000000000000000000, -1.000000000000000000, 0.000000000000000000 ) ) ;
#441 = DIRECTION ( 'NONE',  ( 0.000000000000000000, -1.000000000000000000, 3.469446951953609258E-17 ) ) ;
#442 = ORIENTED_EDGE ( 'NONE', *, *, #1223, .T. ) ;
#443 = FACE_OUTER_BOUND ( 'NONE', #923, .T. ) ;
#444 = AXIS2_PLACEMENT_3D ( 'NONE', #165, #872, #523 ) ;
#445 = DIRECTION ( 'NONE',  ( 0.000000000000000000, 3.469446951953609258E-17, 1.000000000000000000 ) ) ;
#446 = ORIENTED_EDGE ( 'NONE', *, *, #314, .F. ) ;
#447 = ORIENTED_EDGE ( 'NONE', *, *, #559, .F. ) ;
#448 = DIRECTION ( 'NONE',  ( 6.123233995736769734E-17, 0.000000000000000000, -1.000000000000000000 ) ) ;
#449 = DIRECTION ( 'NONE',  ( 0.000000000000000000, -1.000000000000000000, 0.000000000000000000 ) ) ;
#450 = CARTESIAN_POINT ( 'NONE',  ( 0.000000000000000000, 40.06868010054739671, 25.39999999999999858 ) ) ;
#451 = CARTESIAN_POINT ( 'NONE',  ( 0.000000000000000000, 2.100000000000000089, 0.000000000000000000 ) ) ;
#452 = VERTEX_POINT ( 'NONE', #1519 ) ;
#453 = EDGE_CURVE ( 'NONE', #747, #904, #812, .T. ) ;
#454 = CARTESIAN_POINT ( 'NONE',  ( 0.000000000000000000, -5.134999999999999787, 0.000000000000000000 ) ) ;
#455 = DIRECTION ( 'NONE',  ( 0.000000000000000000, -1.000000000000000000, 0.000000000000000000 ) ) ;
#456 = EDGE_LOOP ( 'NONE', ( #555, #1288 ) ) ;
#457 = ADVANCED_FACE ( 'NONE', ( #329 ), #741, .F. ) ;
#458 = AXIS2_PLACEMENT_3D ( 'NONE', #198, #683, #448 ) ;
#459 = ORIENTED_EDGE ( 'NONE', *, *, #1404, .T. ) ;
#460 = CYLINDRICAL_SURFACE ( 'NONE', #1327, 3.250000000000000000 ) ;
#461 = CARTESIAN_POINT ( 'NONE',  ( 5.799999999999999822, 3.040000000000000036, 0.000000000000000000 ) ) ;
#462 = LOCAL_TIME ( 10, 49, 26.00000000000000000, #1215 ) ;
#463 = FACE_OUTER_BOUND ( 'NONE', #727, .T. ) ;
#464 = ORIENTED_EDGE ( 'NONE', *, *, #377, .F. ) ;
#465 = CIRCLE ( 'NONE', #656, 4.250000000000000000 ) ;
#466 = ORIENTED_EDGE ( 'NONE', *, *, #736, .F. ) ;
#467 = CARTESIAN_POINT ( 'NONE',  ( -2.899999999999999911, 2.100000000000000089, 10.55000000000000071 ) ) ;
#468 = CARTESIAN_POINT ( 'NONE',  ( 5.800000000000000711, 3.039999999999998703, 1.812232088328672219 ) ) ;
#469 = ORIENTED_EDGE ( 'NONE', *, *, #664, .T. ) ;
#470 = AXIS2_PLACEMENT_3D ( 'NONE', #743, #356, #952 ) ;
#471 = ADVANCED_FACE ( 'NONE', ( #21 ), #498, .F. ) ;
#472 = VERTEX_POINT ( 'NONE', #806 ) ;
#473 = DIRECTION ( 'NONE',  ( 1.000000000000000000, 0.000000000000000000, 0.000000000000000000 ) ) ;
#474 = VERTEX_POINT ( 'NONE', #214 ) ;
#475 = EDGE_LOOP ( 'NONE', ( #1378, #446, #308, #1381 ) ) ;
#476 = DIRECTION ( 'NONE',  ( 1.000000000000000000, 0.000000000000000000, 0.000000000000000000 ) ) ;
#477 = DIRECTION ( 'NONE',  ( 0.000000000000000000, 1.914177628664059677E-16, 1.000000000000000000 ) ) ;
#478 = VERTEX_POINT ( 'NONE', #1012 ) ;
#479 = DIRECTION ( 'NONE',  ( 0.000000000000000000, -1.000000000000000000, 0.000000000000000000 ) ) ;
#480 = EDGE_CURVE ( 'NONE', #1054, #843, #1494, .T. ) ;
#481 = DIRECTION ( 'NONE',  ( 0.000000000000000000, -1.000000000000000000, 0.000000000000000000 ) ) ;
#482 = VERTEX_POINT ( 'NONE', #250 ) ;
#483 = ORIENTED_EDGE ( 'NONE', *, *, #1189, .T. ) ;
#484 = CC_DESIGN_PERSON_AND_ORGANIZATION_ASSIGNMENT ( #263, #1082, ( #616 ) ) ;
#485 = CARTESIAN_POINT ( 'NONE',  ( 5.799999999999999822, 3.040000000000000036, 0.000000000000000000 ) ) ;
#486 = DIRECTION ( 'NONE',  ( 0.1202755905511809636, 0.000000000000000000, -0.9927405412883896219 ) ) ;
#487 = ORIENTED_EDGE ( 'NONE', *, *, #763, .T. ) ;
#488 = DIRECTION ( 'NONE',  ( 1.000000000000000000, 0.000000000000000000, 0.000000000000000000 ) ) ;
#489 = DIRECTION ( 'NONE',  ( 1.000000000000000000, 0.000000000000000000, 0.000000000000000000 ) ) ;
#490 = VECTOR ( 'NONE', #1510, 1000.000000000000000 ) ;
#491 = VERTEX_POINT ( 'NONE', #310 ) ;
#492 = EDGE_CURVE ( 'NONE', #723, #17, #784, .T. ) ;
#493 = AXIS2_PLACEMENT_3D ( 'NONE', #934, #455, #219 ) ;
#494 = ORIENTED_EDGE ( 'NONE', *, *, #1314, .F. ) ;
#495 = CIRCLE ( 'NONE', #390, 0.7937499999999999556 ) ;
#496 = APPROVAL_DATE_TIME ( #620, #792 ) ;
#497 = AXIS2_PLACEMENT_3D ( 'NONE', #586, #333, #577 ) ;
#498 = CYLINDRICAL_SURFACE ( 'NONE', #541, 0.7937499999999999556 ) ;
#499 = ORIENTED_EDGE ( 'NONE', *, *, #652, .T. ) ;
#500 = VECTOR ( 'NONE', #769, 1000.000000000000000 ) ;
#501 = VECTOR ( 'NONE', #1442, 1000.000000000000000 ) ;
#502 = CARTESIAN_POINT ( 'NONE',  ( -5.500000000000000000, -2.254999999999999893, 6.735557395310442023E-16 ) ) ;
#503 = ORIENTED_EDGE ( 'NONE', *, *, #939, .F. ) ;
#504 = VERTEX_POINT ( 'NONE', #1258 ) ;
#505 = EDGE_CURVE ( 'NONE', #268, #1422, #1085, .T. ) ;
#506 = DIRECTION ( 'NONE',  ( 0.000000000000000000, 1.000000000000000000, 0.000000000000000000 ) ) ;
#507 = ORIENTED_EDGE ( 'NONE', *, *, #1094, .T. ) ;
#508 = EDGE_LOOP ( 'NONE', ( #722, #832, #261, #339 ) ) ;
#509 = PLANE ( 'NONE',  #641 ) ;
#510 = UNCERTAINTY_MEASURE_WITH_UNIT (LENGTH_MEASURE( 1.000000000000000082E-05 ), #230, 'distance_accuracy_value', 'NONE');
#511 = APPROVAL_STATUS ( 'not_yet_approved' ) ;
#512 = ADVANCED_FACE ( 'NONE', ( #1024 ), #1507, .F. ) ;
#513 = LINE ( 'NONE', #864, #619 ) ;
#514 = EDGE_CURVE ( 'NONE', #478, #1054, #401, .T. ) ;
#515 = APPROVAL ( #961, 'UNSPECIFIED' ) ;
#516 = LINE ( 'NONE', #850, #521 ) ;
#517 = CIRCLE ( 'NONE', #680, 5.500000000000000000 ) ;
#518 = CARTESIAN_POINT ( 'NONE',  ( -3.779999999999999805, -1.310000000000000053, 4.000000000000000000 ) ) ;
#519 = AXIS2_PLACEMENT_3D ( 'NONE', #1525, #602, #476 ) ;
#520 = DIRECTION ( 'NONE',  ( 0.000000000000000000, -0.1941299519812849372, 0.9809758211820227558 ) ) ;
#521 = VECTOR ( 'NONE', #826, 1000.000000000000000 ) ;
#522 = ADVANCED_FACE ( 'NONE', ( #384 ), #1353, .T. ) ;
#523 = DIRECTION ( 'NONE',  ( -1.836970198721029688E-16, 0.000000000000000000, -1.000000000000000000 ) ) ;
#524 = CARTESIAN_POINT ( 'NONE',  ( 3.970962165153559820, 0.000000000000000000, 25.88110236220470028 ) ) ;
#525 = SHAPE_DEFINITION_REPRESENTATION ( #1542, #1506 ) ;
#526 = CARTESIAN_POINT ( 'NONE',  ( -3.779999999999999805, -2.254999999999999893, 3.995197116538810711 ) ) ;
#527 = EDGE_CURVE ( 'NONE', #11, #252, #40, .T. ) ;
#528 = CARTESIAN_POINT ( 'NONE',  ( 0.7937499999999999556, 40.06868010054739671, 15.87500000000000000 ) ) ;
#529 = DIRECTION ( 'NONE',  ( 0.000000000000000000, 0.000000000000000000, -1.000000000000000000 ) ) ;
#530 = CC_DESIGN_PERSON_AND_ORGANIZATION_ASSIGNMENT ( #610, #271, ( #226 ) ) ;
#531 = LINE ( 'NONE', #138, #56 ) ;
#532 = DIRECTION ( 'NONE',  ( 0.000000000000000000, 0.000000000000000000, -1.000000000000000000 ) ) ;
#533 = EDGE_LOOP ( 'NONE', ( #1527, #507, #242, #1218 ) ) ;
#534 = CARTESIAN_POINT ( 'NONE',  ( -5.799999999999999822, 2.100000000000000089, 10.55000000000000071 ) ) ;
#535 = EDGE_CURVE ( 'NONE', #178, #843, #1328, .T. ) ;
#536 = VECTOR ( 'NONE', #309, 1000.000000000000000 ) ;
#537 = DIRECTION ( 'NONE',  ( 0.000000000000000000, -1.000000000000000000, 0.000000000000000000 ) ) ;
#538 = CIRCLE ( 'NONE', #714, 0.7937499999999999556 ) ;
#539 = CARTESIAN_POINT ( 'NONE',  ( 3.970962165153559820, 0.000000000000000000, 25.88110236220470028 ) ) ;
#540 = LINE ( 'NONE', #1249, #985 ) ;
#541 = AXIS2_PLACEMENT_3D ( 'NONE', #341, #581, #551 ) ;
#542 = FACE_OUTER_BOUND ( 'NONE', #195, .T. ) ;
#543 = DIRECTION ( 'NONE',  ( 0.000000000000000000, -1.000000000000000000, 0.000000000000000000 ) ) ;
#544 = DIRECTION ( 'NONE',  ( 0.000000000000000000, -1.000000000000000000, 0.000000000000000000 ) ) ;
#545 = CARTESIAN_POINT ( 'NONE',  ( 3.800000000000001599, 2.641113904529379219, 5.086704220280961586 ) ) ;
#546 = ADVANCED_FACE ( 'NONE', ( #870 ), #633, .F. ) ;
#547 = EDGE_LOOP ( 'NONE', ( #1008, #1041, #1307, #837, #1038, #706, #1418, #97, #1032 ) ) ;
#548 = EDGE_CURVE ( 'NONE', #380, #1325, #495, .T. ) ;
#549 = ORIENTED_EDGE ( 'NONE', *, *, #1389, .F. ) ;
#550 = DIRECTION ( 'NONE',  ( 0.000000000000000000, 0.1941299519812849372, -0.9809758211820227558 ) ) ;
#551 = DIRECTION ( 'NONE',  ( -1.000000000000000000, 0.000000000000000000, 0.000000000000000000 ) ) ;
#552 = DIRECTION ( 'NONE',  ( 0.000000000000000000, -1.000000000000000000, 0.000000000000000000 ) ) ;
#553 = ORIENTED_EDGE ( 'NONE', *, *, #276, .T. ) ;
#554 = DIRECTION ( 'NONE',  ( 1.000000000000000000, 0.000000000000000000, 0.000000000000000000 ) ) ;
#555 = ORIENTED_EDGE ( 'NONE', *, *, #1057, .T. ) ;
#556 = AXIS2_PLACEMENT_3D ( 'NONE', #1120, #1337, #748 ) ;
#557 = ORIENTED_EDGE ( 'NONE', *, *, #1300, .F. ) ;
#558 = DIRECTION ( 'NONE',  ( 1.000000000000000000, 0.000000000000000000, 0.000000000000000000 ) ) ;
#559 = EDGE_CURVE ( 'NONE', #1042, #72, #981, .T. ) ;
#560 = DIRECTION ( 'NONE',  ( -1.000000000000000000, 0.000000000000000000, 0.000000000000000000 ) ) ;
#561 = CONICAL_SURFACE ( 'NONE', #497, 6.427500000000000213, 0.9279329730171873569 ) ;
#562 = CARTESIAN_POINT ( 'NONE',  ( -3.250000000000000000, 2.040000000000000036, 3.980102097228897738E-16 ) ) ;
#563 = DIRECTION ( 'NONE',  ( 0.000000000000000000, -1.000000000000000000, 0.000000000000000000 ) ) ;
#564 = VERTEX_POINT ( 'NONE', #1474 ) ;
#565 = CIRCLE ( 'NONE', #860, 0.7937499999999999556 ) ;
#566 = CARTESIAN_POINT ( 'NONE',  ( 0.000000000000000000, -1.709999999999999964, 0.000000000000000000 ) ) ;
#567 = CARTESIAN_POINT ( 'NONE',  ( 5.799999999999999822, 2.100000000000000089, 4.016593706114671036 ) ) ;
#568 = ORIENTED_EDGE ( 'NONE', *, *, #1478, .F. ) ;
#569 = ORIENTED_EDGE ( 'NONE', *, *, #1117, .F. ) ;
#570 = CARTESIAN_POINT ( 'NONE',  ( -3.779999999999999805, 8.326672684688670109E-16, 3.995197116538810711 ) ) ;
#571 = CARTESIAN_POINT ( 'NONE',  ( -0.7937499999999999556, 40.06868010054739671, 22.22500000000000142 ) ) ;
#572 =( BOUNDED_CURVE ( )  B_SPLINE_CURVE ( 2, ( #485, #468, #567 ),
 .UNSPECIFIED., .F., .F. ) 
 B_SPLINE_CURVE_WITH_KNOTS ( ( 3, 3 ),
 ( 0.4146927576400810112, 0.8293855152801620223 ),
 .UNSPECIFIED. ) 
 CURVE ( )  GEOMETRIC_REPRESENTATION_ITEM ( )  RATIONAL_B_SPLINE_CURVE ( ( 1.000000000000000000, 1.052705873058760178, 1.000000000000000000 ) ) 
 REPRESENTATION_ITEM ( '' )  );
#573 = EDGE_CURVE ( 'NONE', #423, #1018, #531, .T. ) ;
#574 = CARTESIAN_POINT ( 'NONE',  ( 0.000000000000000000, 2.040000000000000036, 0.000000000000000000 ) ) ;
#575 = LINE ( 'NONE', #1270, #1533 ) ;
#576 = EDGE_LOOP ( 'NONE', ( #225, #1419 ) ) ;
#577 = DIRECTION ( 'NONE',  ( 1.000000000000000000, 0.000000000000000000, 0.000000000000000000 ) ) ;
#578 = ORIENTED_EDGE ( 'NONE', *, *, #987, .F. ) ;
#579 = EDGE_LOOP ( 'NONE', ( #251, #18 ) ) ;
#580 = CARTESIAN_POINT ( 'NONE',  ( 0.000000000000000000, 3.040000000000000036, 0.000000000000000000 ) ) ;
#581 = DIRECTION ( 'NONE',  ( 0.000000000000000000, 1.000000000000000000, 0.000000000000000000 ) ) ;
#582 = DIRECTION ( 'NONE',  ( -1.000000000000000000, 0.000000000000000000, 0.000000000000000000 ) ) ;
#583 = DIRECTION ( 'NONE',  ( -1.000000000000000000, 0.000000000000000000, 0.000000000000000000 ) ) ;
#584 = ORIENTED_EDGE ( 'NONE', *, *, #196, .F. ) ;
#585 = ADVANCED_FACE ( 'NONE', ( #1463 ), #164, .F. ) ;
#586 = CARTESIAN_POINT ( 'NONE',  ( 0.000000000000000000, 2.569999999999999840, 0.000000000000000000 ) ) ;
#587 = CARTESIAN_POINT ( 'NONE',  ( 0.000000000000000000, -2.254999999999999893, 0.000000000000000000 ) ) ;
#588 = ORIENTED_EDGE ( 'NONE', *, *, #1234, .T. ) ;
#589 = AXIS2_PLACEMENT_3D ( 'NONE', #605, #563, #1037 ) ;
#590 = EDGE_LOOP ( 'NONE', ( #65, #205, #193, #1140 ) ) ;
#591 = DIRECTION ( 'NONE',  ( 1.000000000000000000, 0.000000000000000000, 0.000000000000000000 ) ) ;
#592 = ORIENTED_EDGE ( 'NONE', *, *, #1251, .F. ) ;
#593 = PLANE ( 'NONE',  #493 ) ;
#594 = DIRECTION ( 'NONE',  ( 1.000000000000000000, 0.000000000000000000, 0.000000000000000000 ) ) ;
#595 = AXIS2_PLACEMENT_3D ( 'NONE', #890, #552, #1239 ) ;
#596 = ORIENTED_EDGE ( 'NONE', *, *, #514, .F. ) ;
#597 = DIRECTION ( 'NONE',  ( 0.000000000000000000, 1.000000000000000000, 0.000000000000000000 ) ) ;
#598 = CARTESIAN_POINT ( 'NONE',  ( 3.250000000000000000, 0.6650000000000000355, 0.000000000000000000 ) ) ;
#599 = ORIENTED_EDGE ( 'NONE', *, *, #681, .T. ) ;
#600 = ORIENTED_EDGE ( 'NONE', *, *, #325, .F. ) ;
#601 = ORIENTED_EDGE ( 'NONE', *, *, #632, .T. ) ;
#602 = DIRECTION ( 'NONE',  ( 0.000000000000000000, 0.000000000000000000, 1.000000000000000000 ) ) ;
#603 = CARTESIAN_POINT ( 'NONE',  ( -5.799999999999999822, 2.100000000000000089, 4.016593706114671036 ) ) ;
#604 = EDGE_LOOP ( 'NONE', ( #1064, #1081, #1265, #1253 ) ) ;
#605 = CARTESIAN_POINT ( 'NONE',  ( 0.000000000000000000, 0.000000000000000000, 0.000000000000000000 ) ) ;
#606 = EDGE_CURVE ( 'NONE', #1539, #1264, #204, .T. ) ;
#607 = FACE_OUTER_BOUND ( 'NONE', #217, .T. ) ;
#608 = VERTEX_POINT ( 'NONE', #1448 ) ;
#609 = ORIENTED_EDGE ( 'NONE', *, *, #1333, .F. ) ;
#610 = PERSON_AND_ORGANIZATION ( #871, #1174 ) ;
#611 = DIRECTION ( 'NONE',  ( 0.7071067811865480168, 0.7071067811865470176, 8.659560562354939021E-17 ) ) ;
#612 = EDGE_LOOP ( 'NONE', ( #1169, #1150, #601, #960 ) ) ;
#613 = EDGE_CURVE ( 'NONE', #504, #747, #1346, .T. ) ;
#614 = DIRECTION ( 'NONE',  ( 1.000000000000000000, 0.000000000000000000, 0.000000000000000000 ) ) ;
#615 = ORIENTED_EDGE ( 'NONE', *, *, #1263, .T. ) ;
#616 = PRODUCT_DEFINITION_FORMATION_WITH_SPECIFIED_SOURCE ( 'ANY', '', #226, .NOT_KNOWN. ) ;
#617 = ORIENTED_EDGE ( 'NONE', *, *, #1050, .T. ) ;
#618 = CIRCLE ( 'NONE', #364, 7.054999999999999716 ) ;
#619 = VECTOR ( 'NONE', #1217, 1000.000000000000000 ) ;
#620 = DATE_AND_TIME ( #277, #387 ) ;
#621 = CARTESIAN_POINT ( 'NONE',  ( 0.000000000000000000, 0.000000000000000000, 25.39999999999999858 ) ) ;
#622 = ORIENTED_EDGE ( 'NONE', *, *, #266, .F. ) ;
#623 = ORIENTED_EDGE ( 'NONE', *, *, #133, .F. ) ;
#624 = AXIS2_PLACEMENT_3D ( 'NONE', #1532, #224, #201 ) ;
#625 = CARTESIAN_POINT ( 'NONE',  ( 0.000000000000000000, 0.000000000000000000, 22.22500000000000142 ) ) ;
#626 = EDGE_CURVE ( 'NONE', #1182, #930, #407, .T. ) ;
#627 = EDGE_CURVE ( 'NONE', #1388, #838, #513, .T. ) ;
#628 = APPROVAL_DATE_TIME ( #1461, #515 ) ;
#629 = DIRECTION ( 'NONE',  ( -1.000000000000000000, 0.000000000000000000, 0.000000000000000000 ) ) ;
#630 = LINE ( 'NONE', #598, #158 ) ;
#631 = ORIENTED_EDGE ( 'NONE', *, *, #987, .T. ) ;
#632 = EDGE_CURVE ( 'NONE', #1539, #1522, #731, .T. ) ;
#633 = CYLINDRICAL_SURFACE ( 'NONE', #1141, 0.7937499999999999556 ) ;
#634 = CARTESIAN_POINT ( 'NONE',  ( 5.799999999999999822, 3.040000000000000036, 0.000000000000000000 ) ) ;
#635 = VECTOR ( 'NONE', #867, 1000.000000000000000 ) ;
#636 = AXIS2_PLACEMENT_3D ( 'NONE', #808, #441, #1398 ) ;
#637 = LINE ( 'NONE', #162, #338 ) ;
#638 = AXIS2_PLACEMENT_3D ( 'NONE', #587, #324, #240 ) ;
#639 = DIRECTION ( 'NONE',  ( 0.000000000000000000, 0.000000000000000000, 1.000000000000000000 ) ) ;
#640 = EDGE_CURVE ( 'NONE', #1264, #1539, #431, .T. ) ;
#641 = AXIS2_PLACEMENT_3D ( 'NONE', #713, #1417, #1324 ) ;
#642 = CARTESIAN_POINT ( 'NONE',  ( -0.7937499999999999556, 0.000000000000000000, 19.05000000000000071 ) ) ;
#643 = PRODUCT_RELATED_PRODUCT_CATEGORY ( 'detail', '', ( #226 ) ) ;
#644 = CIRCLE ( 'NONE', #758, 5.500000000000000000 ) ;
#645 = DIRECTION ( 'NONE',  ( 0.1202755905511809636, 0.000000000000000000, -0.9927405412883896219 ) ) ;
#646 = DIRECTION ( 'NONE',  ( -1.000000000000000000, 0.000000000000000000, 0.000000000000000000 ) ) ;
#647 = LINE ( 'NONE', #980, #971 ) ;
#648 = EDGE_CURVE ( 'NONE', #1302, #723, #1455, .T. ) ;
#649 = DIRECTION ( 'NONE',  ( 0.000000000000000000, 0.2795083699420538581, 0.9601432555261406598 ) ) ;
#650 = CARTESIAN_POINT ( 'NONE',  ( 5.799999999999999822, 2.100000000000000089, 10.55000000000000071 ) ) ;
#651 = LINE ( 'NONE', #402, #148 ) ;
#652 = EDGE_CURVE ( 'NONE', #1264, #913, #1224, .T. ) ;
#653 = DIRECTION ( 'NONE',  ( 1.000000000000000000, 0.000000000000000000, 0.000000000000000000 ) ) ;
#654 = AXIS2_PLACEMENT_3D ( 'NONE', #1297, #1177, #1066 ) ;
#655 = CARTESIAN_POINT ( 'NONE',  ( 5.500000000000000000, -1.310000000000000053, 4.000000000000000000 ) ) ;
#656 = AXIS2_PLACEMENT_3D ( 'NONE', #779, #84, #1139 ) ;
#657 = CARTESIAN_POINT ( 'NONE',  ( 5.500000000000000000, 5.551115123125779744E-16, 8.500000000000000000 ) ) ;
#658 = LINE ( 'NONE', #1001, #1119 ) ;
#659 = ADVANCED_FACE ( 'NONE', ( #859 ), #272, .F. ) ;
#660 = CIRCLE ( 'NONE', #470, 2.925000000000000266 ) ;
#661 = EDGE_CURVE ( 'NONE', #848, #452, #244, .T. ) ;
#662 = DIRECTION ( 'NONE',  ( 0.000000000000000000, -1.000000000000000000, 0.000000000000000000 ) ) ;
#663 = VERTEX_POINT ( 'NONE', #415 ) ;
#664 = EDGE_CURVE ( 'NONE', #1515, #474, #1130, .T. ) ;
#665 = ORIENTED_EDGE ( 'NONE', *, *, #337, .F. ) ;
#666 = CARTESIAN_POINT ( 'NONE',  ( -3.799999999999999822, 3.040000000000000036, 4.381780460041329484 ) ) ;
#667 = CARTESIAN_POINT ( 'NONE',  ( 0.000000000000000000, 40.06868010054739671, 22.22500000000000142 ) ) ;
#668 = DIRECTION ( 'NONE',  ( 0.000000000000000000, -1.000000000000000000, 0.000000000000000000 ) ) ;
#669 = EDGE_LOOP ( 'NONE', ( #596, #363, #375, #335 ) ) ;
#670 = LINE ( 'NONE', #70, #1178 ) ;
#671 = ORIENTED_EDGE ( 'NONE', *, *, #958, .T. ) ;
#672 = VERTEX_POINT ( 'NONE', #879 ) ;
#673 = DIRECTION ( 'NONE',  ( 0.000000000000000000, 0.000000000000000000, 1.000000000000000000 ) ) ;
#674 = CARTESIAN_POINT ( 'NONE',  ( 0.000000000000000000, 2.040000000000000036, 0.000000000000000000 ) ) ;
#675 = CARTESIAN_POINT ( 'NONE',  ( 3.799999999999999822, 3.040000000000000036, 5.799999999999999822 ) ) ;
#676 = LINE ( 'NONE', #918, #490 ) ;
#677 = ORIENTED_EDGE ( 'NONE', *, *, #1404, .F. ) ;
#678 = DIRECTION ( 'NONE',  ( 1.000000000000000000, 0.000000000000000000, 0.000000000000000000 ) ) ;
#679 = EDGE_LOOP ( 'NONE', ( #1336, #354, #1250, #1296 ) ) ;
#680 = AXIS2_PLACEMENT_3D ( 'NONE', #421, #1155, #1361 ) ;
#681 = EDGE_CURVE ( 'NONE', #1287, #672, #538, .T. ) ;
#682 = ORIENTED_EDGE ( 'NONE', *, *, #640, .T. ) ;
#683 = DIRECTION ( 'NONE',  ( 0.000000000000000000, -1.000000000000000000, 0.000000000000000000 ) ) ;
#684 = CIRCLE ( 'NONE', #284, 2.925000000000000266 ) ;
#685 = DIRECTION ( 'NONE',  ( 0.000000000000000000, 1.914177628664059677E-16, 1.000000000000000000 ) ) ;
#686 = VECTOR ( 'NONE', #142, 1000.000000000000000 ) ;
#687 = CARTESIAN_POINT ( 'NONE',  ( 5.799999999999999822, 2.100000000000000089, 10.55000000000000071 ) ) ;
#688 = DIRECTION ( 'NONE',  ( 0.000000000000000000, -1.000000000000000000, 0.000000000000000000 ) ) ;
#689 = ORIENTED_EDGE ( 'NONE', *, *, #1223, .F. ) ;
#690 = AXIS2_PLACEMENT_3D ( 'NONE', #1026, #761, #996 ) ;
#691 = LINE ( 'NONE', #104, #1277 ) ;
#692 = ORIENTED_EDGE ( 'NONE', *, *, #266, .T. ) ;
#693 = EDGE_LOOP ( 'NONE', ( #702, #793, #123, #746, #220, #557 ) ) ;
#694 = DIRECTION ( 'NONE',  ( 0.000000000000000000, 1.000000000000000000, 0.000000000000000000 ) ) ;
#695 = LINE ( 'NONE', #1395, #179 ) ;
#696 = FACE_OUTER_BOUND ( 'NONE', #1399, .T. ) ;
#697 = VECTOR ( 'NONE', #409, 1000.000000000000000 ) ;
#698 = CARTESIAN_POINT ( 'NONE',  ( 3.250000000000000000, 2.040000000000000036, 0.000000000000000000 ) ) ;
#699 = ORIENTED_EDGE ( 'NONE', *, *, #885, .T. ) ;
#700 = CARTESIAN_POINT ( 'NONE',  ( -7.003784518789589519, 0.000000000000000000, 0.8485442913385830010 ) ) ;
#701 = DIRECTION ( 'NONE',  ( 0.000000000000000000, 1.000000000000000000, 0.000000000000000000 ) ) ;
#702 = ORIENTED_EDGE ( 'NONE', *, *, #970, .F. ) ;
#703 = ORIENTED_EDGE ( 'NONE', *, *, #1088, .F. ) ;
#704 = CARTESIAN_POINT ( 'NONE',  ( 3.970962165153559820, 0.000000000000000000, 25.88110236220470028 ) ) ;
#705 = ADVANCED_FACE ( 'NONE', ( #542 ), #1489, .F. ) ;
#706 = ORIENTED_EDGE ( 'NONE', *, *, #157, .F. ) ;
#707 = DIRECTION ( 'NONE',  ( 0.000000000000000000, 1.000000000000000000, 0.000000000000000000 ) ) ;
#708 = MECHANICAL_CONTEXT ( 'NONE', #1526, 'mechanical' ) ;
#709 = CARTESIAN_POINT ( 'NONE',  ( 5.500000000000000000, -0.6550000000000000266, 4.250000000000000000 ) ) ;
#710 = CIRCLE ( 'NONE', #386, 4.250000000000000000 ) ;
#711 = ORIENTED_EDGE ( 'NONE', *, *, #1352, .F. ) ;
#712 = CARTESIAN_POINT ( 'NONE',  ( 0.000000000000000000, 3.040000000000000036, 0.000000000000000000 ) ) ;
#713 = CARTESIAN_POINT ( 'NONE',  ( 3.799999999999999822, 2.569999999999999840, 5.275000000000000355 ) ) ;
#714 = AXIS2_PLACEMENT_3D ( 'NONE', #59, #434, #1236 ) ;
#715 = VERTEX_POINT ( 'NONE', #1370 ) ;
#716 = ADVANCED_FACE ( 'NONE', ( #1479 ), #194, .F. ) ;
#717 = CARTESIAN_POINT ( 'NONE',  ( 3.250000000000000000, -1.709999999999999964, 0.000000000000000000 ) ) ;
#718 = AXIS2_PLACEMENT_3D ( 'NONE', #1509, #1045, #929 ) ;
#719 = ORIENTED_EDGE ( 'NONE', *, *, #73, .F. ) ;
#720 = CARTESIAN_POINT ( 'NONE',  ( 7.003784518789589519, 0.000000000000000000, 0.8485442913385830010 ) ) ;
#721 = CYLINDRICAL_SURFACE ( 'NONE', #1306, 2.925000000000000266 ) ;
#722 = ORIENTED_EDGE ( 'NONE', *, *, #1485, .F. ) ;
#723 = VERTEX_POINT ( 'NONE', #1484 ) ;
#724 = CARTESIAN_POINT ( 'NONE',  ( 4.875000000000000000, -5.134999999999999787, 0.000000000000000000 ) ) ;
#725 = CARTESIAN_POINT ( 'NONE',  ( 0.000000000000000000, -4.509999999999999787, 0.000000000000000000 ) ) ;
#726 = ADVANCED_FACE ( 'NONE', ( #419 ), #304, .F. ) ;
#727 = EDGE_LOOP ( 'NONE', ( #692, #957 ) ) ;
#728 = LINE ( 'NONE', #844, #686 ) ;
#729 = VERTEX_POINT ( 'NONE', #1356 ) ;
#730 = ORIENTED_EDGE ( 'NONE', *, *, #1231, .F. ) ;
#731 = LINE ( 'NONE', #1230, #1432 ) ;
#732 = ORIENTED_EDGE ( 'NONE', *, *, #1009, .T. ) ;
#733 = ADVANCED_FACE ( 'NONE', ( #289 ), #172, .T. ) ;
#734 = CIRCLE ( 'NONE', #173, 5.500000000000000000 ) ;
#735 = FACE_OUTER_BOUND ( 'NONE', #693, .T. ) ;
#736 = EDGE_CURVE ( 'NONE', #345, #778, #1332, .T. ) ;
#737 = CALENDAR_DATE ( 2026, 13, 8 ) ;
#738 = DIRECTION ( 'NONE',  ( 0.000000000000000000, 0.2795083699420538581, 0.9601432555261406598 ) ) ;
#739 = CIRCLE ( 'NONE', #810, 4.000000000000001776 ) ;
#740 = EDGE_LOOP ( 'NONE', ( #1198, #815, #374, #22 ) ) ;
#741 = CONICAL_SURFACE ( 'NONE', #2, 3.750000000000000000, 0.7853981633974490562 ) ;
#742 = CARTESIAN_POINT ( 'NONE',  ( 4.319941583992290891E-16, 0.000000000000000000, -7.054999999999999716 ) ) ;
#743 = CARTESIAN_POINT ( 'NONE',  ( 0.000000000000000000, -5.760000000000000675, 0.000000000000000000 ) ) ;
#744 = PERSON_AND_ORGANIZATION ( #871, #1174 ) ;
#745 = CARTESIAN_POINT ( 'NONE',  ( -5.500000000000000000, -1.310000000000000053, 4.000000000000000000 ) ) ;
#746 = ORIENTED_EDGE ( 'NONE', *, *, #196, .T. ) ;
#747 = VERTEX_POINT ( 'NONE', #893 ) ;
#748 = DIRECTION ( 'NONE',  ( 1.000000000000000000, 0.000000000000000000, 0.000000000000000000 ) ) ;
#749 = DIRECTION ( 'NONE',  ( -1.000000000000000000, 0.000000000000000000, 0.000000000000000000 ) ) ;
#750 = EDGE_CURVE ( 'NONE', #715, #965, #465, .T. ) ;
#751 = DIRECTION ( 'NONE',  ( -1.000000000000000000, 0.000000000000000000, 0.000000000000000000 ) ) ;
#752 = EDGE_CURVE ( 'NONE', #182, #823, #1379, .T. ) ;
#753 = FACE_OUTER_BOUND ( 'NONE', #547, .T. ) ;
#754 = AXIS2_PLACEMENT_3D ( 'NONE', #704, #300, #543 ) ;
#755 = CARTESIAN_POINT ( 'NONE',  ( -3.250000000000000000, -1.709999999999999964, 3.980102097228897738E-16 ) ) ;
#756 = VECTOR ( 'NONE', #294, 1000.000000000000000 ) ;
#757 = DIRECTION ( 'NONE',  ( -1.000000000000000000, 0.000000000000000000, 0.000000000000000000 ) ) ;
#758 = AXIS2_PLACEMENT_3D ( 'NONE', #1092, #775, #1365 ) ;
#759 = PLANE ( 'NONE',  #1214 ) ;
#760 = VECTOR ( 'NONE', #506, 1000.000000000000000 ) ;
#761 = DIRECTION ( 'NONE',  ( 0.000000000000000000, -1.000000000000000000, 0.000000000000000000 ) ) ;
#762 = CARTESIAN_POINT ( 'NONE',  ( 0.000000000000000000, -2.759999999999999787, 0.000000000000000000 ) ) ;
#763 = EDGE_CURVE ( 'NONE', #98, #1086, #82, .T. ) ;
#764 = DIRECTION ( 'NONE',  ( -0.000000000000000000, 1.000000000000000000, 0.000000000000000000 ) ) ;
#765 = FACE_BOUND ( 'NONE', #1301, .T. ) ;
#766 = CARTESIAN_POINT ( 'NONE',  ( 0.000000000000000000, -4.259999999999999787, 0.000000000000000000 ) ) ;
#767 = ADVANCED_FACE ( 'NONE', ( #184 ), #1350, .F. ) ;
#768 = CARTESIAN_POINT ( 'NONE',  ( 0.000000000000000000, 2.100000000000000089, 25.39999999999999858 ) ) ;
#769 = DIRECTION ( 'NONE',  ( 0.000000000000000000, 0.000000000000000000, -1.000000000000000000 ) ) ;
#770 = CC_DESIGN_DATE_AND_TIME_ASSIGNMENT ( #1340, #376, ( #1071 ) ) ;
#771 = AXIS2_PLACEMENT_3D ( 'NONE', #1000, #1241, #295 ) ;
#772 = DIRECTION ( 'NONE',  ( -1.000000000000000000, 0.000000000000000000, 0.000000000000000000 ) ) ;
#773 = VECTOR ( 'NONE', #228, 1000.000000000000000 ) ;
#774 = DIRECTION ( 'NONE',  ( -1.000000000000000000, 0.000000000000000000, 0.000000000000000000 ) ) ;
#775 = DIRECTION ( 'NONE',  ( 0.000000000000000000, -1.000000000000000000, 3.469446951953609258E-17 ) ) ;
#776 = AXIS2_PLACEMENT_3D ( 'NONE', #1259, #166, #418 ) ;
#777 = EDGE_CURVE ( 'NONE', #608, #729, #670, .T. ) ;
#778 = VERTEX_POINT ( 'NONE', #790 ) ;
#779 = CARTESIAN_POINT ( 'NONE',  ( 0.000000000000000000, -5.760000000000000675, 0.000000000000000000 ) ) ;
#780 = ORIENTED_EDGE ( 'NONE', *, *, #1238, .F. ) ;
#781 = ORIENTED_EDGE ( 'NONE', *, *, #1107, .F. ) ;
#782 = ORIENTED_EDGE ( 'NONE', *, *, #1088, .T. ) ;
#783 = CARTESIAN_POINT ( 'NONE',  ( 0.000000000000000000, -1.310000000000000053, 0.000000000000000000 ) ) ;
#784 = LINE ( 'NONE', #964, #1440 ) ;
#785 = DIRECTION ( 'NONE',  ( 0.000000000000000000, -1.000000000000000000, 0.000000000000000000 ) ) ;
#786 = AXIS2_PLACEMENT_3D ( 'NONE', #884, #1233, #169 ) ;
#787 = DIRECTION ( 'NONE',  ( 0.1202755905511809636, 0.000000000000000000, 0.9927405412883896219 ) ) ;
#788 = ORIENTED_EDGE ( 'NONE', *, *, #276, .F. ) ;
#789 = ADVANCED_FACE ( 'NONE', ( #443 ), #167, .T. ) ;
#790 = CARTESIAN_POINT ( 'NONE',  ( 1.649999999999999911, -2.759999999999999787, 0.000000000000000000 ) ) ;
#791 = EDGE_LOOP ( 'NONE', ( #631, #1529 ) ) ;
#792 = APPROVAL ( #511, 'UNSPECIFIED' ) ;
#793 = ORIENTED_EDGE ( 'NONE', *, *, #1170, .T. ) ;
#794 = CARTESIAN_POINT ( 'NONE',  ( -0.7937499999999999556, 2.100000000000000089, 22.22500000000000142 ) ) ;
#795 = CARTESIAN_POINT ( 'NONE',  ( 5.799999999999999822, 3.040000000000000036, 0.000000000000000000 ) ) ;
#796 = DIRECTION ( 'NONE',  ( -1.000000000000000000, 0.000000000000000000, 0.000000000000000000 ) ) ;
#797 = DIRECTION ( 'NONE',  ( -0.000000000000000000, 1.000000000000000000, 0.000000000000000000 ) ) ;
#798 = EDGE_LOOP ( 'NONE', ( #1183, #1415, #1254, #1143, #677 ) ) ;
#799 = CARTESIAN_POINT ( 'NONE',  ( -2.925000000000000266, -5.760000000000000675, 3.582091887506008211E-16 ) ) ;
#800 = AXIS2_PLACEMENT_3D ( 'NONE', #355, #813, #922 ) ;
#801 = DIRECTION ( 'NONE',  ( 6.123233995736769734E-17, 0.000000000000000000, -1.000000000000000000 ) ) ;
#802 = ORIENTED_EDGE ( 'NONE', *, *, #1157, .T. ) ;
#803 = APPROVAL_PERSON_ORGANIZATION ( #1093, #515, #869 ) ;
#804 = EDGE_LOOP ( 'NONE', ( #255, #910 ) ) ;
#805 = DIRECTION ( 'NONE',  ( -0.9927405412883895108, 0.000000000000000000, 0.1202755905511812273 ) ) ;
#806 = CARTESIAN_POINT ( 'NONE',  ( -3.970962165153559820, 0.000000000000000000, 25.88110236220470028 ) ) ;
#807 = CARTESIAN_POINT ( 'NONE',  ( -3.799999999999999822, 3.040000000000000036, 5.799999999999999822 ) ) ;
#808 = CARTESIAN_POINT ( 'NONE',  ( 5.500000000000000000, -1.310000000000000053, 0.000000000000000000 ) ) ;
#809 = VERTEX_POINT ( 'NONE', #998 ) ;
#810 = AXIS2_PLACEMENT_3D ( 'NONE', #842, #378, #1134 ) ;
#811 = FACE_OUTER_BOUND ( 'NONE', #508, .T. ) ;
#812 = CIRCLE ( 'NONE', #144, 5.500000000000000000 ) ;
#813 = DIRECTION ( 'NONE',  ( 0.000000000000000000, -1.000000000000000000, 0.000000000000000000 ) ) ;
#814 = EDGE_LOOP ( 'NONE', ( #1443, #1029, #1019, #1058 ) ) ;
#815 = ORIENTED_EDGE ( 'NONE', *, *, #854, .F. ) ;
#816 = DIRECTION ( 'NONE',  ( 0.000000000000000000, -1.000000000000000000, 3.469446951953609258E-17 ) ) ;
#817 = CARTESIAN_POINT ( 'NONE',  ( 2.925000000000000266, -5.760000000000000675, 0.000000000000000000 ) ) ;
#818 = EDGE_LOOP ( 'NONE', ( #317, #1180, #592, #1165, #27 ) ) ;
#819 = VERTEX_POINT ( 'NONE', #1272 ) ;
#820 = DIRECTION ( 'NONE',  ( 1.000000000000000000, 0.000000000000000000, 0.000000000000000000 ) ) ;
#821 = CARTESIAN_POINT ( 'NONE',  ( 3.779999999999999805, -1.310000000000000053, 4.000000000000000000 ) ) ;
#822 = CARTESIAN_POINT ( 'NONE',  ( -3.250000000000000000, 0.6650000000000000355, 3.980102097228897738E-16 ) ) ;
#823 = VERTEX_POINT ( 'NONE', #799 ) ;
#824 = CARTESIAN_POINT ( 'NONE',  ( 0.000000000000000000, 0.000000000000000000, 19.05000000000000071 ) ) ;
#825 = ADVANCED_FACE ( 'NONE', ( #911 ), #1412, .T. ) ;
#826 = DIRECTION ( 'NONE',  ( 1.000000000000000000, 0.000000000000000000, 0.000000000000000000 ) ) ;
#827 = ADVANCED_FACE ( 'NONE', ( #811 ), #1285, .T. ) ;
#828 = ORIENTED_EDGE ( 'NONE', *, *, #296, .T. ) ;
#829 = ADVANCED_FACE ( 'NONE', ( #1400 ), #561, .T. ) ;
#830 = CYLINDRICAL_SURFACE ( 'NONE', #1504, 0.7937499999999999556 ) ;
#831 = AXIS2_PLACEMENT_3D ( 'NONE', #331, #583, #1283 ) ;
#832 = ORIENTED_EDGE ( 'NONE', *, *, #393, .T. ) ;
#833 = CYLINDRICAL_SURFACE ( 'NONE', #405, 0.7937499999999999556 ) ;
#834 = CC_DESIGN_APPROVAL ( #792, ( #1071 ) ) ;
#835 = DIRECTION ( 'NONE',  ( 0.000000000000000000, -1.000000000000000000, 0.000000000000000000 ) ) ;
#836 = VECTOR ( 'NONE', #738, 1000.000000000000114 ) ;
#837 = ORIENTED_EDGE ( 'NONE', *, *, #393, .F. ) ;
#838 = VERTEX_POINT ( 'NONE', #348 ) ;
#839 = ADVANCED_FACE ( 'NONE', ( #207 ), #117, .T. ) ;
#840 = CARTESIAN_POINT ( 'NONE',  ( -5.500000000000000000, 5.551115123125779744E-16, 8.500000000000000000 ) ) ;
#841 = LINE ( 'NONE', #1212, #209 ) ;
#842 = CARTESIAN_POINT ( 'NONE',  ( 0.000000000000000000, 0.000000000000000000, 25.39999999999999858 ) ) ;
#843 = VERTEX_POINT ( 'NONE', #95 ) ;
#844 = CARTESIAN_POINT ( 'NONE',  ( -7.003784518789589519, 1.050000000000000044, 0.8485442913385830010 ) ) ;
#845 = ORIENTED_EDGE ( 'NONE', *, *, #750, .F. ) ;
#846 = EDGE_CURVE ( 'NONE', #935, #69, #691, .T. ) ;
#847 = DIRECTION ( 'NONE',  ( 1.000000000000000000, 0.000000000000000000, 0.000000000000000000 ) ) ;
#848 = VERTEX_POINT ( 'NONE', #1048 ) ;
#849 = CC_DESIGN_PERSON_AND_ORGANIZATION_ASSIGNMENT ( #1441, #983, ( #1071 ) ) ;
#850 = CARTESIAN_POINT ( 'NONE',  ( 5.500000000000000000, 2.775557561562889872E-16, 8.500000000000000000 ) ) ;
#851 = EDGE_LOOP ( 'NONE', ( #942, #1125 ) ) ;
#852 = PERSON_AND_ORGANIZATION_ROLE ( 'creator' ) ;
#853 = CARTESIAN_POINT ( 'NONE',  ( 3.779999999999999805, 5.551115123125779744E-16, 8.500000000000000000 ) ) ;
#854 = EDGE_CURVE ( 'NONE', #729, #252, #1536, .T. ) ;
#855 = VECTOR ( 'NONE', #906, 1000.000000000000000 ) ;
#856 = ORIENTED_EDGE ( 'NONE', *, *, #752, .T. ) ;
#857 = FACE_OUTER_BOUND ( 'NONE', #1033, .T. ) ;
#858 = CC_DESIGN_SECURITY_CLASSIFICATION ( #237, ( #616 ) ) ;
#859 = FACE_OUTER_BOUND ( 'NONE', #313, .T. ) ;
#860 = AXIS2_PLACEMENT_3D ( 'NONE', #1105, #181, #1477 ) ;
#861 = EDGE_LOOP ( 'NONE', ( #1065, #1534, #351, #447 ) ) ;
#862 = DIRECTION ( 'NONE',  ( 0.1202755905511809636, 0.000000000000000000, 0.9927405412883896219 ) ) ;
#863 = CARTESIAN_POINT ( 'NONE',  ( -5.799999999999999822, 3.040000000000000036, 5.799999999999999822 ) ) ;
#864 = CARTESIAN_POINT ( 'NONE',  ( 0.7937499999999999556, 40.06868010054739671, 19.05000000000000071 ) ) ;
#865 = CIRCLE ( 'NONE', #883, 0.7937499999999999556 ) ;
#866 = MANIFOLD_SOLID_BREP ( 'Solid1[1]', #120 ) ;
#867 = DIRECTION ( 'NONE',  ( 0.000000000000000000, 1.000000000000000000, 0.000000000000000000 ) ) ;
#868 = LINE ( 'NONE', #1339, #1312 ) ;
#869 = APPROVAL_ROLE ( '' ) ;
#870 = FACE_OUTER_BOUND ( 'NONE', #1502, .T. ) ;
#871 = PERSON ( 'UNSPECIFIED', 'UNSPECIFIED', 'UNSPECIFIED', ('UNSPECIFIED'), ('UNSPECIFIED'), ('UNSPECIFIED') ) ;
#872 = DIRECTION ( 'NONE',  ( 0.000000000000000000, -1.000000000000000000, 0.000000000000000000 ) ) ;
#873 = AXIS2_PLACEMENT_3D ( 'NONE', #180, #99, #897 ) ;
#874 = DIRECTION ( 'NONE',  ( 0.000000000000000000, -1.000000000000000000, 0.000000000000000000 ) ) ;
#875 = DIRECTION ( 'NONE',  ( 0.000000000000000000, 1.000000000000000000, 0.000000000000000000 ) ) ;
#876 = CIRCLE ( 'NONE', #718, 0.7937499999999999556 ) ;
#877 = DIRECTION ( 'NONE',  ( 0.000000000000000000, -1.000000000000000000, 0.000000000000000000 ) ) ;
#878 = CARTESIAN_POINT ( 'NONE',  ( 0.000000000000000000, -1.709999999999999964, 0.000000000000000000 ) ) ;
#879 = CARTESIAN_POINT ( 'NONE',  ( -0.7937499999999999556, 0.000000000000000000, 15.87500000000000000 ) ) ;
#880 = EDGE_CURVE ( 'NONE', #838, #930, #301, .T. ) ;
#881 = EDGE_LOOP ( 'NONE', ( #66, #1069, #494, #569 ) ) ;
#882 = EDGE_CURVE ( 'NONE', #139, #663, #1039, .T. ) ;
#883 = AXIS2_PLACEMENT_3D ( 'NONE', #768, #877, #1354 ) ;
#884 = CARTESIAN_POINT ( 'NONE',  ( 0.000000000000000000, 2.100000000000000089, 15.87500000000000000 ) ) ;
#885 = EDGE_CURVE ( 'NONE', #843, #1195, #516, .T. ) ;
#886 = CARTESIAN_POINT ( 'NONE',  ( 0.000000000000000000, 2.100000000000000089, 0.000000000000000000 ) ) ;
#887 = DIRECTION ( 'NONE',  ( 0.000000000000000000, 1.000000000000000000, 0.000000000000000000 ) ) ;
#888 = CARTESIAN_POINT ( 'NONE',  ( 0.7937499999999999556, 0.000000000000000000, 25.39999999999999858 ) ) ;
#889 = ADVANCED_FACE ( 'NONE', ( #607 ), #509, .T. ) ;
#890 = CARTESIAN_POINT ( 'NONE',  ( 5.500000000000000000, 0.000000000000000000, 0.000000000000000000 ) ) ;
#891 = CIRCLE ( 'NONE', #1114, 5.799999999999999822 ) ;
#892 = VERTEX_POINT ( 'NONE', #1179 ) ;
#893 = CARTESIAN_POINT ( 'NONE',  ( 5.499999999999999112, -4.509999999999999787, 0.000000000000000000 ) ) ;
#894 = ORIENTED_EDGE ( 'NONE', *, *, #112, .F. ) ;
#895 = AXIS2_PLACEMENT_3D ( 'NONE', #956, #33, #614 ) ;
#896 = ORIENTED_EDGE ( 'NONE', *, *, #1314, .T. ) ;
#897 = DIRECTION ( 'NONE',  ( 1.000000000000000000, 0.000000000000000000, 0.000000000000000000 ) ) ;
#898 = CARTESIAN_POINT ( 'NONE',  ( 0.000000000000000000, -2.759999999999999787, 0.000000000000000000 ) ) ;
#899 = DIRECTION ( 'NONE',  ( 1.000000000000000000, 0.000000000000000000, 0.000000000000000000 ) ) ;
#900 = CIRCLE ( 'NONE', #305, 4.250000000000000000 ) ;
#901 = ORIENTED_EDGE ( 'NONE', *, *, #505, .F. ) ;
#902 = DIRECTION ( 'NONE',  ( -1.000000000000000000, 0.000000000000000000, 0.000000000000000000 ) ) ;
#903 = APPROVAL ( #154, 'UNSPECIFIED' ) ;
#904 = VERTEX_POINT ( 'NONE', #147 ) ;
#905 = VERTEX_POINT ( 'NONE', #353 ) ;
#906 = DIRECTION ( 'NONE',  ( 1.000000000000000000, 0.000000000000000000, 0.000000000000000000 ) ) ;
#907 = CARTESIAN_POINT ( 'NONE',  ( -3.779999999999999805, -0.6550000000000000266, 4.250000000000000000 ) ) ;
#908 = CARTESIAN_POINT ( 'NONE',  ( 5.500000000000000000, -1.310000000000000053, 4.000000000000000000 ) ) ;
#909 = PLANE ( 'NONE',  #831 ) ;
#910 = ORIENTED_EDGE ( 'NONE', *, *, #548, .T. ) ;
#911 = FACE_OUTER_BOUND ( 'NONE', #322, .T. ) ;
#912 = CYLINDRICAL_SURFACE ( 'NONE', #1431, 7.054999999999999716 ) ;
#913 = VERTEX_POINT ( 'NONE', #254 ) ;
#914 = ORIENTED_EDGE ( 'NONE', *, *, #58, .T. ) ;
#915 = CARTESIAN_POINT ( 'NONE',  ( 1.649999999999999911, -2.234999999999999876, 0.000000000000000000 ) ) ;
#916 = DIRECTION ( 'NONE',  ( 1.000000000000000000, 0.000000000000000000, 0.000000000000000000 ) ) ;
#917 = DIRECTION ( 'NONE',  ( 0.000000000000000000, 1.000000000000000000, 0.000000000000000000 ) ) ;
#918 = CARTESIAN_POINT ( 'NONE',  ( 5.500000000000000000, -1.310000000000000053, 4.000000000000000000 ) ) ;
#919 = ORIENTED_EDGE ( 'NONE', *, *, #946, .T. ) ;
#920 = CARTESIAN_POINT ( 'NONE',  ( 2.925000000000000266, -4.259999999999999787, 0.000000000000000000 ) ) ;
#921 = CIRCLE ( 'NONE', #262, 4.000000000000001776 ) ;
#922 = DIRECTION ( 'NONE',  ( 1.000000000000000000, 0.000000000000000000, 0.000000000000000000 ) ) ;
#923 = EDGE_LOOP ( 'NONE', ( #1528, #1046, #1321, #600 ) ) ;
#924 =( GEOMETRIC_REPRESENTATION_CONTEXT ( 3 ) GLOBAL_UNCERTAINTY_ASSIGNED_CONTEXT ( ( #510 ) ) GLOBAL_UNIT_ASSIGNED_CONTEXT ( ( #230, #1401, #96 ) ) REPRESENTATION_CONTEXT ( 'NONE', 'WORKASPACE' ) );
#925 = ORIENTED_EDGE ( 'NONE', *, *, #1186, .F. ) ;
#926 = DIRECTION ( 'NONE',  ( 1.000000000000000000, 0.000000000000000000, 0.000000000000000000 ) ) ;
#927 = LINE ( 'NONE', #1320, #501 ) ;
#928 = VECTOR ( 'NONE', #257, 1000.000000000000000 ) ;
#929 = DIRECTION ( 'NONE',  ( -1.000000000000000000, 0.000000000000000000, 0.000000000000000000 ) ) ;
#930 = VERTEX_POINT ( 'NONE', #1298 ) ;
#931 = ORIENTED_EDGE ( 'NONE', *, *, #664, .F. ) ;
#932 = AXIS2_PLACEMENT_3D ( 'NONE', #709, #1421, #1063 ) ;
#933 = DIRECTION ( 'NONE',  ( 0.000000000000000000, -1.000000000000000000, 0.000000000000000000 ) ) ;
#934 = CARTESIAN_POINT ( 'NONE',  ( 1.649999999999999911, -2.759999999999999787, 0.000000000000000000 ) ) ;
#935 = VERTEX_POINT ( 'NONE', #1309 ) ;
#936 = ADVANCED_FACE ( 'NONE', ( #735 ), #1330, .T. ) ;
#937 = ORIENTED_EDGE ( 'NONE', *, *, #573, .F. ) ;
#938 = DIRECTION ( 'NONE',  ( 0.000000000000000000, -1.000000000000000000, 0.000000000000000000 ) ) ;
#939 = EDGE_CURVE ( 'NONE', #930, #838, #1500, .T. ) ;
#940 = EDGE_CURVE ( 'NONE', #913, #1522, #1142, .T. ) ;
#941 = ORIENTED_EDGE ( 'NONE', *, *, #35, .T. ) ;
#942 = ORIENTED_EDGE ( 'NONE', *, *, #1103, .T. ) ;
#943 = CARTESIAN_POINT ( 'NONE',  ( -5.800000000000000711, 3.039999999999998703, 1.812232088328672219 ) ) ;
#944 = ORIENTED_EDGE ( 'NONE', *, *, #1276, .F. ) ;
#945 = PLANE ( 'NONE',  #1397 ) ;
#946 = EDGE_CURVE ( 'NONE', #715, #904, #1452, .T. ) ;
#947 = CARTESIAN_POINT ( 'NONE',  ( 0.000000000000000000, 0.000000000000000000, 0.000000000000000000 ) ) ;
#948 = ORIENTED_EDGE ( 'NONE', *, *, #1096, .T. ) ;
#949 = ORIENTED_EDGE ( 'NONE', *, *, #1067, .T. ) ;
#950 = ORIENTED_EDGE ( 'NONE', *, *, #1464, .F. ) ;
#951 = LINE ( 'NONE', #724, #360 ) ;
#952 = DIRECTION ( 'NONE',  ( 1.000000000000000000, 0.000000000000000000, 0.000000000000000000 ) ) ;
#953 = ORIENTED_EDGE ( 'NONE', *, *, #342, .T. ) ;
#954 = CARTESIAN_POINT ( 'NONE',  ( 3.250000000000000000, -1.709999999999999964, 0.000000000000000000 ) ) ;
#955 = CIRCLE ( 'NONE', #1017, 0.7937499999999999556 ) ;
#956 = CARTESIAN_POINT ( 'NONE',  ( 0.000000000000000000, -2.254999999999999893, 0.000000000000000000 ) ) ;
#957 = ORIENTED_EDGE ( 'NONE', *, *, #750, .T. ) ;
#958 = EDGE_CURVE ( 'NONE', #347, #809, #728, .T. ) ;
#959 = AXIS2_PLACEMENT_3D ( 'NONE', #1171, #933, #1151 ) ;
#960 = ORIENTED_EDGE ( 'NONE', *, *, #940, .F. ) ;
#961 = APPROVAL_STATUS ( 'not_yet_approved' ) ;
#962 = CIRCLE ( 'NONE', #1543, 2.925000000000000266 ) ;
#963 = EDGE_CURVE ( 'NONE', #672, #72, #121, .T. ) ;
#964 = CARTESIAN_POINT ( 'NONE',  ( -3.779999999999999805, -1.310000000000000053, 4.000000000000000000 ) ) ;
#965 = VERTEX_POINT ( 'NONE', #23 ) ;
#966 = CARTESIAN_POINT ( 'NONE',  ( 0.000000000000000000, 2.100000000000000089, 25.39999999999999858 ) ) ;
#967 = VERTEX_POINT ( 'NONE', #742 ) ;
#968 = ORIENTED_EDGE ( 'NONE', *, *, #325, .T. ) ;
#969 = PERSON_AND_ORGANIZATION ( #871, #1174 ) ;
#970 = EDGE_CURVE ( 'NONE', #1018, #904, #246, .T. ) ;
#971 = VECTOR ( 'NONE', #1108, 1000.000000000000000 ) ;
#972 = DIRECTION ( 'NONE',  ( 0.000000000000000000, -1.000000000000000000, 0.000000000000000000 ) ) ;
#973 = ORIENTED_EDGE ( 'NONE', *, *, #777, .F. ) ;
#974 = ORIENTED_EDGE ( 'NONE', *, *, #420, .T. ) ;
#975 = DIRECTION ( 'NONE',  ( 0.000000000000000000, -1.000000000000000000, 0.000000000000000000 ) ) ;
#976 = APPROVAL_ROLE ( '' ) ;
#977 = CARTESIAN_POINT ( 'NONE',  ( -0.7937499999999999556, 40.06868010054739671, 19.05000000000000071 ) ) ;
#978 = VECTOR ( 'NONE', #392, 1000.000000000000000 ) ;
#979 = ORIENTED_EDGE ( 'NONE', *, *, #1186, .T. ) ;
#980 = CARTESIAN_POINT ( 'NONE',  ( 5.500000000000000000, 0.000000000000000000, 2.125000000000000000 ) ) ;
#981 = CIRCLE ( 'NONE', #239, 0.7937499999999999556 ) ;
#982 = LINE ( 'NONE', #822, #1334 ) ;
#983 = PERSON_AND_ORGANIZATION_ROLE ( 'creator' ) ;
#984 = DIRECTION ( 'NONE',  ( -1.000000000000000000, 0.000000000000000000, 0.000000000000000000 ) ) ;
#985 = VECTOR ( 'NONE', #649, 1000.000000000000114 ) ;
#986 = LINE ( 'NONE', #1465, #1382 ) ;
#987 = EDGE_CURVE ( 'NONE', #139, #182, #113, .T. ) ;
#988 = CARTESIAN_POINT ( 'NONE',  ( 3.799999999999999822, 3.040000000000000036, 5.799999999999999822 ) ) ;
#989 = CARTESIAN_POINT ( 'NONE',  ( 5.500000000000000000, -2.254999999999999893, 0.000000000000000000 ) ) ;
#990 = EDGE_LOOP ( 'NONE', ( #1311, #1168, #615, #925 ) ) ;
#991 = LINE ( 'NONE', #1237, #978 ) ;
#992 = DIRECTION ( 'NONE',  ( 1.000000000000000000, 0.000000000000000000, 0.000000000000000000 ) ) ;
#993 = CARTESIAN_POINT ( 'NONE',  ( -5.799999999999999822, 2.569999999999999840, 5.275000000000000355 ) ) ;
#994 = LINE ( 'NONE', #1348, #1516 ) ;
#995 = VECTOR ( 'NONE', #445, 1000.000000000000000 ) ;
#996 = DIRECTION ( 'NONE',  ( -1.000000000000000000, 0.000000000000000000, 0.000000000000000000 ) ) ;
#997 = ADVANCED_FACE ( 'NONE', ( #857 ), #721, .F. ) ;
#998 = CARTESIAN_POINT ( 'NONE',  ( -7.003784518789589519, 0.000000000000000000, 0.8485442913385830010 ) ) ;
#999 = CIRCLE ( 'NONE', #776, 5.799999999999999822 ) ;
#1000 = CARTESIAN_POINT ( 'NONE',  ( 0.000000000000000000, 3.040000000000000036, 0.000000000000000000 ) ) ;
#1001 = CARTESIAN_POINT ( 'NONE',  ( 5.500000000000000000, 5.551115123125779744E-16, 8.500000000000000000 ) ) ;
#1002 = DIRECTION ( 'NONE',  ( -1.000000000000000000, 0.000000000000000000, 0.000000000000000000 ) ) ;
#1003 = EDGE_CURVE ( 'NONE', #1422, #103, #630, .T. ) ;
#1004 = DIRECTION ( 'NONE',  ( 0.000000000000000000, -1.000000000000000000, 0.000000000000000000 ) ) ;
#1005 = CARTESIAN_POINT ( 'NONE',  ( 0.000000000000000000, 0.6650000000000000355, 0.000000000000000000 ) ) ;
#1006 = ORIENTED_EDGE ( 'NONE', *, *, #752, .F. ) ;
#1007 = DIRECTION ( 'NONE',  ( 0.000000000000000000, 1.000000000000000000, -3.469446951953609258E-17 ) ) ;
#1008 = ORIENTED_EDGE ( 'NONE', *, *, #1345, .F. ) ;
#1009 = EDGE_CURVE ( 'NONE', #482, #1383, #955, .T. ) ;
#1010 = ORIENTED_EDGE ( 'NONE', *, *, #882, .F. ) ;
#1011 = DIRECTION ( 'NONE',  ( 0.000000000000000000, 1.000000000000000000, 0.000000000000000000 ) ) ;
#1012 = CARTESIAN_POINT ( 'NONE',  ( 3.779999999999999805, -1.310000000000000053, 3.995197116538810711 ) ) ;
#1013 = CARTESIAN_POINT ( 'NONE',  ( 0.000000000000000000, -1.709999999999999964, 0.000000000000000000 ) ) ;
#1014 = EDGE_LOOP ( 'NONE', ( #1445, #622, #1503, #306 ) ) ;
#1015 = CC_DESIGN_APPROVAL ( #903, ( #237 ) ) ;
#1016 = DIRECTION ( 'NONE',  ( 0.000000000000000000, -1.000000000000000000, 0.000000000000000000 ) ) ;
#1017 = AXIS2_PLACEMENT_3D ( 'NONE', #625, #1087, #1060 ) ;
#1018 = VERTEX_POINT ( 'NONE', #9 ) ;
#1019 = ORIENTED_EDGE ( 'NONE', *, *, #1333, .T. ) ;
#1020 = AXIS2_PLACEMENT_3D ( 'NONE', #146, #972, #1106 ) ;
#1021 = VECTOR ( 'NONE', #1424, 1000.000000000000000 ) ;
#1022 = ORIENTED_EDGE ( 'NONE', *, *, #259, .T. ) ;
#1023 = FACE_OUTER_BOUND ( 'NONE', #370, .T. ) ;
#1024 = FACE_OUTER_BOUND ( 'NONE', #1450, .T. ) ;
#1025 = EDGE_CURVE ( 'NONE', #809, #967, #618, .T. ) ;
#1026 = CARTESIAN_POINT ( 'NONE',  ( 0.000000000000000000, 2.100000000000000089, 22.22500000000000142 ) ) ;
#1027 = VECTOR ( 'NONE', #874, 1000.000000000000000 ) ;
#1028 = FACE_BOUND ( 'NONE', #851, .T. ) ;
#1029 = ORIENTED_EDGE ( 'NONE', *, *, #763, .F. ) ;
#1030 = CARTESIAN_POINT ( 'NONE',  ( 3.799999999999999822, 2.100000000000000089, 5.944158897606960146 ) ) ;
#1031 = FACE_OUTER_BOUND ( 'NONE', #1129, .T. ) ;
#1032 = ORIENTED_EDGE ( 'NONE', *, *, #5, .T. ) ;
#1033 = EDGE_LOOP ( 'NONE', ( #719, #856, #617, #1010 ) ) ;
#1034 = CARTESIAN_POINT ( 'NONE',  ( 0.000000000000000000, 2.100000000000000089, 25.39999999999999858 ) ) ;
#1035 = DIRECTION ( 'NONE',  ( 0.000000000000000000, -1.000000000000000000, 0.000000000000000000 ) ) ;
#1036 = CYLINDRICAL_SURFACE ( 'NONE', #624, 4.000000000000001776 ) ;
#1037 = DIRECTION ( 'NONE',  ( 1.000000000000000000, 0.000000000000000000, 0.000000000000000000 ) ) ;
#1038 = ORIENTED_EDGE ( 'NONE', *, *, #1163, .F. ) ;
#1039 = LINE ( 'NONE', #920, #43 ) ;
#1040 = ORIENTED_EDGE ( 'NONE', *, *, #1493, .T. ) ;
#1041 = ORIENTED_EDGE ( 'NONE', *, *, #1493, .F. ) ;
#1042 = VERTEX_POINT ( 'NONE', #127 ) ;
#1043 = LINE ( 'NONE', #212, #536 ) ;
#1044 = DIRECTION ( 'NONE',  ( 0.000000000000000000, 1.000000000000000000, 0.000000000000000000 ) ) ;
#1045 = DIRECTION ( 'NONE',  ( 0.000000000000000000, 1.000000000000000000, 0.000000000000000000 ) ) ;
#1046 = ORIENTED_EDGE ( 'NONE', *, *, #846, .T. ) ;
#1047 = ORIENTED_EDGE ( 'NONE', *, *, #640, .F. ) ;
#1048 = CARTESIAN_POINT ( 'NONE',  ( 3.799999999999999822, 2.100000000000000089, 5.944158897606960146 ) ) ;
#1049 = CONICAL_SURFACE ( 'NONE', #556, 4.875000000000000000, 0.7853981633974476129 ) ;
#1050 = EDGE_CURVE ( 'NONE', #823, #663, #684, .T. ) ;
#1051 = ORIENTED_EDGE ( 'NONE', *, *, #314, .T. ) ;
#1052 = VERTEX_POINT ( 'NONE', #1436 ) ;
#1053 = FACE_OUTER_BOUND ( 'NONE', #612, .T. ) ;
#1054 = VERTEX_POINT ( 'NONE', #373 ) ;
#1055 = AXIS2_PLACEMENT_3D ( 'NONE', #297, #412, #1483 ) ;
#1056 = DIRECTION ( 'NONE',  ( 0.000000000000000000, -0.1941299519812849372, 0.9809758211820227558 ) ) ;
#1057 = EDGE_CURVE ( 'NONE', #72, #1042, #1076, .T. ) ;
#1058 = ORIENTED_EDGE ( 'NONE', *, *, #369, .T. ) ;
#1059 = FACE_OUTER_BOUND ( 'NONE', #1409, .T. ) ;
#1060 = DIRECTION ( 'NONE',  ( -1.000000000000000000, 0.000000000000000000, 0.000000000000000000 ) ) ;
#1061 = ORIENTED_EDGE ( 'NONE', *, *, #213, .F. ) ;
#1062 = ORIENTED_EDGE ( 'NONE', *, *, #626, .T. ) ;
#1063 = DIRECTION ( 'NONE',  ( 0.000000000000000000, 1.000000000000000000, 0.000000000000000000 ) ) ;
#1064 = ORIENTED_EDGE ( 'NONE', *, *, #168, .F. ) ;
#1065 = ORIENTED_EDGE ( 'NONE', *, *, #1096, .F. ) ;
#1066 = DIRECTION ( 'NONE',  ( -1.000000000000000000, 0.000000000000000000, 0.000000000000000000 ) ) ;
#1067 = EDGE_CURVE ( 'NONE', #1195, #1052, #647, .T. ) ;
#1068 = CARTESIAN_POINT ( 'NONE',  ( 0.000000000000000000, -5.760000000000000675, 0.000000000000000000 ) ) ;
#1069 = ORIENTED_EDGE ( 'NONE', *, *, #1352, .T. ) ;
#1070 = ORIENTED_EDGE ( 'NONE', *, *, #5, .F. ) ;
#1071 = PRODUCT_DEFINITION ( 'UNKNOWN', '', #616, #1181 ) ;
#1072 = COORDINATED_UNIVERSAL_TIME_OFFSET ( 3, 0, .AHEAD. ) ;
#1073 = CARTESIAN_POINT ( 'NONE',  ( 0.000000000000000000, 2.540000000000000036, 0.000000000000000000 ) ) ;
#1074 = VECTOR ( 'NONE', #550, 1000.000000000000227 ) ;
#1075 = ORIENTED_EDGE ( 'NONE', *, *, #1003, .T. ) ;
#1076 = CIRCLE ( 'NONE', #786, 0.7937499999999999556 ) ;
#1077 = DIRECTION ( 'NONE',  ( -1.000000000000000000, 0.000000000000000000, 0.000000000000000000 ) ) ;
#1078 = VECTOR ( 'NONE', #31, 1000.000000000000000 ) ;
#1079 = ADVANCED_FACE ( 'NONE', ( #1220 ), #253, .T. ) ;
#1080 = AXIS2_PLACEMENT_3D ( 'NONE', #700, #1524, #1162 ) ;
#1081 = ORIENTED_EDGE ( 'NONE', *, *, #885, .F. ) ;
#1082 = PERSON_AND_ORGANIZATION_ROLE ( 'design_supplier' ) ;
#1083 = CIRCLE ( 'NONE', #26, 3.250000000000000000 ) ;
#1084 = DIRECTION ( 'NONE',  ( 0.000000000000000000, 1.000000000000000000, 0.000000000000000000 ) ) ;
#1085 = CIRCLE ( 'NONE', #1410, 3.250000000000000000 ) ;
#1086 = VERTEX_POINT ( 'NONE', #42 ) ;
#1087 = DIRECTION ( 'NONE',  ( 0.000000000000000000, 1.000000000000000000, 0.000000000000000000 ) ) ;
#1088 = EDGE_CURVE ( 'NONE', #32, #848, #986, .T. ) ;
#1089 = CALENDAR_DATE ( 2026, 13, 8 ) ;
#1090 = DIRECTION ( 'NONE',  ( 0.000000000000000000, -1.000000000000000000, 0.000000000000000000 ) ) ;
#1091 = CARTESIAN_POINT ( 'NONE',  ( -4.875000000000000000, -5.134999999999999787, -5.970153145843347347E-16 ) ) ;
#1092 = CARTESIAN_POINT ( 'NONE',  ( 0.000000000000000000, -1.310000000000000053, 0.000000000000000000 ) ) ;
#1093 = PERSON_AND_ORGANIZATION ( #871, #1174 ) ;
#1094 = EDGE_CURVE ( 'NONE', #491, #967, #994, .T. ) ;
#1095 = DIRECTION ( 'NONE',  ( 0.000000000000000000, -1.000000000000000000, 0.000000000000000000 ) ) ;
#1096 = EDGE_CURVE ( 'NONE', #1287, #1042, #1476, .T. ) ;
#1097 = AXIS2_PLACEMENT_3D ( 'NONE', #580, #694, #1248 ) ;
#1098 = DIRECTION ( 'NONE',  ( 0.000000000000000000, 0.000000000000000000, 1.000000000000000000 ) ) ;
#1099 = AXIS2_PLACEMENT_3D ( 'NONE', #993, #397, #875 ) ;
#1100 = CARTESIAN_POINT ( 'NONE',  ( -5.799999999999999822, 3.040000000000000036, 0.000000000000000000 ) ) ;
#1101 = CARTESIAN_POINT ( 'NONE',  ( 3.779999999999999805, -2.254999999999999893, 3.995197116538810711 ) ) ;
#1102 = CIRCLE ( 'NONE', #372, 3.250000000000000000 ) ;
#1103 = EDGE_CURVE ( 'NONE', #1522, #913, #865, .T. ) ;
#1104 = DIRECTION ( 'NONE',  ( -0.7071067811865480168, 0.7071067811865470176, 0.000000000000000000 ) ) ;
#1105 = CARTESIAN_POINT ( 'NONE',  ( 0.000000000000000000, 0.000000000000000000, 22.22500000000000142 ) ) ;
#1106 = DIRECTION ( 'NONE',  ( -1.836970198721029688E-16, 0.000000000000000000, -1.000000000000000000 ) ) ;
#1107 = EDGE_CURVE ( 'NONE', #1427, #1515, #651, .T. ) ;
#1108 = DIRECTION ( 'NONE',  ( 0.000000000000000000, 0.000000000000000000, -1.000000000000000000 ) ) ;
#1109 = EDGE_LOOP ( 'NONE', ( #1161, #599 ) ) ;
#1110 = CYLINDRICAL_SURFACE ( 'NONE', #1438, 3.250000000000000000 ) ;
#1111 = ADVANCED_FACE ( 'NONE', ( #1226 ), #759, .F. ) ;
#1112 = DIRECTION ( 'NONE',  ( -0.000000000000000000, 0.9809758211820228668, 0.1941299519812849650 ) ) ;
#1113 = CARTESIAN_POINT ( 'NONE',  ( -3.750000000000000000, 2.540000000000000036, 0.000000000000000000 ) ) ;
#1114 = AXIS2_PLACEMENT_3D ( 'NONE', #712, #938, #488 ) ;
#1115 = CC_DESIGN_APPROVAL ( #515, ( #616 ) ) ;
#1116 = CARTESIAN_POINT ( 'NONE',  ( -3.799999999999999822, 3.040000000000000036, 4.381780460041329484 ) ) ;
#1117 = EDGE_CURVE ( 'NONE', #472, #905, #1357, .T. ) ;
#1118 = CARTESIAN_POINT ( 'NONE',  ( 3.799999999999999822, 3.040000000000000036, 4.381780460041329484 ) ) ;
#1119 = VECTOR ( 'NONE', #1122, 1000.000000000000114 ) ;
#1120 = CARTESIAN_POINT ( 'NONE',  ( 0.000000000000000000, -5.134999999999999787, 0.000000000000000000 ) ) ;
#1121 = VECTOR ( 'NONE', #611, 1000.000000000000000 ) ;
#1122 = DIRECTION ( 'NONE',  ( 0.000000000000000000, -0.2795083699420538581, -0.9601432555261406598 ) ) ;
#1123 = DIRECTION ( 'NONE',  ( 1.000000000000000000, 0.000000000000000000, 0.000000000000000000 ) ) ;
#1124 = ORIENTED_EDGE ( 'NONE', *, *, #1057, .F. ) ;
#1125 = ORIENTED_EDGE ( 'NONE', *, *, #940, .T. ) ;
#1126 = CARTESIAN_POINT ( 'NONE',  ( -5.500000000000000000, -1.310000000000000053, 4.000000000000000000 ) ) ;
#1127 = DIRECTION ( 'NONE',  ( -1.000000000000000000, 0.000000000000000000, 0.000000000000000000 ) ) ;
#1128 = DIRECTION ( 'NONE',  ( 0.000000000000000000, 0.1941299519812849372, -0.9809758211820227558 ) ) ;
#1129 = EDGE_LOOP ( 'NONE', ( #336, #197, #503, #1342 ) ) ;
#1130 = LINE ( 'NONE', #1501, #1275 ) ;
#1131 = ORIENTED_EDGE ( 'NONE', *, *, #1094, .F. ) ;
#1132 = ORIENTED_EDGE ( 'NONE', *, *, #492, .F. ) ;
#1133 = CARTESIAN_POINT ( 'NONE',  ( 0.000000000000000000, 3.040000000000000036, 0.000000000000000000 ) ) ;
#1134 = DIRECTION ( 'NONE',  ( -0.9927405412883895108, 0.000000000000000000, 0.1202755905511812273 ) ) ;
#1135 = DIRECTION ( 'NONE',  ( 1.000000000000000000, 0.000000000000000000, 0.000000000000000000 ) ) ;
#1136 = PLANE ( 'NONE',  #636 ) ;
#1137 = AXIS2_PLACEMENT_3D ( 'NONE', #1416, #591, #597 ) ;
#1138 = ORIENTED_EDGE ( 'NONE', *, *, #249, .F. ) ;
#1139 = DIRECTION ( 'NONE',  ( 1.000000000000000000, 0.000000000000000000, 0.000000000000000000 ) ) ;
#1140 = ORIENTED_EDGE ( 'NONE', *, *, #61, .F. ) ;
#1141 = AXIS2_PLACEMENT_3D ( 'NONE', #283, #1335, #984 ) ;
#1142 = CIRCLE ( 'NONE', #161, 0.7937499999999999556 ) ;
#1143 = ORIENTED_EDGE ( 'NONE', *, *, #362, .F. ) ;
#1144 = LINE ( 'NONE', #915, #1242 ) ;
#1145 = CARTESIAN_POINT ( 'NONE',  ( 3.750000000000000000, 2.540000000000000036, 4.592425496802573972E-16 ) ) ;
#1146 = VECTOR ( 'NONE', #645, 999.9999999999998863 ) ;
#1147 = CARTESIAN_POINT ( 'NONE',  ( -5.500000000000000000, 5.551115123125779744E-16, 8.500000000000000000 ) ) ;
#1148 = CIRCLE ( 'NONE', #1467, 3.250000000000000000 ) ;
#1149 = CARTESIAN_POINT ( 'NONE',  ( 5.500000000000000000, -1.310000000000000053, 4.000000000000000000 ) ) ;
#1150 = ORIENTED_EDGE ( 'NONE', *, *, #606, .F. ) ;
#1151 = DIRECTION ( 'NONE',  ( -1.000000000000000000, 0.000000000000000000, 0.000000000000000000 ) ) ;
#1152 = AXIS2_PLACEMENT_3D ( 'NONE', #634, #764, #1482 ) ;
#1153 = ORIENTED_EDGE ( 'NONE', *, *, #606, .T. ) ;
#1154 = ORIENTED_EDGE ( 'NONE', *, *, #377, .T. ) ;
#1155 = DIRECTION ( 'NONE',  ( 0.000000000000000000, -1.000000000000000000, 0.000000000000000000 ) ) ;
#1156 = CARTESIAN_POINT ( 'NONE',  ( -5.799999999999999822, 3.040000000000000036, 0.000000000000000000 ) ) ;
#1157 = EDGE_CURVE ( 'NONE', #106, #103, #1148, .T. ) ;
#1158 = FACE_BOUND ( 'NONE', #576, .T. ) ;
#1159 = ADVANCED_FACE ( 'NONE', ( #152, #753 ), #160, .T. ) ;
#1160 = PLANE ( 'NONE',  #1454 ) ;
#1161 = ORIENTED_EDGE ( 'NONE', *, *, #1216, .T. ) ;
#1162 = DIRECTION ( 'NONE',  ( 0.000000000000000000, 1.000000000000000000, 0.000000000000000000 ) ) ;
#1163 = EDGE_CURVE ( 'NONE', #1393, #379, #1428, .T. ) ;
#1164 = FACE_OUTER_BOUND ( 'NONE', #1166, .T. ) ;
#1165 = ORIENTED_EDGE ( 'NONE', *, *, #187, .F. ) ;
#1166 = EDGE_LOOP ( 'NONE', ( #221, #1511, #361, #346, #588, #14, #316, #1319 ) ) ;
#1167 = FACE_OUTER_BOUND ( 'NONE', #24, .T. ) ;
#1168 = ORIENTED_EDGE ( 'NONE', *, *, #404, .T. ) ;
#1169 = ORIENTED_EDGE ( 'NONE', *, *, #652, .F. ) ;
#1170 = EDGE_CURVE ( 'NONE', #1018, #1427, #991, .T. ) ;
#1171 = CARTESIAN_POINT ( 'NONE',  ( 0.000000000000000000, 2.100000000000000089, 19.05000000000000071 ) ) ;
#1172 = AXIS2_PLACEMENT_3D ( 'NONE', #438, #1004, #926 ) ;
#1173 = FACE_OUTER_BOUND ( 'NONE', #1535, .T. ) ;
#1174 = ORGANIZATION ( 'UNSPECIFIED', 'UNSPECIFIED', '' ) ;
#1175 = VECTOR ( 'NONE', #1341, 1000.000000000000000 ) ;
#1176 = ORIENTED_EDGE ( 'NONE', *, *, #1067, .F. ) ;
#1177 = DIRECTION ( 'NONE',  ( 0.000000000000000000, 1.000000000000000000, 0.000000000000000000 ) ) ;
#1178 = VECTOR ( 'NONE', #315, 1000.000000000000000 ) ;
#1179 = CARTESIAN_POINT ( 'NONE',  ( -4.250000000000000000, 3.040000000000000036, 0.000000000000000000 ) ) ;
#1180 = ORIENTED_EDGE ( 'NONE', *, *, #391, .T. ) ;
#1181 = DESIGN_CONTEXT ( 'detailed design', #202, 'design' ) ;
#1182 = VERTEX_POINT ( 'NONE', #642 ) ;
#1183 = ORIENTED_EDGE ( 'NONE', *, *, #1025, .T. ) ;
#1184 = CIRCLE ( 'NONE', #690, 0.7937499999999999556 ) ;
#1185 = FACE_OUTER_BOUND ( 'NONE', #533, .T. ) ;
#1186 = EDGE_CURVE ( 'NONE', #268, #892, #417, .T. ) ;
#1187 = ORIENTED_EDGE ( 'NONE', *, *, #1157, .F. ) ;
#1188 = CARTESIAN_POINT ( 'NONE',  ( 0.7937499999999999556, 0.000000000000000000, 19.05000000000000071 ) ) ;
#1189 = EDGE_CURVE ( 'NONE', #347, #905, #174, .T. ) ;
#1190 = DIRECTION ( 'NONE',  ( 1.000000000000000000, 0.000000000000000000, 0.000000000000000000 ) ) ;
#1191 = ORIENTED_EDGE ( 'NONE', *, *, #91, .F. ) ;
#1192 = VERTEX_POINT ( 'NONE', #539 ) ;
#1193 = PERSON_AND_ORGANIZATION ( #871, #1174 ) ;
#1194 = DIRECTION ( 'NONE',  ( 0.000000000000000000, 3.469446951953609258E-17, 1.000000000000000000 ) ) ;
#1195 = VERTEX_POINT ( 'NONE', #657 ) ;
#1196 = ADVANCED_FACE ( 'NONE', ( #273 ), #1049, .T. ) ;
#1197 = DIRECTION ( 'NONE',  ( -1.000000000000000000, 0.000000000000000000, 0.000000000000000000 ) ) ;
#1198 = ORIENTED_EDGE ( 'NONE', *, *, #527, .T. ) ;
#1199 = COORDINATED_UNIVERSAL_TIME_OFFSET ( 3, 0, .AHEAD. ) ;
#1200 = VECTOR ( 'NONE', #1104, 1000.000000000000000 ) ;
#1201 = DIRECTION ( 'NONE',  ( 0.000000000000000000, 1.000000000000000000, 0.000000000000000000 ) ) ;
#1202 =( BOUNDED_CURVE ( )  B_SPLINE_CURVE ( 2, ( #603, #943, #1100 ),
 .UNSPECIFIED., .F., .F. ) 
 B_SPLINE_CURVE_WITH_KNOTS ( ( 3, 3 ),
 ( 0.000000000000000000, 0.4146927576400810112 ),
 .UNSPECIFIED. ) 
 CURVE ( )  GEOMETRIC_REPRESENTATION_ITEM ( )  RATIONAL_B_SPLINE_CURVE ( ( 1.000000000000000000, 1.052705873058760178, 1.000000000000000000 ) ) 
 REPRESENTATION_ITEM ( '' )  );
#1203 = EDGE_LOOP ( 'NONE', ( #1051, #584, #1176, #436 ) ) ;
#1204 = DIRECTION ( 'NONE',  ( 0.000000000000000000, -1.000000000000000000, 0.000000000000000000 ) ) ;
#1205 = AXIS2_PLACEMENT_3D ( 'NONE', #1262, #887, #902 ) ;
#1206 = DATE_AND_TIME ( #1326, #462 ) ;
#1207 = AXIS2_PLACEMENT_3D ( 'NONE', #450, #917, #1396 ) ;
#1208 = DIRECTION ( 'NONE',  ( -1.000000000000000000, 0.000000000000000000, 0.000000000000000000 ) ) ;
#1209 = VECTOR ( 'NONE', #685, 1000.000000000000000 ) ;
#1210 = DIRECTION ( 'NONE',  ( 0.000000000000000000, -1.000000000000000000, 0.000000000000000000 ) ) ;
#1211 = EDGE_CURVE ( 'NONE', #729, #307, #48, .T. ) ;
#1212 = CARTESIAN_POINT ( 'NONE',  ( -5.799999999999999822, 2.100000000000000089, 10.19963607283460050 ) ) ;
#1213 = ADVANCED_FACE ( 'NONE', ( #1167 ), #222, .T. ) ;
#1214 = AXIS2_PLACEMENT_3D ( 'NONE', #62, #286, #398 ) ;
#1215 = COORDINATED_UNIVERSAL_TIME_OFFSET ( 3, 0, .AHEAD. ) ;
#1216 = EDGE_CURVE ( 'NONE', #672, #1287, #299, .T. ) ;
#1217 = DIRECTION ( 'NONE',  ( 0.000000000000000000, 1.000000000000000000, 0.000000000000000000 ) ) ;
#1218 = ORIENTED_EDGE ( 'NONE', *, *, #958, .F. ) ;
#1219 = ORIENTED_EDGE ( 'NONE', *, *, #187, .T. ) ;
#1220 = FACE_OUTER_BOUND ( 'NONE', #818, .T. ) ;
#1221 = FACE_OUTER_BOUND ( 'NONE', #679, .T. ) ;
#1222 = COORDINATED_UNIVERSAL_TIME_OFFSET ( 3, 0, .AHEAD. ) ;
#1223 = EDGE_CURVE ( 'NONE', #125, #608, #86, .T. ) ;
#1224 = LINE ( 'NONE', #389, #408 ) ;
#1225 = AXIS2_PLACEMENT_3D ( 'NONE', #248, #701, #366 ) ;
#1226 = FACE_OUTER_BOUND ( 'NONE', #740, .T. ) ;
#1227 = AXIS2_PLACEMENT_3D ( 'NONE', #1240, #537, #678 ) ;
#1228 = PLANE ( 'NONE',  #143 ) ;
#1229 = AXIS2_PLACEMENT_3D ( 'NONE', #1390, #323, #218 ) ;
#1230 = CARTESIAN_POINT ( 'NONE',  ( -0.7937499999999999556, 40.06868010054739671, 25.39999999999999858 ) ) ;
#1231 = EDGE_CURVE ( 'NONE', #1383, #380, #1043, .T. ) ;
#1232 = AXIS2_PLACEMENT_3D ( 'NONE', #1013, #1497, #899 ) ;
#1233 = DIRECTION ( 'NONE',  ( 0.000000000000000000, -1.000000000000000000, 0.000000000000000000 ) ) ;
#1234 = EDGE_CURVE ( 'NONE', #504, #478, #734, .T. ) ;
#1235 = CARTESIAN_POINT ( 'NONE',  ( 3.779999999999999805, -1.310000000000000053, 4.000000000000000000 ) ) ;
#1236 = DIRECTION ( 'NONE',  ( -1.000000000000000000, 0.000000000000000000, 0.000000000000000000 ) ) ;
#1237 = CARTESIAN_POINT ( 'NONE',  ( -5.500000000000000000, -2.254999999999999893, -6.238812440868399735E-17 ) ) ;
#1238 = EDGE_CURVE ( 'NONE', #1427, #1052, #517, .T. ) ;
#1239 = DIRECTION ( 'NONE',  ( 0.000000000000000000, 0.000000000000000000, -1.000000000000000000 ) ) ;
#1240 = CARTESIAN_POINT ( 'NONE',  ( 0.000000000000000000, -2.234999999999999876, 0.000000000000000000 ) ) ;
#1241 = DIRECTION ( 'NONE',  ( 0.000000000000000000, -1.000000000000000000, 0.000000000000000000 ) ) ;
#1242 = VECTOR ( 'NONE', #479, 1000.000000000000000 ) ;
#1243 = LOCAL_TIME ( 10, 49, 26.00000000000000000, #1453 ) ;
#1244 = CARTESIAN_POINT ( 'NONE',  ( -3.779999999999999805, 0.000000000000000000, 2.125000000000000000 ) ) ;
#1245 = DIRECTION ( 'NONE',  ( 1.000000000000000000, 0.000000000000000000, 0.000000000000000000 ) ) ;
#1246 = EDGE_LOOP ( 'NONE', ( #1402, #256, #944, #433 ) ) ;
#1247 = CIRCLE ( 'NONE', #87, 7.054999999999999716 ) ;
#1248 = DIRECTION ( 'NONE',  ( -1.000000000000000000, 0.000000000000000000, 0.000000000000000000 ) ) ;
#1249 = CARTESIAN_POINT ( 'NONE',  ( -3.779999999999999805, 5.551115123125779744E-16, 8.500000000000000000 ) ) ;
#1250 = ORIENTED_EDGE ( 'NONE', *, *, #274, .F. ) ;
#1251 = EDGE_CURVE ( 'NONE', #347, #491, #406, .T. ) ;
#1252 = DIRECTION ( 'NONE',  ( 0.000000000000000000, -1.000000000000000000, 0.000000000000000000 ) ) ;
#1253 = ORIENTED_EDGE ( 'NONE', *, *, #1451, .F. ) ;
#1254 = ORIENTED_EDGE ( 'NONE', *, *, #58, .F. ) ;
#1255 = EDGE_CURVE ( 'NONE', #427, #326, #189, .T. ) ;
#1256 = ORIENTED_EDGE ( 'NONE', *, *, #1367, .T. ) ;
#1257 = CARTESIAN_POINT ( 'NONE',  ( 0.000000000000000000, 0.000000000000000000, 15.87500000000000000 ) ) ;
#1258 = CARTESIAN_POINT ( 'NONE',  ( 5.500000000000000000, -1.310000000000000053, -3.624321196247279760E-17 ) ) ;
#1259 = CARTESIAN_POINT ( 'NONE',  ( 0.000000000000000000, 3.040000000000000036, 0.000000000000000000 ) ) ;
#1260 = FACE_BOUND ( 'NONE', #579, .T. ) ;
#1261 = ORIENTED_EDGE ( 'NONE', *, *, #854, .T. ) ;
#1262 = CARTESIAN_POINT ( 'NONE',  ( 0.000000000000000000, 40.06868010054739671, 15.87500000000000000 ) ) ;
#1263 = EDGE_CURVE ( 'NONE', #564, #892, #19, .T. ) ;
#1264 = VERTEX_POINT ( 'NONE', #888 ) ;
#1265 = ORIENTED_EDGE ( 'NONE', *, *, #535, .F. ) ;
#1266 = CARTESIAN_POINT ( 'NONE',  ( 0.000000000000000000, 0.6650000000000000355, 0.000000000000000000 ) ) ;
#1267 = FACE_OUTER_BOUND ( 'NONE', #1323, .T. ) ;
#1268 = DIRECTION ( 'NONE',  ( 0.000000000000000000, 0.000000000000000000, -1.000000000000000000 ) ) ;
#1269 = CIRCLE ( 'NONE', #589, 5.500000000000000000 ) ;
#1270 = CARTESIAN_POINT ( 'NONE',  ( -7.003784518789589519, 0.000000000000000000, 0.8485442913385821129 ) ) ;
#1271 = EDGE_LOOP ( 'NONE', ( #1138, #1022, #110, #609 ) ) ;
#1272 = CARTESIAN_POINT ( 'NONE',  ( 7.003784518789589519, 2.100000000000000089, 0.8485442913385821129 ) ) ;
#1273 = CARTESIAN_POINT ( 'NONE',  ( -0.7937499999999999556, 0.000000000000000000, 25.39999999999999858 ) ) ;
#1274 = EDGE_LOOP ( 'NONE', ( #128, #1219, #483, #896, #416, #238, #1380, #968, #782, #1411, #71, #1261 ) ) ;
#1275 = VECTOR ( 'NONE', #1123, 1000.000000000000000 ) ;
#1276 = EDGE_CURVE ( 'NONE', #423, #17, #89, .T. ) ;
#1277 = VECTOR ( 'NONE', #1293, 1000.000000000000000 ) ;
#1278 = ORIENTED_EDGE ( 'NONE', *, *, #681, .F. ) ;
#1279 = CYLINDRICAL_SURFACE ( 'NONE', #458, 7.054999999999999716 ) ;
#1280 = CYLINDRICAL_SURFACE ( 'NONE', #270, 0.7937499999999999556 ) ;
#1281 = VECTOR ( 'NONE', #486, 999.9999999999998863 ) ;
#1282 = LINE ( 'NONE', #908, #1480 ) ;
#1283 = DIRECTION ( 'NONE',  ( 0.000000000000000000, 0.000000000000000000, 1.000000000000000000 ) ) ;
#1284 = ORIENTED_EDGE ( 'NONE', *, *, #1211, .F. ) ;
#1285 = PLANE ( 'NONE',  #1229 ) ;
#1286 = DIRECTION ( 'NONE',  ( 0.7071067811865470176, 0.7071067811865480168, 0.000000000000000000 ) ) ;
#1287 = VERTEX_POINT ( 'NONE', #1394 ) ;
#1288 = ORIENTED_EDGE ( 'NONE', *, *, #559, .T. ) ;
#1289 = DIRECTION ( 'NONE',  ( 1.000000000000000000, 0.000000000000000000, 0.000000000000000000 ) ) ;
#1290 = ADVANCED_FACE ( 'NONE', ( #318 ), #1530, .F. ) ;
#1291 = FACE_OUTER_BOUND ( 'NONE', #881, .T. ) ;
#1292 = ORIENTED_EDGE ( 'NONE', *, *, #1457, .T. ) ;
#1293 = DIRECTION ( 'NONE',  ( -1.000000000000000000, 0.000000000000000000, 0.000000000000000000 ) ) ;
#1294 = FACE_BOUND ( 'NONE', #1499, .T. ) ;
#1295 = FACE_OUTER_BOUND ( 'NONE', #1203, .T. ) ;
#1296 = ORIENTED_EDGE ( 'NONE', *, *, #420, .F. ) ;
#1297 = CARTESIAN_POINT ( 'NONE',  ( 0.000000000000000000, 2.540000000000000036, 0.000000000000000000 ) ) ;
#1298 = CARTESIAN_POINT ( 'NONE',  ( -0.7937499999999999556, 2.100000000000000089, 19.05000000000000071 ) ) ;
#1299 = ORIENTED_EDGE ( 'NONE', *, *, #1322, .F. ) ;
#1300 = EDGE_CURVE ( 'NONE', #904, #747, #78, .T. ) ;
#1301 = EDGE_LOOP ( 'NONE', ( #732, #141 ) ) ;
#1302 = VERTEX_POINT ( 'NONE', #570 ) ;
#1303 = VECTOR ( 'NONE', #673, 1000.000000000000000 ) ;
#1304 = CARTESIAN_POINT ( 'NONE',  ( -0.7937499999999999556, 2.100000000000000089, 25.39999999999999858 ) ) ;
#1305 = CARTESIAN_POINT ( 'NONE',  ( 1.649999999999999911, -1.709999999999999964, 0.000000000000000000 ) ) ;
#1306 = AXIS2_PLACEMENT_3D ( 'NONE', #37, #1204, #234 ) ;
#1307 = ORIENTED_EDGE ( 'NONE', *, *, #846, .F. ) ;
#1308 = DIRECTION ( 'NONE',  ( -1.000000000000000000, 0.000000000000000000, 0.000000000000000000 ) ) ;
#1309 = CARTESIAN_POINT ( 'NONE',  ( 5.799999999999999822, 3.040000000000000036, 5.799999999999999822 ) ) ;
#1310 = ORIENTED_EDGE ( 'NONE', *, *, #1457, .F. ) ;
#1311 = ORIENTED_EDGE ( 'NONE', *, *, #505, .T. ) ;
#1312 = VECTOR ( 'NONE', #38, 1000.000000000000000 ) ;
#1313 = DIRECTION ( 'NONE',  ( 1.000000000000000000, 0.000000000000000000, 0.000000000000000000 ) ) ;
#1314 = EDGE_CURVE ( 'NONE', #905, #437, #921, .T. ) ;
#1315 = DIRECTION ( 'NONE',  ( 1.000000000000000000, 0.000000000000000000, 0.000000000000000000 ) ) ;
#1316 = DIRECTION ( 'NONE',  ( 0.000000000000000000, 0.000000000000000000, 1.000000000000000000 ) ) ;
#1317 = ORIENTED_EDGE ( 'NONE', *, *, #1117, .T. ) ;
#1318 = CARTESIAN_POINT ( 'NONE',  ( -0.7937499999999999556, 40.06868010054739671, 15.87500000000000000 ) ) ;
#1319 = ORIENTED_EDGE ( 'NONE', *, *, #648, .T. ) ;
#1320 = CARTESIAN_POINT ( 'NONE',  ( 7.003784518789589519, 1.050000000000000044, 0.8485442913385840003 ) ) ;
#1321 = ORIENTED_EDGE ( 'NONE', *, *, #150, .F. ) ;
#1322 = EDGE_CURVE ( 'NONE', #892, #564, #710, .T. ) ;
#1323 = EDGE_LOOP ( 'NONE', ( #730, #1490, #974, #1433 ) ) ;
#1324 = DIRECTION ( 'NONE',  ( 0.000000000000000000, 0.000000000000000000, 1.000000000000000000 ) ) ;
#1325 = VERTEX_POINT ( 'NONE', #794 ) ;
#1326 = CALENDAR_DATE ( 2026, 13, 8 ) ;
#1327 = AXIS2_PLACEMENT_3D ( 'NONE', #1266, #76, #558 ) ;
#1328 = LINE ( 'NONE', #853, #836 ) ;
#1329 = ADVANCED_FACE ( 'NONE', ( #1374 ), #460, .F. ) ;
#1330 = CYLINDRICAL_SURFACE ( 'NONE', #895, 5.500000000000000000 ) ;
#1331 = ADVANCED_FACE ( 'NONE', ( #1023 ), #1279, .T. ) ;
#1332 = CIRCLE ( 'NONE', #159, 1.649999999999999911 ) ;
#1333 = EDGE_CURVE ( 'NONE', #98, #778, #1144, .T. ) ;
#1334 = VECTOR ( 'NONE', #396, 1000.000000000000000 ) ;
#1335 = DIRECTION ( 'NONE',  ( 0.000000000000000000, 1.000000000000000000, 0.000000000000000000 ) ) ;
#1336 = ORIENTED_EDGE ( 'NONE', *, *, #115, .F. ) ;
#1337 = DIRECTION ( 'NONE',  ( 0.000000000000000000, 1.000000000000000000, 0.000000000000000000 ) ) ;
#1338 = ADVANCED_FACE ( 'NONE', ( #15, #1059 ), #945, .T. ) ;
#1339 = CARTESIAN_POINT ( 'NONE',  ( -3.799999999999999822, 3.040000000000000036, 0.000000000000000000 ) ) ;
#1340 = DATE_AND_TIME ( #737, #1496 ) ;
#1341 = DIRECTION ( 'NONE',  ( 0.000000000000000000, -1.000000000000000000, 0.000000000000000000 ) ) ;
#1342 = ORIENTED_EDGE ( 'NONE', *, *, #626, .F. ) ;
#1343 = DIRECTION ( 'NONE',  ( 0.000000000000000000, -1.000000000000000000, 0.000000000000000000 ) ) ;
#1344 = DIRECTION ( 'NONE',  ( -1.000000000000000000, 0.000000000000000000, 0.000000000000000000 ) ) ;
#1345 = EDGE_CURVE ( 'NONE', #452, #125, #891, .T. ) ;
#1346 = LINE ( 'NONE', #989, #1078 ) ;
#1347 = AXIS2_PLACEMENT_3D ( 'NONE', #1257, #1406, #774 ) ;
#1348 = CARTESIAN_POINT ( 'NONE',  ( 4.319941583992290891E-16, 1.050000000000000044, -7.054999999999999716 ) ) ;
#1349 = DIRECTION ( 'NONE',  ( 1.000000000000000000, 0.000000000000000000, 0.000000000000000000 ) ) ;
#1350 = CYLINDRICAL_SURFACE ( 'NONE', #1435, 2.925000000000000266 ) ;
#1351 = VECTOR ( 'NONE', #992, 1000.000000000000000 ) ;
#1352 = EDGE_CURVE ( 'NONE', #1192, #437, #1434, .T. ) ;
#1353 = CONICAL_SURFACE ( 'NONE', #1020, 6.427500000000000213, 0.9279329730171873569 ) ;
#1354 = DIRECTION ( 'NONE',  ( -1.000000000000000000, 0.000000000000000000, 0.000000000000000000 ) ) ;
#1355 = DIRECTION ( 'NONE',  ( 0.000000000000000000, -1.000000000000000000, 0.000000000000000000 ) ) ;
#1356 = CARTESIAN_POINT ( 'NONE',  ( -3.799999999999999822, 2.100000000000000089, 10.55000000000000071 ) ) ;
#1357 = LINE ( 'NONE', #280, #635 ) ;
#1358 = FACE_BOUND ( 'NONE', #129, .T. ) ;
#1359 = CARTESIAN_POINT ( 'NONE',  ( -5.500000000000000000, -1.310000000000000053, 0.000000000000000000 ) ) ;
#1360 = ADVANCED_FACE ( 'NONE', ( #1423 ), #371, .F. ) ;
#1361 = DIRECTION ( 'NONE',  ( 1.000000000000000000, 0.000000000000000000, 0.000000000000000000 ) ) ;
#1362 = AXIS2_PLACEMENT_3D ( 'NONE', #428, #328, #1289 ) ;
#1363 = ADVANCED_FACE ( 'NONE', ( #1053 ), #833, .F. ) ;
#1364 = APPROVAL_PERSON_ORGANIZATION ( #29, #903, #388 ) ;
#1365 = DIRECTION ( 'NONE',  ( 1.000000000000000000, 0.000000000000000000, 0.000000000000000000 ) ) ;
#1366 = VECTOR ( 'NONE', #520, 1000.000000000000227 ) ;
#1367 = EDGE_CURVE ( 'NONE', #1388, #1182, #426, .T. ) ;
#1368 = VERTEX_POINT ( 'NONE', #720 ) ;
#1369 = AXIS2_PLACEMENT_3D ( 'NONE', #260, #1210, #1077 ) ;
#1370 = CARTESIAN_POINT ( 'NONE',  ( -4.250000000000000000, -5.760000000000000675, -5.970153145843346361E-16 ) ) ;
#1371 = ORIENTED_EDGE ( 'NONE', *, *, #1107, .T. ) ;
#1372 = ORIENTED_EDGE ( 'NONE', *, *, #1300, .T. ) ;
#1373 = AXIS2_PLACEMENT_3D ( 'NONE', #817, #440, #1268 ) ;
#1374 = FACE_OUTER_BOUND ( 'NONE', #1437, .T. ) ;
#1375 = CARTESIAN_POINT ( 'NONE',  ( -5.500000000000000000, -1.310000000000000053, 4.000000000000000000 ) ) ;
#1376 = DIRECTION ( 'NONE',  ( 0.000000000000000000, -1.000000000000000000, 0.000000000000000000 ) ) ;
#1377 = ADVANCED_FACE ( 'NONE', ( #352 ), #1495, .F. ) ;
#1378 = ORIENTED_EDGE ( 'NONE', *, *, #1234, .F. ) ;
#1379 = LINE ( 'NONE', #176, #756 ) ;
#1380 = ORIENTED_EDGE ( 'NONE', *, *, #1255, .T. ) ;
#1381 = ORIENTED_EDGE ( 'NONE', *, *, #1508, .F. ) ;
#1382 = VECTOR ( 'NONE', #532, 1000.000000000000000 ) ;
#1383 = VERTEX_POINT ( 'NONE', #119 ) ;
#1384 = DIRECTION ( 'NONE',  ( 0.000000000000000000, 1.000000000000000000, 0.000000000000000000 ) ) ;
#1385 = DIRECTION ( 'NONE',  ( -1.470278782242373286E-16, -0.5994896740026920412, -0.8003824902908271977 ) ) ;
#1386 = DIRECTION ( 'NONE',  ( 0.000000000000000000, -3.469446951953609258E-17, -1.000000000000000000 ) ) ;
#1387 = FACE_OUTER_BOUND ( 'NONE', #669, .T. ) ;
#1388 = VERTEX_POINT ( 'NONE', #1188 ) ;
#1389 = EDGE_CURVE ( 'NONE', #1054, #1302, #1269, .T. ) ;
#1390 = CARTESIAN_POINT ( 'NONE',  ( 5.799999999999999822, 2.569999999999999840, 5.275000000000000355 ) ) ;
#1391 = DIRECTION ( 'NONE',  ( 0.000000000000000000, -1.000000000000000000, 0.000000000000000000 ) ) ;
#1392 = ORIENTED_EDGE ( 'NONE', *, *, #627, .F. ) ;
#1393 = VERTEX_POINT ( 'NONE', #1521 ) ;
#1394 = CARTESIAN_POINT ( 'NONE',  ( 0.7937499999999999556, 0.000000000000000000, 15.87500000000000000 ) ) ;
#1395 = CARTESIAN_POINT ( 'NONE',  ( -1.180712595227941888E-15, 2.569999999999999840, -6.427500000000000213 ) ) ;
#1396 = DIRECTION ( 'NONE',  ( -1.000000000000000000, 0.000000000000000000, 0.000000000000000000 ) ) ;
#1397 = AXIS2_PLACEMENT_3D ( 'NONE', #954, #233, #473 ) ;
#1398 = DIRECTION ( 'NONE',  ( -1.000000000000000000, 0.000000000000000000, 0.000000000000000000 ) ) ;
#1399 = EDGE_LOOP ( 'NONE', ( #1047, #499, #132, #292 ) ) ;
#1400 = FACE_OUTER_BOUND ( 'NONE', #135, .T. ) ;
#1401 =( NAMED_UNIT ( * ) PLANE_ANGLE_UNIT ( ) SI_UNIT ( $, .RADIAN. ) );
#1402 = ORIENTED_EDGE ( 'NONE', *, *, #171, .F. ) ;
#1403 = AXIS2_PLACEMENT_3D ( 'NONE', #1359, #1007, #424 ) ;
#1404 = EDGE_CURVE ( 'NONE', #809, #472, #575, .T. ) ;
#1405 = ORIENTED_EDGE ( 'NONE', *, *, #183, .T. ) ;
#1406 = DIRECTION ( 'NONE',  ( 0.000000000000000000, 1.000000000000000000, 0.000000000000000000 ) ) ;
#1407 = DIRECTION ( 'NONE',  ( 0.000000000000000000, 1.000000000000000000, 0.000000000000000000 ) ) ;
#1408 = CARTESIAN_POINT ( 'NONE',  ( 2.899999999999999911, 2.100000000000000089, 10.55000000000000071 ) ) ;
#1409 = EDGE_LOOP ( 'NONE', ( #788, #1187 ) ) ;
#1410 = AXIS2_PLACEMENT_3D ( 'NONE', #674, #77, #560 ) ;
#1411 = ORIENTED_EDGE ( 'NONE', *, *, #91, .T. ) ;
#1412 = PLANE ( 'NONE',  #1080 ) ;
#1413 = APPLICATION_PROTOCOL_DEFINITION ( 'international standard', 'config_control_design', 1994, #1526 ) ;
#1414 = VERTEX_POINT ( 'NONE', #102 ) ;
#1415 = ORIENTED_EDGE ( 'NONE', *, *, #1464, .T. ) ;
#1416 = CARTESIAN_POINT ( 'NONE',  ( -5.500000000000000000, -0.6550000000000000266, 4.250000000000000000 ) ) ;
#1417 = DIRECTION ( 'NONE',  ( -1.000000000000000000, 0.000000000000000000, 0.000000000000000000 ) ) ;
#1418 = ORIENTED_EDGE ( 'NONE', *, *, #61, .T. ) ;
#1419 = ORIENTED_EDGE ( 'NONE', *, *, #1050, .F. ) ;
#1420 = CYLINDRICAL_SURFACE ( 'NONE', #1225, 0.7937499999999999556 ) ;
#1421 = DIRECTION ( 'NONE',  ( 1.000000000000000000, 0.000000000000000000, 0.000000000000000000 ) ) ;
#1422 = VERTEX_POINT ( 'NONE', #698 ) ;
#1423 = FACE_OUTER_BOUND ( 'NONE', #232, .T. ) ;
#1424 = DIRECTION ( 'NONE',  ( -0.7071067811865470176, 0.7071067811865480168, -8.659560562354926695E-17 ) ) ;
#1425 = VERTEX_POINT ( 'NONE', #1149 ) ;
#1426 = ADVANCED_FACE ( 'NONE', ( #312 ), #1136, .T. ) ;
#1427 = VERTEX_POINT ( 'NONE', #81 ) ;
#1428 = CIRCLE ( 'NONE', #771, 5.799999999999999822 ) ;
#1429 = LINE ( 'NONE', #1514, #137 ) ;
#1430 = CARTESIAN_POINT ( 'NONE',  ( -0.7937499999999999556, 2.100000000000000089, 15.87500000000000000 ) ) ;
#1431 = AXIS2_PLACEMENT_3D ( 'NONE', #1537, #1391, #801 ) ;
#1432 = VECTOR ( 'NONE', #1201, 1000.000000000000000 ) ;
#1433 = ORIENTED_EDGE ( 'NONE', *, *, #548, .F. ) ;
#1434 = LINE ( 'NONE', #126, #235 ) ;
#1435 = AXIS2_PLACEMENT_3D ( 'NONE', #766, #662, #1512 ) ;
#1436 = CARTESIAN_POINT ( 'NONE',  ( 5.500000000000000000, 0.000000000000000000, 0.000000000000000000 ) ) ;
#1437 = EDGE_LOOP ( 'NONE', ( #901, #941, #802, #227 ) ) ;
#1438 = AXIS2_PLACEMENT_3D ( 'NONE', #1005, #668, #653 ) ;
#1439 = ORIENTED_EDGE ( 'NONE', *, *, #404, .F. ) ;
#1440 = VECTOR ( 'NONE', #1194, 1000.000000000000000 ) ;
#1441 = PERSON_AND_ORGANIZATION ( #871, #1174 ) ;
#1442 = DIRECTION ( 'NONE',  ( 0.000000000000000000, -1.000000000000000000, 0.000000000000000000 ) ) ;
#1443 = ORIENTED_EDGE ( 'NONE', *, *, #259, .F. ) ;
#1444 = CARTESIAN_POINT ( 'NONE',  ( 0.000000000000000000, -2.759999999999999787, 0.000000000000000000 ) ) ;
#1445 = ORIENTED_EDGE ( 'NONE', *, *, #946, .F. ) ;
#1446 = CALENDAR_DATE ( 2026, 13, 8 ) ;
#1447 = ADVANCED_FACE ( 'NONE', ( #1387 ), #909, .T. ) ;
#1448 = CARTESIAN_POINT ( 'NONE',  ( -3.799999999999999822, 2.100000000000000089, 5.944158897606960146 ) ) ;
#1449 = ADVANCED_FACE ( 'NONE', ( #1260, #1028, #321, #192, #216 ), #1160, .T. ) ;
#1450 = EDGE_LOOP ( 'NONE', ( #124, #623, #327, #1132 ) ) ;
#1451 = EDGE_CURVE ( 'NONE', #1425, #178, #676, .T. ) ;
#1452 = LINE ( 'NONE', #1091, #1021 ) ;
#1453 = COORDINATED_UNIVERSAL_TIME_OFFSET ( 3, 0, .AHEAD. ) ;
#1454 = AXIS2_PLACEMENT_3D ( 'NONE', #203, #797, #93 ) ;
#1455 = LINE ( 'NONE', #526, #1175 ) ;
#1456 = VECTOR ( 'NONE', #267, 1000.000000000000000 ) ;
#1457 = EDGE_CURVE ( 'NONE', #491, #819, #155, .T. ) ;
#1458 = DIRECTION ( 'NONE',  ( 1.000000000000000000, 0.000000000000000000, 0.000000000000000000 ) ) ;
#1459 = AXIS2_PLACEMENT_3D ( 'NONE', #621, #1084, #629 ) ;
#1460 = CARTESIAN_POINT ( 'NONE',  ( 5.799999999999999822, 3.040000000000000036, 5.799999999999999822 ) ) ;
#1461 = DATE_AND_TIME ( #1446, #1243 ) ;
#1462 = CIRCLE ( 'NONE', #1232, 1.649999999999999911 ) ;
#1463 = FACE_OUTER_BOUND ( 'NONE', #590, .T. ) ;
#1464 = EDGE_CURVE ( 'NONE', #967, #1368, #200, .T. ) ;
#1465 = CARTESIAN_POINT ( 'NONE',  ( 3.799999999999999822, 2.100000000000000089, 10.19963607283460050 ) ) ;
#1466 = DIRECTION ( 'NONE',  ( 0.000000000000000000, -1.000000000000000000, 0.000000000000000000 ) ) ;
#1467 = AXIS2_PLACEMENT_3D ( 'NONE', #291, #1343, #1458 ) ;
#1468 = SECURITY_CLASSIFICATION_LEVEL ( 'unclassified' ) ;
#1469 = CC_DESIGN_DATE_AND_TIME_ASSIGNMENT ( #1206, #34, ( #237 ) ) ;
#1470 = DIRECTION ( 'NONE',  ( 0.000000000000000000, 1.000000000000000000, 0.000000000000000000 ) ) ;
#1471 = CARTESIAN_POINT ( 'NONE',  ( -3.799999999999999822, 3.040000000000000036, 5.799999999999999822 ) ) ;
#1472 = CARTESIAN_POINT ( 'NONE',  ( 3.799999999999999822, 2.100000000000000089, 10.55000000000000071 ) ) ;
#1473 = ADVANCED_FACE ( 'NONE', ( #1031 ), #1420, .F. ) ;
#1474 = CARTESIAN_POINT ( 'NONE',  ( 4.250000000000000000, 3.040000000000000036, 5.204748896376250699E-16 ) ) ;
#1475 = LOCAL_TIME ( 10, 49, 26.00000000000000000, #1199 ) ;
#1476 = LINE ( 'NONE', #528, #697 ) ;
#1477 = DIRECTION ( 'NONE',  ( -1.000000000000000000, 0.000000000000000000, 0.000000000000000000 ) ) ;
#1478 = EDGE_CURVE ( 'NONE', #965, #747, #951, .T. ) ;
#1479 = FACE_OUTER_BOUND ( 'NONE', #814, .T. ) ;
#1480 = VECTOR ( 'NONE', #1386, 1000.000000000000000 ) ;
#1481 = CIRCLE ( 'NONE', #414, 1.649999999999999911 ) ;
#1482 = DIRECTION ( 'NONE',  ( 1.000000000000000000, 0.000000000000000000, 0.000000000000000000 ) ) ;
#1483 = DIRECTION ( 'NONE',  ( 1.000000000000000000, 0.000000000000000000, 0.000000000000000000 ) ) ;
#1484 = CARTESIAN_POINT ( 'NONE',  ( -3.779999999999999805, -1.310000000000000053, 3.995197116538810711 ) ) ;
#1485 = EDGE_CURVE ( 'NONE', #379, #427, #572, .T. ) ;
#1486 = CARTESIAN_POINT ( 'NONE',  ( 5.799999999999999822, 2.100000000000000089, 10.19963607283460050 ) ) ;
#1487 = FACE_BOUND ( 'NONE', #208, .T. ) ;
#1488 = ORIENTED_EDGE ( 'NONE', *, *, #880, .F. ) ;
#1489 = CYLINDRICAL_SURFACE ( 'NONE', #1205, 0.7937499999999999556 ) ;
#1490 = ORIENTED_EDGE ( 'NONE', *, *, #1009, .F. ) ;
#1491 = EDGE_LOOP ( 'NONE', ( #186, #185, #94, #1061, #1310 ) ) ;
#1492 = DIRECTION ( 'NONE',  ( -1.000000000000000000, 0.000000000000000000, 0.000000000000000000 ) ) ;
#1493 = EDGE_CURVE ( 'NONE', #69, #452, #1429, .T. ) ;
#1494 = LINE ( 'NONE', #430, #288 ) ;
#1495 = CONICAL_SURFACE ( 'NONE', #654, 3.750000000000000000, 0.7853981633974490562 ) ;
#1496 = LOCAL_TIME ( 10, 49, 26.00000000000000000, #1222 ) ;
#1497 = DIRECTION ( 'NONE',  ( 0.000000000000000000, -1.000000000000000000, 0.000000000000000000 ) ) ;
#1498 = AXIS2_PLACEMENT_3D ( 'NONE', #655, #298, #772 ) ;
#1499 = EDGE_LOOP ( 'NONE', ( #83, #466 ) ) ;
#1500 = CIRCLE ( 'NONE', #1369, 0.7937499999999999556 ) ;
#1501 = CARTESIAN_POINT ( 'NONE',  ( 0.000000000000000000, 2.775557561562889872E-16, 8.500000000000000000 ) ) ;
#1502 = EDGE_LOOP ( 'NONE', ( #1392, #88, #1062, #1488 ) ) ;
#1503 = ORIENTED_EDGE ( 'NONE', *, *, #1478, .T. ) ;
#1504 = AXIS2_PLACEMENT_3D ( 'NONE', #149, #4, #749 ) ;
#1505 = DIRECTION ( 'NONE',  ( 1.000000000000000000, 0.000000000000000000, 0.000000000000000000 ) ) ;
#1506 = ADVANCED_BREP_SHAPE_REPRESENTATION ( 'servo horn', ( #866, #519 ), #924 ) ;
#1507 = PLANE ( 'NONE',  #28 ) ;
#1508 = EDGE_CURVE ( 'NONE', #478, #178, #334, .T. ) ;
#1509 = CARTESIAN_POINT ( 'NONE',  ( 0.000000000000000000, 0.000000000000000000, 19.05000000000000071 ) ) ;
#1510 = DIRECTION ( 'NONE',  ( -1.000000000000000000, 0.000000000000000000, 0.000000000000000000 ) ) ;
#1511 = ORIENTED_EDGE ( 'NONE', *, *, #970, .T. ) ;
#1512 = DIRECTION ( 'NONE',  ( 1.000000000000000000, 0.000000000000000000, 0.000000000000000000 ) ) ;
#1513 = ADVANCED_FACE ( 'NONE', ( #1294, #114 ), #593, .T. ) ;
#1514 = CARTESIAN_POINT ( 'NONE',  ( 3.799999999999999822, 3.040000000000000036, 0.000000000000000000 ) ) ;
#1515 = VERTEX_POINT ( 'NONE', #840 ) ;
#1516 = VECTOR ( 'NONE', #51, 1000.000000000000000 ) ;
#1517 = EDGE_LOOP ( 'NONE', ( #1299, #118 ) ) ;
#1518 = CARTESIAN_POINT ( 'NONE',  ( -3.800000000000002487, 2.641113904529378775, 5.086704220280956257 ) ) ;
#1519 = CARTESIAN_POINT ( 'NONE',  ( 3.799999999999999822, 3.040000000000000036, 4.381780460041329484 ) ) ;
#1520 = LINE ( 'NONE', #1147, #245 ) ;
#1521 = CARTESIAN_POINT ( 'NONE',  ( -1.180712595227941888E-15, 3.040000000000000036, -5.799999999999999822 ) ) ;
#1522 = VERTEX_POINT ( 'NONE', #1304 ) ;
#1523 = ADVANCED_FACE ( 'NONE', ( #1185 ), #912, .T. ) ;
#1524 = DIRECTION ( 'NONE',  ( -0.9927405412883896219, 0.000000000000000000, 0.1202755905511809636 ) ) ;
#1525 = CARTESIAN_POINT ( 'NONE',  ( 0.000000000000000000, 0.000000000000000000, 0.000000000000000000 ) ) ;
#1526 = APPLICATION_CONTEXT ( 'configuration controlled 3d designs of mechanical parts and assemblies' ) ;
#1527 = ORIENTED_EDGE ( 'NONE', *, *, #1251, .T. ) ;
#1528 = ORIENTED_EDGE ( 'NONE', *, *, #30, .F. ) ;
#1529 = ORIENTED_EDGE ( 'NONE', *, *, #73, .T. ) ;
#1530 = CYLINDRICAL_SURFACE ( 'NONE', #873, 1.649999999999999911 ) ;
#1531 = DIRECTION ( 'NONE',  ( -1.000000000000000000, 0.000000000000000000, 0.000000000000000000 ) ) ;
#1532 = CARTESIAN_POINT ( 'NONE',  ( 0.000000000000000000, 0.000000000000000000, 25.39999999999999858 ) ) ;
#1533 = VECTOR ( 'NONE', #787, 999.9999999999998863 ) ;
#1534 = ORIENTED_EDGE ( 'NONE', *, *, #1216, .F. ) ;
#1535 = EDGE_LOOP ( 'NONE', ( #689, #1070, #1284, #973 ) ) ;
#1536 = LINE ( 'NONE', #467, #773 ) ;
#1537 = CARTESIAN_POINT ( 'NONE',  ( 0.000000000000000000, 1.050000000000000044, 0.000000000000000000 ) ) ;
#1538 = ADVANCED_FACE ( 'NONE', ( #1164 ), #105, .T. ) ;
#1539 = VERTEX_POINT ( 'NONE', #1273 ) ;
#1540 = ORIENTED_EDGE ( 'NONE', *, *, #963, .F. ) ;
#1541 = DIRECTION ( 'NONE',  ( 0.000000000000000000, 1.000000000000000000, 0.000000000000000000 ) ) ;
#1542 = PRODUCT_DEFINITION_SHAPE ( 'NONE', 'NONE',  #1071 ) ;
#1543 = AXIS2_PLACEMENT_3D ( 'NONE', #44, #1466, #594 ) ;
ENDSEC;
END-ISO-10303-21;
